Godot Engine v4.6.3.stable.mono.official.7d41c59c4 - https://godotengine.org

WwiseGodot: (LOG) Sound engine initialized successfully.
WwiseGodot: (LOG) WwiseGodot: Wwise(R) SDK v2025.1.9 Build 9197.
[AUDIO  ] wwise_spike=started  playing_id=1
[AUDIO  ] wwise_spike=running  duration_seconds=900.0  evidence=C:\Users\Tim\Development\Godot\rhythm-game-prototype\spikes\wwise\evidence\editor/wwise-timing-2026-08-20T14-07-54
[TIMING ] wwise_callback=sync_point  position_beats=0.011  error_ms=5.000
[TIMING ] wwise_callback=sync_point  position_beats=0.011  error_ms=5.000
[TIMING ] wwise_callback=entry  position_beats=0.011  error_ms=5.000
[TIMING ] wwise_callback=bar  position_beats=0.011  error_ms=5.000
[TIMING ] wwise_callback=beat  position_beats=0.011  error_ms=5.000
[TIMING ] wwise_callback=grid  position_beats=0.011  error_ms=5.000
[TIMING ] wwise_callback=beat  position_beats=0.971  error_ms=0.000
[TIMING ] wwise_callback=grid  position_beats=0.971  error_ms=0.000
[TIMING ] wwise_callback=beat  position_beats=2.000  error_ms=6.000
[TIMING ] wwise_callback=grid  position_beats=2.000  error_ms=6.000
[TIMING ] wwise_callback=beat  position_beats=2.957  error_ms=0.000
[TIMING ] wwise_callback=grid  position_beats=2.957  error_ms=0.000
[TIMING ] wwise_callback=bar  position_beats=3.989  error_ms=6.000
[TIMING ] wwise_callback=beat  position_beats=3.989  error_ms=6.000
[TIMING ] wwise_callback=grid  position_beats=3.989  error_ms=6.000
[TIMING ] wwise_callback=beat  position_beats=5.003  error_ms=5.000
[TIMING ] wwise_callback=grid  position_beats=5.003  error_ms=5.000
[TIMING ] wwise_callback=beat  position_beats=5.971  error_ms=4.000
[TIMING ] wwise_callback=grid  position_beats=5.971  error_ms=4.000
[TIMING ] wwise_callback=beat  position_beats=6.983  error_ms=2.000
[TIMING ] wwise_callback=grid  position_beats=6.983  error_ms=2.000
[TIMING ] wwise_callback=bar  position_beats=8.008  error_ms=5.000
[TIMING ] wwise_callback=beat  position_beats=8.008  error_ms=5.000
[TIMING ] wwise_callback=grid  position_beats=8.008  error_ms=5.000
[TIMING ] wwise_callback=beat  position_beats=9.054  error_ms=40.000
[TIMING ] wwise_callback=grid  position_beats=9.054  error_ms=40.000
[TIMING ] wwise_callback=beat  position_beats=9.999  error_ms=7.000
[TIMING ] wwise_callback=grid  position_beats=9.999  error_ms=7.000
[TIMING ] wwise_callback=beat  position_beats=10.970  error_ms=7.000
[TIMING ] wwise_callback=grid  position_beats=10.970  error_ms=7.000
[TIMING ] wwise_callback=bar  position_beats=11.982  error_ms=5.000
[TIMING ] wwise_callback=beat  position_beats=11.982  error_ms=5.000
[TIMING ] wwise_callback=grid  position_beats=11.982  error_ms=5.000
[TIMING ] wwise_callback=beat  position_beats=12.998  error_ms=4.000
[TIMING ] wwise_callback=grid  position_beats=12.998  error_ms=4.000
[TIMING ] wwise_callback=beat  position_beats=13.966  error_ms=3.000
[TIMING ] wwise_callback=grid  position_beats=13.966  error_ms=3.000
[TIMING ] wwise_callback=beat  position_beats=14.980  error_ms=2.000
[TIMING ] wwise_callback=grid  position_beats=14.980  error_ms=2.000
[TIMING ] wwise_callback=bar  position_beats=15.994  error_ms=1.000
[TIMING ] wwise_callback=beat  position_beats=15.994  error_ms=1.000
[TIMING ] wwise_callback=grid  position_beats=15.994  error_ms=1.000
[AUDIO  ] arrangement=layer  enabled=true  requested_at=16.009
[TIMING ] wwise_callback=beat  position_beats=16.967  error_ms=0.000
[TIMING ] wwise_callback=grid  position_beats=16.967  error_ms=0.000
[TIMING ] wwise_callback=beat  position_beats=17.985  error_ms=2.000
[TIMING ] wwise_callback=grid  position_beats=17.985  error_ms=2.000
[TIMING ] wwise_callback=beat  position_beats=18.999  error_ms=1.000
[TIMING ] wwise_callback=grid  position_beats=18.999  error_ms=1.000
[TIMING ] wwise_callback=bar  position_beats=19.968  error_ms=0.000
[TIMING ] wwise_callback=beat  position_beats=19.968  error_ms=0.000
[TIMING ] wwise_callback=grid  position_beats=19.968  error_ms=0.000
[TIMING ] wwise_callback=beat  position_beats=20.997  error_ms=6.000
[TIMING ] wwise_callback=grid  position_beats=20.997  error_ms=6.000
[TIMING ] wwise_callback=beat  position_beats=21.963  error_ms=4.000
[TIMING ] wwise_callback=grid  position_beats=21.963  error_ms=4.000
[TIMING ] wwise_callback=beat  position_beats=22.980  error_ms=3.000
[TIMING ] wwise_callback=grid  position_beats=22.980  error_ms=3.000
[TIMING ] wwise_callback=bar  position_beats=23.996  error_ms=3.000
[TIMING ] wwise_callback=beat  position_beats=23.996  error_ms=3.000
[TIMING ] wwise_callback=grid  position_beats=23.996  error_ms=3.000
[TIMING ] wwise_callback=beat  position_beats=24.966  error_ms=1.000
[TIMING ] wwise_callback=grid  position_beats=24.966  error_ms=1.000
[TIMING ] wwise_callback=beat  position_beats=25.982  error_ms=0.000
[TIMING ] wwise_callback=grid  position_beats=25.982  error_ms=0.000
[TIMING ] wwise_callback=beat  position_beats=27.001  error_ms=3.000
[TIMING ] wwise_callback=grid  position_beats=27.001  error_ms=3.000
[TIMING ] wwise_callback=bar  position_beats=27.967  error_ms=1.000
[TIMING ] wwise_callback=beat  position_beats=27.967  error_ms=1.000
[TIMING ] wwise_callback=grid  position_beats=27.967  error_ms=1.000
[TIMING ] wwise_callback=beat  position_beats=28.981  error_ms=0.000
[TIMING ] wwise_callback=grid  position_beats=28.981  error_ms=0.000
[TIMING ] wwise_callback=beat  position_beats=29.997  error_ms=0.000
[TIMING ] wwise_callback=grid  position_beats=29.997  error_ms=0.000
[TIMING ] wwise_callback=beat  position_beats=30.979  error_ms=5.000
[TIMING ] wwise_callback=grid  position_beats=30.979  error_ms=5.000
[AUDIO  ] arrangement=transition  section=alternate  requested_at=32.010
[TIMING ] wwise_segment=wrapped  segment_ms=14769.000  elapsed_ms=14769.000
[TIMING ] wwise_callback=beat  position_beats=32.961  error_ms=3.000
[TIMING ] wwise_callback=grid  position_beats=32.961  error_ms=3.000
[TIMING ] wwise_callback=beat  position_beats=33.980  error_ms=2.000
[TIMING ] wwise_callback=grid  position_beats=33.980  error_ms=2.000
[TIMING ] wwise_callback=beat  position_beats=34.996  error_ms=1.000
[TIMING ] wwise_callback=grid  position_beats=34.996  error_ms=1.000
[TIMING ] wwise_callback=bar  position_beats=35.969  error_ms=4.000
[TIMING ] wwise_callback=beat  position_beats=35.969  error_ms=4.000
[TIMING ] wwise_callback=grid  position_beats=35.969  error_ms=4.000
[TIMING ] wwise_callback=beat  position_beats=36.983  error_ms=3.000
[TIMING ] wwise_callback=grid  position_beats=36.983  error_ms=3.000
[TIMING ] wwise_callback=beat  position_beats=37.999  error_ms=2.000
[TIMING ] wwise_callback=grid  position_beats=37.999  error_ms=2.000
[TIMING ] wwise_callback=beat  position_beats=38.967  error_ms=1.000
[TIMING ] wwise_callback=grid  position_beats=38.967  error_ms=1.000
[TIMING ] wwise_callback=bar  position_beats=39.981  error_ms=0.000
[TIMING ] wwise_callback=beat  position_beats=39.981  error_ms=0.000
[TIMING ] wwise_callback=grid  position_beats=39.981  error_ms=0.000
[TIMING ] wwise_callback=beat  position_beats=41.010  error_ms=6.000
[TIMING ] wwise_callback=grid  position_beats=41.010  error_ms=6.000
[TIMING ] wwise_callback=beat  position_beats=41.977  error_ms=4.000
[TIMING ] wwise_callback=grid  position_beats=41.977  error_ms=4.000
[TIMING ] wwise_callback=beat  position_beats=42.997  error_ms=2.000
[TIMING ] wwise_callback=grid  position_beats=42.997  error_ms=2.000
[TIMING ] wwise_callback=bar  position_beats=43.968  error_ms=5.000
[TIMING ] wwise_callback=beat  position_beats=43.968  error_ms=5.000
[TIMING ] wwise_callback=grid  position_beats=43.968  error_ms=5.000
[TIMING ] wwise_callback=beat  position_beats=44.982  error_ms=4.000
[TIMING ] wwise_callback=grid  position_beats=44.982  error_ms=4.000
[TIMING ] wwise_callback=beat  position_beats=45.998  error_ms=4.000
[TIMING ] wwise_callback=grid  position_beats=45.998  error_ms=4.000
[TIMING ] wwise_callback=beat  position_beats=46.964  error_ms=2.000
[TIMING ] wwise_callback=grid  position_beats=46.964  error_ms=2.000
[TIMING ] wwise_callback=bar  position_beats=47.981  error_ms=1.000
[TIMING ] wwise_callback=beat  position_beats=47.981  error_ms=1.000
[TIMING ] wwise_callback=grid  position_beats=47.981  error_ms=1.000
[AUDIO  ] arrangement=layer  enabled=false  requested_at=48.011
[TIMING ] wwise_callback=beat  position_beats=48.994  error_ms=0.000
[TIMING ] wwise_callback=grid  position_beats=48.994  error_ms=0.000
[TIMING ] wwise_callback=beat  position_beats=49.978  error_ms=6.000
[TIMING ] wwise_callback=grid  position_beats=49.978  error_ms=6.000
[TIMING ] wwise_callback=beat  position_beats=50.992  error_ms=5.000
[TIMING ] wwise_callback=grid  position_beats=50.992  error_ms=5.000
[TIMING ] wwise_callback=bar  position_beats=52.010  error_ms=4.000
[TIMING ] wwise_callback=beat  position_beats=52.010  error_ms=4.000
[TIMING ] wwise_callback=grid  position_beats=52.010  error_ms=4.000
[TIMING ] wwise_callback=beat  position_beats=52.983  error_ms=6.000
[TIMING ] wwise_callback=grid  position_beats=52.983  error_ms=6.000
[TIMING ] wwise_callback=beat  position_beats=53.997  error_ms=5.000
[TIMING ] wwise_callback=grid  position_beats=53.997  error_ms=5.000
[TIMING ] wwise_callback=beat  position_beats=54.966  error_ms=4.000
[TIMING ] wwise_callback=grid  position_beats=54.966  error_ms=4.000
[TIMING ] wwise_callback=bar  position_beats=55.980  error_ms=3.000
[TIMING ] wwise_callback=beat  position_beats=55.980  error_ms=3.000
[TIMING ] wwise_callback=grid  position_beats=55.980  error_ms=3.000
[TIMING ] wwise_callback=beat  position_beats=56.996  error_ms=2.000
[TIMING ] wwise_callback=grid  position_beats=56.996  error_ms=2.000
[TIMING ] wwise_callback=beat  position_beats=57.962  error_ms=0.000
[TIMING ] wwise_callback=grid  position_beats=57.962  error_ms=0.000
[TIMING ] wwise_callback=beat  position_beats=58.978  error_ms=0.000
[TIMING ] wwise_callback=grid  position_beats=58.978  error_ms=0.000
[TIMING ] wwise_callback=bar  position_beats=60.005  error_ms=5.000
[TIMING ] wwise_callback=beat  position_beats=60.005  error_ms=5.000
[TIMING ] wwise_callback=grid  position_beats=60.005  error_ms=5.000
[TIMING ] wwise_callback=beat  position_beats=60.978  error_ms=6.000
[TIMING ] wwise_callback=grid  position_beats=60.978  error_ms=6.000
[TIMING ] wwise_callback=beat  position_beats=61.994  error_ms=5.000
[TIMING ] wwise_callback=grid  position_beats=61.994  error_ms=5.000
[TIMING ] wwise_callback=beat  position_beats=62.963  error_ms=4.000
[TIMING ] wwise_callback=grid  position_beats=62.963  error_ms=4.000
[AUDIO  ] arrangement=transition  section=loop  requested_at=64.009
[TIMING ] wwise_segment=wrapped  segment_ms=14769.000  elapsed_ms=29538.000
[TIMING ] wwise_callback=beat  position_beats=64.991  error_ms=2.000
[TIMING ] wwise_callback=grid  position_beats=64.991  error_ms=2.000
[TIMING ] wwise_callback=beat  position_beats=65.959  error_ms=1.000
[TIMING ] wwise_callback=grid  position_beats=65.959  error_ms=1.000
[TIMING ] wwise_callback=beat  position_beats=66.976  error_ms=0.000
[TIMING ] wwise_callback=grid  position_beats=66.976  error_ms=0.000
[TIMING ] wwise_callback=bar  position_beats=68.005  error_ms=6.000
[TIMING ] wwise_callback=beat  position_beats=68.005  error_ms=6.000
[TIMING ] wwise_callback=grid  position_beats=68.005  error_ms=6.000
[TIMING ] wwise_callback=beat  position_beats=68.978  error_ms=5.000
[TIMING ] wwise_callback=grid  position_beats=68.978  error_ms=5.000
[TIMING ] wwise_callback=beat  position_beats=69.979  error_ms=0.000
[TIMING ] wwise_callback=grid  position_beats=69.979  error_ms=0.000
[TIMING ] wwise_callback=beat  position_beats=71.010  error_ms=6.000
[TIMING ] wwise_callback=grid  position_beats=71.010  error_ms=6.000
[TIMING ] wwise_callback=bar  position_beats=71.978  error_ms=5.000
[TIMING ] wwise_callback=beat  position_beats=71.978  error_ms=5.000
[TIMING ] wwise_callback=grid  position_beats=71.978  error_ms=5.000
[TIMING ] wwise_callback=beat  position_beats=72.992  error_ms=4.000
[TIMING ] wwise_callback=grid  position_beats=72.992  error_ms=4.000
[TIMING ] wwise_callback=beat  position_beats=73.959  error_ms=2.000
[TIMING ] wwise_callback=grid  position_beats=73.959  error_ms=2.000
[TIMING ] wwise_callback=beat  position_beats=74.975  error_ms=2.000
[TIMING ] wwise_callback=grid  position_beats=74.975  error_ms=2.000
[TIMING ] wwise_callback=bar  position_beats=75.991  error_ms=1.000
[TIMING ] wwise_callback=beat  position_beats=75.991  error_ms=1.000
[TIMING ] wwise_callback=grid  position_beats=75.991  error_ms=1.000
[TIMING ] wwise_callback=beat  position_beats=76.975  error_ms=6.000
[TIMING ] wwise_callback=grid  position_beats=76.975  error_ms=6.000
[TIMING ] wwise_callback=beat  position_beats=77.993  error_ms=5.000
[TIMING ] wwise_callback=grid  position_beats=77.993  error_ms=5.000
[TIMING ] wwise_callback=beat  position_beats=78.994  error_ms=1.000
[TIMING ] wwise_callback=grid  position_beats=78.994  error_ms=1.000
[TIMING ] wwise_callback=bar  position_beats=79.975  error_ms=6.000
[TIMING ] wwise_callback=beat  position_beats=79.975  error_ms=6.000
[TIMING ] wwise_callback=grid  position_beats=79.975  error_ms=6.000
[AUDIO  ] arrangement=layer  enabled=true  requested_at=80.010
[TIMING ] wwise_callback=beat  position_beats=80.992  error_ms=5.000
[TIMING ] wwise_callback=grid  position_beats=80.992  error_ms=5.000
[TIMING ] wwise_callback=beat  position_beats=82.008  error_ms=5.000
[TIMING ] wwise_callback=grid  position_beats=82.008  error_ms=5.000
[TIMING ] wwise_callback=beat  position_beats=82.974  error_ms=3.000
[TIMING ] wwise_callback=grid  position_beats=82.974  error_ms=3.000
[TIMING ] wwise_callback=bar  position_beats=83.988  error_ms=2.000
[TIMING ] wwise_callback=beat  position_beats=83.988  error_ms=2.000
[TIMING ] wwise_callback=grid  position_beats=83.988  error_ms=2.000
[TIMING ] wwise_callback=beat  position_beats=84.957  error_ms=1.000
[TIMING ] wwise_callback=grid  position_beats=84.957  error_ms=1.000
[TIMING ] wwise_callback=beat  position_beats=85.975  error_ms=0.000
[TIMING ] wwise_callback=grid  position_beats=85.975  error_ms=0.000
[TIMING ] wwise_callback=beat  position_beats=87.006  error_ms=6.000
[TIMING ] wwise_callback=grid  position_beats=87.006  error_ms=6.000
[TIMING ] wwise_callback=bar  position_beats=87.962  error_ms=1.000
[TIMING ] wwise_callback=beat  position_beats=87.962  error_ms=1.000
[TIMING ] wwise_callback=grid  position_beats=87.962  error_ms=1.000
[TIMING ] wwise_callback=beat  position_beats=88.976  error_ms=0.000
[TIMING ] wwise_callback=grid  position_beats=88.976  error_ms=0.000
[TIMING ] wwise_callback=beat  position_beats=90.007  error_ms=6.000
[TIMING ] wwise_callback=grid  position_beats=90.007  error_ms=6.000
[TIMING ] wwise_callback=beat  position_beats=90.973  error_ms=4.000
[TIMING ] wwise_callback=grid  position_beats=90.973  error_ms=4.000
[TIMING ] wwise_callback=bar  position_beats=91.990  error_ms=4.000
[TIMING ] wwise_callback=beat  position_beats=91.990  error_ms=4.000
[TIMING ] wwise_callback=grid  position_beats=91.990  error_ms=4.000
[TIMING ] wwise_callback=beat  position_beats=93.004  error_ms=3.000
[TIMING ] wwise_callback=grid  position_beats=93.004  error_ms=3.000
[TIMING ] wwise_callback=beat  position_beats=93.972  error_ms=2.000
[TIMING ] wwise_callback=grid  position_beats=93.972  error_ms=2.000
[TIMING ] wwise_callback=beat  position_beats=94.990  error_ms=1.000
[TIMING ] wwise_callback=grid  position_beats=94.990  error_ms=1.000
[AUDIO  ] arrangement=transition  section=alternate  requested_at=96.007
[TIMING ] wwise_segment=wrapped  segment_ms=14769.000  elapsed_ms=44307.000
[TIMING ] wwise_callback=beat  position_beats=96.977  error_ms=2.000
[TIMING ] wwise_callback=grid  position_beats=96.977  error_ms=2.000
[TIMING ] wwise_callback=beat  position_beats=97.991  error_ms=1.000
[TIMING ] wwise_callback=grid  position_beats=97.991  error_ms=1.000
[TIMING ] wwise_callback=beat  position_beats=98.973  error_ms=6.000
[TIMING ] wwise_callback=grid  position_beats=98.973  error_ms=6.000
[TIMING ] wwise_callback=bar  position_beats=99.987  error_ms=5.000
[TIMING ] wwise_callback=beat  position_beats=99.987  error_ms=5.000
[TIMING ] wwise_callback=grid  position_beats=99.987  error_ms=5.000
[TIMING ] wwise_callback=beat  position_beats=101.005  error_ms=5.000
[TIMING ] wwise_callback=grid  position_beats=101.005  error_ms=5.000
[TIMING ] wwise_callback=beat  position_beats=101.971  error_ms=3.000
[TIMING ] wwise_callback=grid  position_beats=101.971  error_ms=3.000
[TIMING ] wwise_callback=beat  position_beats=102.985  error_ms=2.000
[TIMING ] wwise_callback=grid  position_beats=102.985  error_ms=2.000
[TIMING ] wwise_callback=bar  position_beats=104.006  error_ms=1.000
[TIMING ] wwise_callback=beat  position_beats=104.006  error_ms=1.000
[TIMING ] wwise_callback=grid  position_beats=104.006  error_ms=1.000
[TIMING ] wwise_callback=beat  position_beats=104.974  error_ms=3.000
[TIMING ] wwise_callback=grid  position_beats=104.974  error_ms=3.000
[TIMING ] wwise_callback=beat  position_beats=105.990  error_ms=2.000
[TIMING ] wwise_callback=grid  position_beats=105.990  error_ms=2.000
[TIMING ] wwise_callback=beat  position_beats=106.959  error_ms=1.000
[TIMING ] wwise_callback=grid  position_beats=106.959  error_ms=1.000
[TIMING ] wwise_callback=bar  position_beats=107.973  error_ms=0.000
[TIMING ] wwise_callback=beat  position_beats=107.973  error_ms=0.000
[TIMING ] wwise_callback=grid  position_beats=107.973  error_ms=0.000
[TIMING ] wwise_callback=beat  position_beats=109.002  error_ms=6.000
[TIMING ] wwise_callback=grid  position_beats=109.002  error_ms=6.000
[TIMING ] wwise_callback=beat  position_beats=109.971  error_ms=5.000
[TIMING ] wwise_callback=grid  position_beats=109.971  error_ms=5.000
[TIMING ] wwise_callback=beat  position_beats=110.987  error_ms=4.000
[TIMING ] wwise_callback=grid  position_beats=110.987  error_ms=4.000
[AUDIO  ] arrangement=layer  enabled=false  requested_at=112.001
[TIMING ] wwise_callback=bar  position_beats=112.001  error_ms=3.000
[TIMING ] wwise_callback=beat  position_beats=112.001  error_ms=3.000
[TIMING ] wwise_callback=grid  position_beats=112.001  error_ms=3.000
[TIMING ] wwise_callback=beat  position_beats=112.976  error_ms=5.000
[TIMING ] wwise_callback=grid  position_beats=112.976  error_ms=5.000
[TIMING ] wwise_callback=beat  position_beats=113.990  error_ms=4.000
[TIMING ] wwise_callback=grid  position_beats=113.990  error_ms=4.000
[TIMING ] wwise_callback=beat  position_beats=114.956  error_ms=2.000
[TIMING ] wwise_callback=grid  position_beats=114.956  error_ms=2.000
[TIMING ] wwise_callback=bar  position_beats=115.974  error_ms=2.000
[TIMING ] wwise_callback=beat  position_beats=115.974  error_ms=2.000
[TIMING ] wwise_callback=grid  position_beats=115.974  error_ms=2.000
[TIMING ] wwise_callback=beat  position_beats=116.988  error_ms=1.000
[TIMING ] wwise_callback=grid  position_beats=116.988  error_ms=1.000
[TIMING ] wwise_callback=beat  position_beats=117.970  error_ms=6.000
[TIMING ] wwise_callback=grid  position_beats=117.970  error_ms=6.000
[TIMING ] wwise_callback=beat  position_beats=118.984  error_ms=5.000
[TIMING ] wwise_callback=grid  position_beats=118.984  error_ms=5.000
[TIMING ] wwise_callback=bar  position_beats=120.002  error_ms=5.000
[TIMING ] wwise_callback=beat  position_beats=120.002  error_ms=5.000
[TIMING ] wwise_callback=grid  position_beats=120.002  error_ms=5.000
[TIMING ] wwise_callback=beat  position_beats=120.971  error_ms=3.000
[TIMING ] wwise_callback=grid  position_beats=120.971  error_ms=3.000
[TIMING ] wwise_callback=beat  position_beats=121.989  error_ms=5.000
[TIMING ] wwise_callback=grid  position_beats=121.989  error_ms=5.000
[TIMING ] wwise_callback=beat  position_beats=123.005  error_ms=5.000
[TIMING ] wwise_callback=grid  position_beats=123.005  error_ms=5.000
[TIMING ] wwise_callback=bar  position_beats=123.971  error_ms=3.000
[TIMING ] wwise_callback=beat  position_beats=123.971  error_ms=3.000
[TIMING ] wwise_callback=grid  position_beats=123.971  error_ms=3.000
[TIMING ] wwise_callback=beat  position_beats=124.983  error_ms=0.000
[TIMING ] wwise_callback=grid  position_beats=124.983  error_ms=0.000
[TIMING ] wwise_callback=beat  position_beats=125.960  error_ms=3.000
[TIMING ] wwise_callback=grid  position_beats=125.960  error_ms=3.000
[TIMING ] wwise_callback=beat  position_beats=126.974  error_ms=2.000
[TIMING ] wwise_callback=grid  position_beats=126.974  error_ms=2.000
[AUDIO  ] arrangement=transition  section=loop  requested_at=128.004
[TIMING ] wwise_segment=wrapped  segment_ms=14769.000  elapsed_ms=59076.000
[TIMING ] wwise_callback=beat  position_beats=128.963  error_ms=0.000
[TIMING ] wwise_callback=grid  position_beats=128.963  error_ms=0.000
[TIMING ] wwise_callback=beat  position_beats=129.990  error_ms=6.000
[TIMING ] wwise_callback=grid  position_beats=129.990  error_ms=6.000
[TIMING ] wwise_callback=beat  position_beats=130.994  error_ms=1.000
[TIMING ] wwise_callback=grid  position_beats=130.994  error_ms=1.000
[TIMING ] wwise_callback=bar  position_beats=131.962  error_ms=0.000
[TIMING ] wwise_callback=beat  position_beats=131.962  error_ms=0.000
[TIMING ] wwise_callback=grid  position_beats=131.962  error_ms=0.000
[TIMING ] wwise_callback=beat  position_beats=132.991  error_ms=6.000
[TIMING ] wwise_callback=grid  position_beats=132.991  error_ms=6.000
[TIMING ] wwise_callback=beat  position_beats=134.005  error_ms=5.000
[TIMING ] wwise_callback=grid  position_beats=134.005  error_ms=5.000
[TIMING ] wwise_callback=beat  position_beats=134.974  error_ms=4.000
[TIMING ] wwise_callback=grid  position_beats=134.974  error_ms=4.000
[TIMING ] wwise_callback=bar  position_beats=135.990  error_ms=3.000
[TIMING ] wwise_callback=beat  position_beats=135.990  error_ms=3.000
[TIMING ] wwise_callback=grid  position_beats=135.990  error_ms=3.000
[TIMING ] wwise_callback=beat  position_beats=136.958  error_ms=2.000
[TIMING ] wwise_callback=grid  position_beats=136.958  error_ms=2.000
[TIMING ] wwise_callback=beat  position_beats=137.977  error_ms=1.000
[TIMING ] wwise_callback=grid  position_beats=137.977  error_ms=1.000
[TIMING ] wwise_callback=beat  position_beats=138.995  error_ms=1.000
[TIMING ] wwise_callback=grid  position_beats=138.995  error_ms=1.000
[TIMING ] wwise_callback=bar  position_beats=139.964  error_ms=3.000
[TIMING ] wwise_callback=beat  position_beats=139.964  error_ms=3.000
[TIMING ] wwise_callback=grid  position_beats=139.964  error_ms=3.000
[TIMING ] wwise_callback=beat  position_beats=140.980  error_ms=2.000
[TIMING ] wwise_callback=grid  position_beats=140.980  error_ms=2.000
[TIMING ] wwise_callback=beat  position_beats=141.994  error_ms=1.000
[TIMING ] wwise_callback=grid  position_beats=141.994  error_ms=1.000
[TIMING ] wwise_callback=beat  position_beats=142.962  error_ms=0.000
[TIMING ] wwise_callback=grid  position_beats=142.962  error_ms=0.000
[TIMING ] wwise_callback=bar  position_beats=143.991  error_ms=6.000
[TIMING ] wwise_callback=beat  position_beats=143.991  error_ms=6.000
[TIMING ] wwise_callback=grid  position_beats=143.991  error_ms=6.000
[AUDIO  ] arrangement=layer  enabled=true  requested_at=144.007
[TIMING ] wwise_callback=beat  position_beats=145.007  error_ms=5.000
[TIMING ] wwise_callback=grid  position_beats=145.007  error_ms=5.000
[TIMING ] wwise_callback=beat  position_beats=145.976  error_ms=4.000
[TIMING ] wwise_callback=grid  position_beats=145.976  error_ms=4.000
[TIMING ] wwise_callback=beat  position_beats=146.994  error_ms=3.000
[TIMING ] wwise_callback=grid  position_beats=146.994  error_ms=3.000
[TIMING ] wwise_callback=bar  position_beats=147.965  error_ms=5.000
[TIMING ] wwise_callback=beat  position_beats=147.965  error_ms=5.000
[TIMING ] wwise_callback=grid  position_beats=147.965  error_ms=5.000
[TIMING ] wwise_callback=beat  position_beats=148.979  error_ms=4.000
[TIMING ] wwise_callback=grid  position_beats=148.979  error_ms=4.000
[TIMING ] wwise_callback=beat  position_beats=149.995  error_ms=3.000
[TIMING ] wwise_callback=grid  position_beats=149.995  error_ms=3.000
[TIMING ] wwise_callback=beat  position_beats=150.964  error_ms=2.000
[TIMING ] wwise_callback=grid  position_beats=150.964  error_ms=2.000
[TIMING ] wwise_callback=bar  position_beats=151.978  error_ms=1.000
[TIMING ] wwise_callback=beat  position_beats=151.978  error_ms=1.000
[TIMING ] wwise_callback=grid  position_beats=151.978  error_ms=1.000
[TIMING ] wwise_callback=beat  position_beats=152.992  error_ms=0.000
[TIMING ] wwise_callback=grid  position_beats=152.992  error_ms=0.000
[TIMING ] wwise_callback=beat  position_beats=153.973  error_ms=5.000
[TIMING ] wwise_callback=grid  position_beats=153.973  error_ms=5.000
[TIMING ] wwise_callback=beat  position_beats=154.983  error_ms=1.000
[TIMING ] wwise_callback=grid  position_beats=154.983  error_ms=1.000
[TIMING ] wwise_callback=bar  position_beats=156.001  error_ms=0.000
[TIMING ] wwise_callback=beat  position_beats=156.001  error_ms=0.000
[TIMING ] wwise_callback=grid  position_beats=156.001  error_ms=0.000
[TIMING ] wwise_callback=beat  position_beats=156.972  error_ms=2.000
[TIMING ] wwise_callback=grid  position_beats=156.972  error_ms=2.000
[TIMING ] wwise_callback=beat  position_beats=157.986  error_ms=1.000
[TIMING ] wwise_callback=grid  position_beats=157.986  error_ms=1.000
[TIMING ] wwise_callback=beat  position_beats=158.967  error_ms=6.000
[TIMING ] wwise_callback=grid  position_beats=158.967  error_ms=6.000
[AUDIO  ] arrangement=transition  section=alternate  requested_at=160.001
[TIMING ] wwise_segment=wrapped  segment_ms=14769.000  elapsed_ms=73845.000
[TIMING ] wwise_callback=beat  position_beats=161.000  error_ms=5.000
[TIMING ] wwise_callback=grid  position_beats=161.000  error_ms=5.000
[TIMING ] wwise_callback=beat  position_beats=161.998  error_ms=18.000
[TIMING ] wwise_callback=grid  position_beats=161.998  error_ms=18.000
[TIMING ] wwise_callback=beat  position_beats=162.982  error_ms=3.000
[TIMING ] wwise_callback=grid  position_beats=162.982  error_ms=3.000
[TIMING ] wwise_callback=bar  position_beats=164.000  error_ms=3.000
[TIMING ] wwise_callback=beat  position_beats=164.000  error_ms=3.000
[TIMING ] wwise_callback=grid  position_beats=164.000  error_ms=3.000
[TIMING ] wwise_callback=beat  position_beats=164.973  error_ms=4.000
[TIMING ] wwise_callback=grid  position_beats=164.973  error_ms=4.000
[TIMING ] wwise_callback=beat  position_beats=165.987  error_ms=3.000
[TIMING ] wwise_callback=grid  position_beats=165.987  error_ms=3.000
[TIMING ] wwise_callback=beat  position_beats=166.956  error_ms=2.000
[TIMING ] wwise_callback=grid  position_beats=166.956  error_ms=2.000
[TIMING ] wwise_callback=bar  position_beats=167.970  error_ms=1.000
[TIMING ] wwise_callback=beat  position_beats=167.970  error_ms=1.000
[TIMING ] wwise_callback=grid  position_beats=167.970  error_ms=1.000
[TIMING ] wwise_callback=beat  position_beats=168.986  error_ms=0.000
[TIMING ] wwise_callback=grid  position_beats=168.986  error_ms=0.000
[TIMING ] wwise_callback=beat  position_beats=169.967  error_ms=5.000
[TIMING ] wwise_callback=grid  position_beats=169.967  error_ms=5.000
[TIMING ] wwise_callback=beat  position_beats=170.981  error_ms=4.000
[TIMING ] wwise_callback=grid  position_beats=170.981  error_ms=4.000
[TIMING ] wwise_callback=bar  position_beats=171.997  error_ms=4.000
[TIMING ] wwise_callback=beat  position_beats=171.997  error_ms=4.000
[TIMING ] wwise_callback=grid  position_beats=171.997  error_ms=4.000
[TIMING ] wwise_callback=beat  position_beats=172.968  error_ms=2.000
[TIMING ] wwise_callback=grid  position_beats=172.968  error_ms=2.000
[TIMING ] wwise_callback=beat  position_beats=173.991  error_ms=6.000
[TIMING ] wwise_callback=grid  position_beats=173.991  error_ms=6.000
[TIMING ] wwise_callback=beat  position_beats=175.003  error_ms=4.000
[TIMING ] wwise_callback=grid  position_beats=175.003  error_ms=4.000
[TIMING ] wwise_callback=bar  position_beats=175.969  error_ms=2.000
[TIMING ] wwise_callback=beat  position_beats=175.969  error_ms=2.000
[TIMING ] wwise_callback=grid  position_beats=175.969  error_ms=2.000
[AUDIO  ] arrangement=layer  enabled=false  requested_at=176.017
[TIMING ] wwise_callback=beat  position_beats=176.985  error_ms=2.000
[TIMING ] wwise_callback=grid  position_beats=176.985  error_ms=2.000
[TIMING ] wwise_callback=beat  position_beats=177.951  error_ms=0.000
[TIMING ] wwise_callback=grid  position_beats=177.951  error_ms=0.000
[TIMING ] wwise_callback=beat  position_beats=178.985  error_ms=7.000
[TIMING ] wwise_callback=grid  position_beats=178.985  error_ms=7.000
[TIMING ] wwise_callback=bar  position_beats=179.997  error_ms=5.000
[TIMING ] wwise_callback=beat  position_beats=179.997  error_ms=5.000
[TIMING ] wwise_callback=grid  position_beats=179.997  error_ms=5.000
[TIMING ] wwise_callback=beat  position_beats=180.970  error_ms=4.000
[TIMING ] wwise_callback=grid  position_beats=180.970  error_ms=4.000
[TIMING ] wwise_callback=beat  position_beats=181.984  error_ms=3.000
[TIMING ] wwise_callback=grid  position_beats=181.984  error_ms=3.000
[TIMING ] wwise_callback=beat  position_beats=183.002  error_ms=5.000
[TIMING ] wwise_callback=grid  position_beats=183.002  error_ms=5.000
[TIMING ] wwise_callback=bar  position_beats=183.970  error_ms=4.000
[TIMING ] wwise_callback=beat  position_beats=183.970  error_ms=4.000
[TIMING ] wwise_callback=grid  position_beats=183.970  error_ms=4.000
[TIMING ] wwise_callback=beat  position_beats=184.984  error_ms=3.000
[TIMING ] wwise_callback=grid  position_beats=184.984  error_ms=3.000
[TIMING ] wwise_callback=beat  position_beats=186.003  error_ms=4.000
[TIMING ] wwise_callback=grid  position_beats=186.003  error_ms=4.000
[TIMING ] wwise_callback=beat  position_beats=186.971  error_ms=3.000
[TIMING ] wwise_callback=grid  position_beats=186.971  error_ms=3.000
[TIMING ] wwise_callback=bar  position_beats=187.987  error_ms=2.000
[TIMING ] wwise_callback=beat  position_beats=187.987  error_ms=2.000
[TIMING ] wwise_callback=grid  position_beats=187.987  error_ms=2.000
[TIMING ] wwise_callback=beat  position_beats=188.956  error_ms=1.000
[TIMING ] wwise_callback=grid  position_beats=188.956  error_ms=1.000
[TIMING ] wwise_callback=beat  position_beats=189.974  error_ms=0.000
[TIMING ] wwise_callback=grid  position_beats=189.974  error_ms=0.000
[TIMING ] wwise_callback=beat  position_beats=191.003  error_ms=6.000
[TIMING ] wwise_callback=grid  position_beats=191.003  error_ms=6.000
[TIMING ] wwise_segment=wrapped  segment_ms=14769.000  elapsed_ms=88614.000
[AUDIO  ] arrangement=transition  section=loop  requested_at=192.004
[TIMING ] wwise_callback=beat  position_beats=192.973  error_ms=0.000
[TIMING ] wwise_callback=grid  position_beats=192.973  error_ms=0.000
[TIMING ] wwise_callback=beat  position_beats=194.008  error_ms=8.000
[TIMING ] wwise_callback=grid  position_beats=194.008  error_ms=8.000
[TIMING ] wwise_callback=beat  position_beats=194.970  error_ms=4.000
[TIMING ] wwise_callback=grid  position_beats=194.970  error_ms=4.000
[TIMING ] wwise_callback=bar  position_beats=195.987  error_ms=4.000
[TIMING ] wwise_callback=beat  position_beats=195.987  error_ms=4.000
[TIMING ] wwise_callback=grid  position_beats=195.987  error_ms=4.000
[TIMING ] wwise_callback=beat  position_beats=197.001  error_ms=3.000
[TIMING ] wwise_callback=grid  position_beats=197.001  error_ms=3.000
[TIMING ] wwise_callback=beat  position_beats=197.967  error_ms=1.000
[TIMING ] wwise_callback=grid  position_beats=197.967  error_ms=1.000
[TIMING ] wwise_callback=beat  position_beats=198.987  error_ms=1.000
[TIMING ] wwise_callback=grid  position_beats=198.987  error_ms=1.000
[TIMING ] wwise_callback=bar  position_beats=199.958  error_ms=2.000
[TIMING ] wwise_callback=beat  position_beats=199.958  error_ms=2.000
[TIMING ] wwise_callback=grid  position_beats=199.958  error_ms=2.000
[TIMING ] wwise_callback=beat  position_beats=200.972  error_ms=1.000
[TIMING ] wwise_callback=grid  position_beats=200.972  error_ms=1.000
[TIMING ] wwise_callback=beat  position_beats=201.988  error_ms=1.000
[TIMING ] wwise_callback=grid  position_beats=201.988  error_ms=1.000
[TIMING ] wwise_callback=beat  position_beats=202.970  error_ms=6.000
[TIMING ] wwise_callback=grid  position_beats=202.970  error_ms=6.000
[TIMING ] wwise_callback=bar  position_beats=203.986  error_ms=5.000
[TIMING ] wwise_callback=beat  position_beats=203.986  error_ms=5.000
[TIMING ] wwise_callback=grid  position_beats=203.986  error_ms=5.000
[TIMING ] wwise_callback=beat  position_beats=205.000  error_ms=4.000
[TIMING ] wwise_callback=grid  position_beats=205.000  error_ms=4.000
[TIMING ] wwise_callback=beat  position_beats=205.968  error_ms=3.000
[TIMING ] wwise_callback=grid  position_beats=205.968  error_ms=3.000
[TIMING ] wwise_callback=beat  position_beats=206.982  error_ms=2.000
[TIMING ] wwise_callback=grid  position_beats=206.982  error_ms=2.000
[AUDIO  ] arrangement=layer  enabled=true  requested_at=208.001
[TIMING ] wwise_callback=bar  position_beats=208.001  error_ms=1.000
[TIMING ] wwise_callback=beat  position_beats=208.001  error_ms=1.000
[TIMING ] wwise_callback=grid  position_beats=208.001  error_ms=1.000
[TIMING ] wwise_callback=beat  position_beats=208.974  error_ms=3.000
[TIMING ] wwise_callback=grid  position_beats=208.974  error_ms=3.000
[TIMING ] wwise_callback=beat  position_beats=209.988  error_ms=2.000
[TIMING ] wwise_callback=grid  position_beats=209.988  error_ms=2.000
[TIMING ] wwise_callback=beat  position_beats=210.956  error_ms=1.000
[TIMING ] wwise_callback=grid  position_beats=210.956  error_ms=1.000
[TIMING ] wwise_callback=bar  position_beats=211.970  error_ms=0.000
[TIMING ] wwise_callback=beat  position_beats=211.970  error_ms=0.000
[TIMING ] wwise_callback=grid  position_beats=211.970  error_ms=0.000
[TIMING ] wwise_callback=beat  position_beats=213.001  error_ms=6.000
[TIMING ] wwise_callback=grid  position_beats=213.001  error_ms=6.000
[TIMING ] wwise_callback=beat  position_beats=213.968  error_ms=4.000
[TIMING ] wwise_callback=grid  position_beats=213.968  error_ms=4.000
[TIMING ] wwise_callback=beat  position_beats=214.982  error_ms=3.000
[TIMING ] wwise_callback=grid  position_beats=214.982  error_ms=3.000
[TIMING ] wwise_callback=bar  position_beats=215.998  error_ms=3.000
[TIMING ] wwise_callback=beat  position_beats=215.998  error_ms=3.000
[TIMING ] wwise_callback=grid  position_beats=215.998  error_ms=3.000
[TIMING ] wwise_callback=beat  position_beats=216.971  error_ms=4.000
[TIMING ] wwise_callback=grid  position_beats=216.971  error_ms=4.000
[TIMING ] wwise_callback=beat  position_beats=217.989  error_ms=4.000
[TIMING ] wwise_callback=grid  position_beats=217.989  error_ms=4.000
[TIMING ] wwise_callback=beat  position_beats=218.955  error_ms=2.000
[TIMING ] wwise_callback=grid  position_beats=218.955  error_ms=2.000
[TIMING ] wwise_callback=bar  position_beats=219.969  error_ms=1.000
[TIMING ] wwise_callback=beat  position_beats=219.969  error_ms=1.000
[TIMING ] wwise_callback=grid  position_beats=219.969  error_ms=1.000
[TIMING ] wwise_callback=beat  position_beats=220.988  error_ms=2.000
[TIMING ] wwise_callback=grid  position_beats=220.988  error_ms=2.000
[TIMING ] wwise_callback=beat  position_beats=221.967  error_ms=6.000
[TIMING ] wwise_callback=grid  position_beats=221.967  error_ms=6.000
[TIMING ] wwise_callback=beat  position_beats=222.983  error_ms=5.000
[TIMING ] wwise_callback=grid  position_beats=222.983  error_ms=5.000
[AUDIO  ] arrangement=transition  section=alternate  requested_at=224.012
[TIMING ] wwise_segment=wrapped  segment_ms=14769.000  elapsed_ms=103383.000
[TIMING ] wwise_callback=beat  position_beats=224.968  error_ms=3.000
[TIMING ] wwise_callback=grid  position_beats=224.968  error_ms=3.000
[TIMING ] wwise_callback=beat  position_beats=225.986  error_ms=5.000
[TIMING ] wwise_callback=grid  position_beats=225.986  error_ms=5.000
[TIMING ] wwise_callback=beat  position_beats=227.000  error_ms=4.000
[TIMING ] wwise_callback=grid  position_beats=227.000  error_ms=4.000
[TIMING ] wwise_callback=bar  position_beats=227.969  error_ms=3.000
[TIMING ] wwise_callback=beat  position_beats=227.969  error_ms=3.000
[TIMING ] wwise_callback=grid  position_beats=227.969  error_ms=3.000
[TIMING ] wwise_callback=beat  position_beats=228.980  error_ms=0.000
[TIMING ] wwise_callback=grid  position_beats=228.980  error_ms=0.000
[TIMING ] wwise_callback=beat  position_beats=229.962  error_ms=5.000
[TIMING ] wwise_callback=grid  position_beats=229.962  error_ms=5.000
[TIMING ] wwise_callback=beat  position_beats=230.974  error_ms=3.000
[TIMING ] wwise_callback=grid  position_beats=230.974  error_ms=3.000
[TIMING ] wwise_callback=bar  position_beats=231.992  error_ms=4.000
[TIMING ] wwise_callback=beat  position_beats=231.992  error_ms=4.000
[TIMING ] wwise_callback=grid  position_beats=231.992  error_ms=4.000
[TIMING ] wwise_callback=beat  position_beats=232.965  error_ms=3.000
[TIMING ] wwise_callback=grid  position_beats=232.965  error_ms=3.000
[TIMING ] wwise_callback=beat  position_beats=233.979  error_ms=2.000
[TIMING ] wwise_callback=grid  position_beats=233.979  error_ms=2.000
[TIMING ] wwise_callback=beat  position_beats=234.997  error_ms=4.000
[TIMING ] wwise_callback=grid  position_beats=234.997  error_ms=4.000
[TIMING ] wwise_callback=bar  position_beats=235.966  error_ms=3.000
[TIMING ] wwise_callback=beat  position_beats=235.966  error_ms=3.000
[TIMING ] wwise_callback=grid  position_beats=235.966  error_ms=3.000
[TIMING ] wwise_callback=beat  position_beats=236.980  error_ms=2.000
[TIMING ] wwise_callback=grid  position_beats=236.980  error_ms=2.000
[TIMING ] wwise_callback=beat  position_beats=237.994  error_ms=0.000
[TIMING ] wwise_callback=grid  position_beats=237.994  error_ms=0.000
[TIMING ] wwise_callback=beat  position_beats=238.964  error_ms=0.000
[TIMING ] wwise_callback=grid  position_beats=238.964  error_ms=0.000
[TIMING ] wwise_callback=bar  position_beats=239.994  error_ms=6.000
[TIMING ] wwise_callback=beat  position_beats=239.994  error_ms=6.000
[TIMING ] wwise_callback=grid  position_beats=239.994  error_ms=6.000
[AUDIO  ] arrangement=layer  enabled=false  requested_at=240.009
[TIMING ] wwise_callback=beat  position_beats=240.960  error_ms=4.000
[TIMING ] wwise_callback=grid  position_beats=240.960  error_ms=4.000
[TIMING ] wwise_callback=beat  position_beats=241.980  error_ms=3.000
[TIMING ] wwise_callback=grid  position_beats=241.980  error_ms=3.000
[TIMING ] wwise_callback=beat  position_beats=242.994  error_ms=3.000
[TIMING ] wwise_callback=grid  position_beats=242.994  error_ms=3.000
[TIMING ] wwise_callback=bar  position_beats=243.965  error_ms=4.000
[TIMING ] wwise_callback=beat  position_beats=243.965  error_ms=4.000
[TIMING ] wwise_callback=grid  position_beats=243.965  error_ms=4.000
[TIMING ] wwise_callback=beat  position_beats=244.981  error_ms=4.000
[TIMING ] wwise_callback=grid  position_beats=244.981  error_ms=4.000
[TIMING ] wwise_callback=beat  position_beats=245.995  error_ms=3.000
[TIMING ] wwise_callback=grid  position_beats=245.995  error_ms=3.000
[TIMING ] wwise_callback=beat  position_beats=246.961  error_ms=1.000
[TIMING ] wwise_callback=grid  position_beats=246.961  error_ms=1.000
[TIMING ] wwise_callback=bar  position_beats=247.978  error_ms=0.000
[TIMING ] wwise_callback=beat  position_beats=247.978  error_ms=0.000
[TIMING ] wwise_callback=grid  position_beats=247.978  error_ms=0.000
[TIMING ] wwise_callback=beat  position_beats=248.994  error_ms=0.000
[TIMING ] wwise_callback=grid  position_beats=248.994  error_ms=0.000
[TIMING ] wwise_callback=beat  position_beats=249.977  error_ms=6.000
[TIMING ] wwise_callback=grid  position_beats=249.977  error_ms=6.000
[TIMING ] wwise_callback=beat  position_beats=250.994  error_ms=4.000
[TIMING ] wwise_callback=grid  position_beats=250.994  error_ms=4.000
[TIMING ] wwise_callback=bar  position_beats=251.964  error_ms=6.000
[TIMING ] wwise_callback=beat  position_beats=251.964  error_ms=6.000
[TIMING ] wwise_callback=grid  position_beats=251.964  error_ms=6.000
[TIMING ] wwise_callback=beat  position_beats=252.980  error_ms=5.000
[TIMING ] wwise_callback=grid  position_beats=252.980  error_ms=5.000
[TIMING ] wwise_callback=beat  position_beats=253.994  error_ms=4.000
[TIMING ] wwise_callback=grid  position_beats=253.994  error_ms=4.000
[TIMING ] wwise_callback=beat  position_beats=254.963  error_ms=3.000
[TIMING ] wwise_callback=grid  position_beats=254.963  error_ms=3.000
[AUDIO  ] arrangement=transition  section=loop  requested_at=256.007
[TIMING ] wwise_segment=wrapped  segment_ms=14769.000  elapsed_ms=118152.000
[TIMING ] wwise_callback=beat  position_beats=256.993  error_ms=1.000
[TIMING ] wwise_callback=grid  position_beats=256.993  error_ms=1.000
[TIMING ] wwise_callback=beat  position_beats=257.962  error_ms=0.000
[TIMING ] wwise_callback=grid  position_beats=257.962  error_ms=0.000
[TIMING ] wwise_callback=beat  position_beats=258.991  error_ms=6.000
[TIMING ] wwise_callback=grid  position_beats=258.991  error_ms=6.000
[TIMING ] wwise_callback=bar  position_beats=260.009  error_ms=5.000
[TIMING ] wwise_callback=beat  position_beats=260.009  error_ms=5.000
[TIMING ] wwise_callback=grid  position_beats=260.009  error_ms=5.000
[TIMING ] wwise_callback=beat  position_beats=260.965  error_ms=0.000
[TIMING ] wwise_callback=grid  position_beats=260.965  error_ms=0.000
[TIMING ] wwise_callback=beat  position_beats=261.996  error_ms=6.000
[TIMING ] wwise_callback=grid  position_beats=261.996  error_ms=6.000
[TIMING ] wwise_callback=beat  position_beats=262.962  error_ms=4.000
[TIMING ] wwise_callback=grid  position_beats=262.962  error_ms=4.000
[TIMING ] wwise_callback=bar  position_beats=263.978  error_ms=4.000
[TIMING ] wwise_callback=beat  position_beats=263.978  error_ms=4.000
[TIMING ] wwise_callback=grid  position_beats=263.978  error_ms=4.000
[TIMING ] wwise_callback=beat  position_beats=264.992  error_ms=3.000
[TIMING ] wwise_callback=grid  position_beats=264.992  error_ms=3.000
[TIMING ] wwise_callback=beat  position_beats=265.959  error_ms=1.000
[TIMING ] wwise_callback=grid  position_beats=265.959  error_ms=1.000
[TIMING ] wwise_callback=beat  position_beats=266.975  error_ms=0.000
[TIMING ] wwise_callback=grid  position_beats=266.975  error_ms=0.000
[TIMING ] wwise_callback=bar  position_beats=267.991  error_ms=0.000
[TIMING ] wwise_callback=beat  position_beats=267.991  error_ms=0.000
[TIMING ] wwise_callback=grid  position_beats=267.991  error_ms=0.000
[TIMING ] wwise_callback=beat  position_beats=268.964  error_ms=1.000
[TIMING ] wwise_callback=grid  position_beats=268.964  error_ms=1.000
[TIMING ] wwise_callback=beat  position_beats=269.978  error_ms=0.000
[TIMING ] wwise_callback=grid  position_beats=269.978  error_ms=0.000
[TIMING ] wwise_callback=beat  position_beats=270.961  error_ms=6.000
[TIMING ] wwise_callback=grid  position_beats=270.961  error_ms=6.000
[TIMING ] wwise_callback=bar  position_beats=271.978  error_ms=5.000
[TIMING ] wwise_callback=beat  position_beats=271.978  error_ms=5.000
[TIMING ] wwise_callback=grid  position_beats=271.978  error_ms=5.000
[AUDIO  ] arrangement=layer  enabled=true  requested_at=272.006
[TIMING ] wwise_callback=beat  position_beats=272.992  error_ms=4.000
[TIMING ] wwise_callback=grid  position_beats=272.992  error_ms=4.000
[TIMING ] wwise_callback=beat  position_beats=273.960  error_ms=3.000
[TIMING ] wwise_callback=grid  position_beats=273.960  error_ms=3.000
[TIMING ] wwise_callback=beat  position_beats=274.974  error_ms=2.000
[TIMING ] wwise_callback=grid  position_beats=274.974  error_ms=2.000
[TIMING ] wwise_callback=bar  position_beats=275.990  error_ms=1.000
[TIMING ] wwise_callback=beat  position_beats=275.990  error_ms=1.000
[TIMING ] wwise_callback=grid  position_beats=275.990  error_ms=1.000
[TIMING ] wwise_callback=beat  position_beats=276.961  error_ms=0.000
[TIMING ] wwise_callback=grid  position_beats=276.961  error_ms=0.000
[TIMING ] wwise_callback=beat  position_beats=277.979  error_ms=2.000
[TIMING ] wwise_callback=grid  position_beats=277.979  error_ms=2.000
[TIMING ] wwise_callback=beat  position_beats=278.998  error_ms=3.000
[TIMING ] wwise_callback=grid  position_beats=278.998  error_ms=3.000
[TIMING ] wwise_callback=bar  position_beats=279.964  error_ms=1.000
[TIMING ] wwise_callback=beat  position_beats=279.964  error_ms=1.000
[TIMING ] wwise_callback=grid  position_beats=279.964  error_ms=1.000
[TIMING ] wwise_callback=beat  position_beats=280.980  error_ms=0.000
[TIMING ] wwise_callback=grid  position_beats=280.980  error_ms=0.000
[TIMING ] wwise_callback=beat  position_beats=281.964  error_ms=6.000
[TIMING ] wwise_callback=grid  position_beats=281.964  error_ms=6.000
[TIMING ] wwise_callback=beat  position_beats=282.978  error_ms=5.000
[TIMING ] wwise_callback=grid  position_beats=282.978  error_ms=5.000
[TIMING ] wwise_callback=bar  position_beats=283.992  error_ms=4.000
[TIMING ] wwise_callback=beat  position_beats=283.992  error_ms=4.000
[TIMING ] wwise_callback=grid  position_beats=283.992  error_ms=4.000
[TIMING ] wwise_callback=beat  position_beats=284.965  error_ms=3.000
[TIMING ] wwise_callback=grid  position_beats=284.965  error_ms=3.000
[TIMING ] wwise_callback=beat  position_beats=285.979  error_ms=2.000
[TIMING ] wwise_callback=grid  position_beats=285.979  error_ms=2.000
[TIMING ] wwise_callback=beat  position_beats=286.997  error_ms=4.000
[TIMING ] wwise_callback=grid  position_beats=286.997  error_ms=4.000
[TIMING ] wwise_segment=wrapped  segment_ms=14769.000  elapsed_ms=132921.000
[AUDIO  ] arrangement=transition  section=alternate  requested_at=288.011
[TIMING ] wwise_callback=beat  position_beats=288.979  error_ms=2.000
[TIMING ] wwise_callback=grid  position_beats=288.979  error_ms=2.000
[TIMING ] wwise_callback=beat  position_beats=289.993  error_ms=1.000
[TIMING ] wwise_callback=grid  position_beats=289.993  error_ms=1.000
[TIMING ] wwise_callback=beat  position_beats=290.975  error_ms=6.000
[TIMING ] wwise_callback=grid  position_beats=290.975  error_ms=6.000
[TIMING ] wwise_callback=bar  position_beats=291.993  error_ms=6.000
[TIMING ] wwise_callback=beat  position_beats=291.993  error_ms=6.000
[TIMING ] wwise_callback=grid  position_beats=291.993  error_ms=6.000
[TIMING ] wwise_callback=beat  position_beats=292.959  error_ms=4.000
[TIMING ] wwise_callback=grid  position_beats=292.959  error_ms=4.000
[TIMING ] wwise_callback=beat  position_beats=293.980  error_ms=3.000
[TIMING ] wwise_callback=grid  position_beats=293.980  error_ms=3.000
[TIMING ] wwise_callback=beat  position_beats=294.994  error_ms=3.000
[TIMING ] wwise_callback=grid  position_beats=294.994  error_ms=3.000
[TIMING ] wwise_callback=bar  position_beats=295.962  error_ms=4.000
[TIMING ] wwise_callback=beat  position_beats=295.962  error_ms=4.000
[TIMING ] wwise_callback=grid  position_beats=295.962  error_ms=4.000
[TIMING ] wwise_callback=beat  position_beats=296.981  error_ms=4.000
[TIMING ] wwise_callback=grid  position_beats=296.981  error_ms=4.000
[TIMING ] wwise_callback=beat  position_beats=297.995  error_ms=3.000
[TIMING ] wwise_callback=grid  position_beats=297.995  error_ms=3.000
[TIMING ] wwise_callback=beat  position_beats=298.961  error_ms=1.000
[TIMING ] wwise_callback=grid  position_beats=298.961  error_ms=1.000
[TIMING ] wwise_callback=bar  position_beats=299.975  error_ms=0.000
[TIMING ] wwise_callback=beat  position_beats=299.975  error_ms=0.000
[TIMING ] wwise_callback=grid  position_beats=299.975  error_ms=0.000
[TIMING ] wwise_callback=beat  position_beats=300.993  error_ms=0.000
[TIMING ] wwise_callback=grid  position_beats=300.993  error_ms=0.000
[TIMING ] wwise_callback=beat  position_beats=301.975  error_ms=5.000
[TIMING ] wwise_callback=grid  position_beats=301.975  error_ms=5.000
[TIMING ] wwise_callback=beat  position_beats=302.993  error_ms=4.000
[TIMING ] wwise_callback=grid  position_beats=302.993  error_ms=4.000
[TIMING ] wwise_callback=bar  position_beats=303.964  error_ms=6.000
[TIMING ] wwise_callback=beat  position_beats=303.964  error_ms=6.000
[TIMING ] wwise_callback=grid  position_beats=303.964  error_ms=6.000
[AUDIO  ] arrangement=layer  enabled=false  requested_at=304.007
[TIMING ] wwise_callback=beat  position_beats=304.978  error_ms=5.000
[TIMING ] wwise_callback=grid  position_beats=304.978  error_ms=5.000
[TIMING ] wwise_callback=beat  position_beats=305.994  error_ms=4.000
[TIMING ] wwise_callback=grid  position_beats=305.994  error_ms=4.000
[TIMING ] wwise_callback=beat  position_beats=306.967  error_ms=5.000
[TIMING ] wwise_callback=grid  position_beats=306.967  error_ms=5.000
[TIMING ] wwise_callback=bar  position_beats=307.981  error_ms=4.000
[TIMING ] wwise_callback=beat  position_beats=307.981  error_ms=4.000
[TIMING ] wwise_callback=grid  position_beats=307.981  error_ms=4.000
[TIMING ] wwise_callback=beat  position_beats=308.995  error_ms=3.000
[TIMING ] wwise_callback=grid  position_beats=308.995  error_ms=3.000
[TIMING ] wwise_callback=beat  position_beats=309.963  error_ms=2.000
[TIMING ] wwise_callback=grid  position_beats=309.963  error_ms=2.000
[TIMING ] wwise_callback=beat  position_beats=310.980  error_ms=1.000
[TIMING ] wwise_callback=grid  position_beats=310.980  error_ms=1.000
[TIMING ] wwise_callback=bar  position_beats=311.998  error_ms=0.000
[TIMING ] wwise_callback=beat  position_beats=311.998  error_ms=0.000
[TIMING ] wwise_callback=grid  position_beats=311.998  error_ms=0.000
[TIMING ] wwise_callback=beat  position_beats=312.969  error_ms=2.000
[TIMING ] wwise_callback=grid  position_beats=312.969  error_ms=2.000
[TIMING ] wwise_callback=beat  position_beats=313.982  error_ms=1.000
[TIMING ] wwise_callback=grid  position_beats=313.982  error_ms=1.000
[TIMING ] wwise_callback=beat  position_beats=314.964  error_ms=6.000
[TIMING ] wwise_callback=grid  position_beats=314.964  error_ms=6.000
[TIMING ] wwise_callback=bar  position_beats=315.980  error_ms=5.000
[TIMING ] wwise_callback=beat  position_beats=315.980  error_ms=5.000
[TIMING ] wwise_callback=grid  position_beats=315.980  error_ms=5.000
[TIMING ] wwise_callback=beat  position_beats=316.996  error_ms=5.000
[TIMING ] wwise_callback=grid  position_beats=316.996  error_ms=5.000
[TIMING ] wwise_callback=beat  position_beats=317.963  error_ms=3.000
[TIMING ] wwise_callback=grid  position_beats=317.963  error_ms=3.000
[TIMING ] wwise_callback=beat  position_beats=318.977  error_ms=2.000
[TIMING ] wwise_callback=grid  position_beats=318.977  error_ms=2.000
[AUDIO  ] arrangement=transition  section=loop  requested_at=320.008
[TIMING ] wwise_segment=wrapped  segment_ms=14769.000  elapsed_ms=147690.000
[TIMING ] wwise_callback=beat  position_beats=320.966  error_ms=3.000
[TIMING ] wwise_callback=grid  position_beats=320.966  error_ms=3.000
[TIMING ] wwise_callback=beat  position_beats=321.982  error_ms=2.000
[TIMING ] wwise_callback=grid  position_beats=321.982  error_ms=2.000
[TIMING ] wwise_callback=beat  position_beats=322.950  error_ms=1.000
[TIMING ] wwise_callback=grid  position_beats=322.950  error_ms=1.000
[TIMING ] wwise_callback=bar  position_beats=323.964  error_ms=0.000
[TIMING ] wwise_callback=beat  position_beats=323.964  error_ms=0.000
[TIMING ] wwise_callback=grid  position_beats=323.964  error_ms=0.000
[TIMING ] wwise_callback=beat  position_beats=324.993  error_ms=6.000
[TIMING ] wwise_callback=grid  position_beats=324.993  error_ms=6.000
[TIMING ] wwise_callback=beat  position_beats=325.962  error_ms=5.000
[TIMING ] wwise_callback=grid  position_beats=325.962  error_ms=5.000
[TIMING ] wwise_callback=beat  position_beats=326.978  error_ms=4.000
[TIMING ] wwise_callback=grid  position_beats=326.978  error_ms=4.000
[TIMING ] wwise_callback=bar  position_beats=327.992  error_ms=3.000
[TIMING ] wwise_callback=beat  position_beats=327.992  error_ms=3.000
[TIMING ] wwise_callback=grid  position_beats=327.992  error_ms=3.000
[TIMING ] wwise_callback=beat  position_beats=328.965  error_ms=1.000
[TIMING ] wwise_callback=grid  position_beats=328.965  error_ms=1.000
[TIMING ] wwise_callback=beat  position_beats=329.981  error_ms=4.000
[TIMING ] wwise_callback=grid  position_beats=329.981  error_ms=4.000
[TIMING ] wwise_callback=beat  position_beats=330.997  error_ms=3.000
[TIMING ] wwise_callback=grid  position_beats=330.997  error_ms=3.000
[TIMING ] wwise_callback=bar  position_beats=331.966  error_ms=2.000
[TIMING ] wwise_callback=beat  position_beats=331.966  error_ms=2.000
[TIMING ] wwise_callback=grid  position_beats=331.966  error_ms=2.000
[TIMING ] wwise_callback=beat  position_beats=332.980  error_ms=1.000
[TIMING ] wwise_callback=grid  position_beats=332.980  error_ms=1.000
[TIMING ] wwise_callback=beat  position_beats=333.961  error_ms=6.000
[TIMING ] wwise_callback=grid  position_beats=333.961  error_ms=6.000
[TIMING ] wwise_callback=beat  position_beats=334.975  error_ms=5.000
[TIMING ] wwise_callback=grid  position_beats=334.975  error_ms=5.000
[TIMING ] wwise_callback=bar  position_beats=335.994  error_ms=5.000
[TIMING ] wwise_callback=beat  position_beats=335.994  error_ms=5.000
[TIMING ] wwise_callback=grid  position_beats=335.994  error_ms=5.000
[AUDIO  ] arrangement=layer  enabled=true  requested_at=336.007
[TIMING ] wwise_callback=beat  position_beats=336.962  error_ms=3.000
[TIMING ] wwise_callback=grid  position_beats=336.962  error_ms=3.000
[TIMING ] wwise_callback=beat  position_beats=337.978  error_ms=2.000
[TIMING ] wwise_callback=grid  position_beats=337.978  error_ms=2.000
[TIMING ] wwise_callback=beat  position_beats=338.996  error_ms=5.000
[TIMING ] wwise_callback=grid  position_beats=338.996  error_ms=5.000
[TIMING ] wwise_callback=bar  position_beats=339.963  error_ms=3.000
[TIMING ] wwise_callback=beat  position_beats=339.963  error_ms=3.000
[TIMING ] wwise_callback=grid  position_beats=339.963  error_ms=3.000
[TIMING ] wwise_callback=beat  position_beats=340.979  error_ms=2.000
[TIMING ] wwise_callback=grid  position_beats=340.979  error_ms=2.000
[TIMING ] wwise_callback=beat  position_beats=341.993  error_ms=1.000
[TIMING ] wwise_callback=grid  position_beats=341.993  error_ms=1.000
[TIMING ] wwise_callback=beat  position_beats=342.961  error_ms=0.000
[TIMING ] wwise_callback=grid  position_beats=342.961  error_ms=0.000
[TIMING ] wwise_callback=bar  position_beats=343.991  error_ms=6.000
[TIMING ] wwise_callback=beat  position_beats=343.991  error_ms=6.000
[TIMING ] wwise_callback=grid  position_beats=343.991  error_ms=6.000
[TIMING ] wwise_callback=beat  position_beats=344.959  error_ms=5.000
[TIMING ] wwise_callback=grid  position_beats=344.959  error_ms=5.000
[TIMING ] wwise_callback=beat  position_beats=345.977  error_ms=4.000
[TIMING ] wwise_callback=grid  position_beats=345.977  error_ms=4.000
[TIMING ] wwise_callback=beat  position_beats=346.994  error_ms=3.000
[TIMING ] wwise_callback=grid  position_beats=346.994  error_ms=3.000
[TIMING ] wwise_callback=bar  position_beats=347.964  error_ms=5.000
[TIMING ] wwise_callback=beat  position_beats=347.964  error_ms=5.000
[TIMING ] wwise_callback=grid  position_beats=347.964  error_ms=5.000
[TIMING ] wwise_callback=beat  position_beats=348.978  error_ms=4.000
[TIMING ] wwise_callback=grid  position_beats=348.978  error_ms=4.000
[TIMING ] wwise_callback=beat  position_beats=349.988  error_ms=0.000
[TIMING ] wwise_callback=grid  position_beats=349.988  error_ms=0.000
[TIMING ] wwise_callback=beat  position_beats=350.972  error_ms=6.000
[TIMING ] wwise_callback=grid  position_beats=350.972  error_ms=6.000
[AUDIO  ] arrangement=transition  section=alternate  requested_at=352.001
[TIMING ] wwise_segment=wrapped  segment_ms=14769.000  elapsed_ms=162459.000
[TIMING ] wwise_callback=beat  position_beats=353.000  error_ms=4.000
[TIMING ] wwise_callback=grid  position_beats=353.000  error_ms=4.000
[TIMING ] wwise_callback=beat  position_beats=353.966  error_ms=2.000
[TIMING ] wwise_callback=grid  position_beats=353.966  error_ms=2.000
[TIMING ] wwise_callback=beat  position_beats=354.986  error_ms=2.000
[TIMING ] wwise_callback=grid  position_beats=354.986  error_ms=2.000
[TIMING ] wwise_callback=bar  position_beats=355.955  error_ms=3.000
[TIMING ] wwise_callback=beat  position_beats=355.955  error_ms=3.000
[TIMING ] wwise_callback=grid  position_beats=355.955  error_ms=3.000
[TIMING ] wwise_callback=beat  position_beats=356.973  error_ms=3.000
[TIMING ] wwise_callback=grid  position_beats=356.973  error_ms=3.000
[TIMING ] wwise_callback=beat  position_beats=357.987  error_ms=2.000
[TIMING ] wwise_callback=grid  position_beats=357.987  error_ms=2.000
[TIMING ] wwise_callback=beat  position_beats=358.954  error_ms=0.000
[TIMING ] wwise_callback=grid  position_beats=358.954  error_ms=0.000
[TIMING ] wwise_callback=bar  position_beats=359.970  error_ms=0.000
[TIMING ] wwise_callback=beat  position_beats=359.970  error_ms=0.000
[TIMING ] wwise_callback=grid  position_beats=359.970  error_ms=0.000
[TIMING ] wwise_callback=beat  position_beats=361.001  error_ms=6.000
[TIMING ] wwise_callback=grid  position_beats=361.001  error_ms=6.000
[TIMING ] wwise_callback=beat  position_beats=361.967  error_ms=4.000
[TIMING ] wwise_callback=grid  position_beats=361.967  error_ms=4.000
[TIMING ] wwise_callback=beat  position_beats=362.981  error_ms=3.000
[TIMING ] wwise_callback=grid  position_beats=362.981  error_ms=3.000
[TIMING ] wwise_callback=bar  position_beats=364.002  error_ms=3.000
[TIMING ] wwise_callback=beat  position_beats=364.002  error_ms=3.000
[TIMING ] wwise_callback=grid  position_beats=364.002  error_ms=3.000
[TIMING ] wwise_callback=beat  position_beats=364.972  error_ms=5.000
[TIMING ] wwise_callback=grid  position_beats=364.972  error_ms=5.000
[TIMING ] wwise_callback=beat  position_beats=365.986  error_ms=3.000
[TIMING ] wwise_callback=grid  position_beats=365.986  error_ms=3.000
[TIMING ] wwise_callback=beat  position_beats=366.955  error_ms=2.000
[TIMING ] wwise_callback=grid  position_beats=366.955  error_ms=2.000
[TIMING ] wwise_callback=bar  position_beats=367.969  error_ms=1.000
[TIMING ] wwise_callback=beat  position_beats=367.969  error_ms=1.000
[TIMING ] wwise_callback=grid  position_beats=367.969  error_ms=1.000
[AUDIO  ] arrangement=layer  enabled=false  requested_at=368.017
[TIMING ] wwise_callback=beat  position_beats=368.983  error_ms=0.000
[TIMING ] wwise_callback=grid  position_beats=368.983  error_ms=0.000
[TIMING ] wwise_callback=beat  position_beats=369.967  error_ms=6.000
[TIMING ] wwise_callback=grid  position_beats=369.967  error_ms=6.000
[TIMING ] wwise_callback=beat  position_beats=370.983  error_ms=5.000
[TIMING ] wwise_callback=grid  position_beats=370.983  error_ms=5.000
[TIMING ] wwise_callback=bar  position_beats=371.997  error_ms=4.000
[TIMING ] wwise_callback=beat  position_beats=371.997  error_ms=4.000
[TIMING ] wwise_callback=grid  position_beats=371.997  error_ms=4.000
[TIMING ] wwise_callback=beat  position_beats=372.972  error_ms=6.000
[TIMING ] wwise_callback=grid  position_beats=372.972  error_ms=6.000
[TIMING ] wwise_callback=beat  position_beats=373.986  error_ms=5.000
[TIMING ] wwise_callback=grid  position_beats=373.986  error_ms=5.000
[TIMING ] wwise_callback=beat  position_beats=374.952  error_ms=3.000
[TIMING ] wwise_callback=grid  position_beats=374.952  error_ms=3.000
[TIMING ] wwise_callback=bar  position_beats=375.970  error_ms=3.000
[TIMING ] wwise_callback=beat  position_beats=375.970  error_ms=3.000
[TIMING ] wwise_callback=grid  position_beats=375.970  error_ms=3.000
[TIMING ] wwise_callback=beat  position_beats=376.984  error_ms=2.000
[TIMING ] wwise_callback=grid  position_beats=376.984  error_ms=2.000
[TIMING ] wwise_callback=beat  position_beats=377.951  error_ms=0.000
[TIMING ] wwise_callback=grid  position_beats=377.951  error_ms=0.000
[TIMING ] wwise_callback=beat  position_beats=378.967  error_ms=0.000
[TIMING ] wwise_callback=grid  position_beats=378.967  error_ms=0.000
[TIMING ] wwise_callback=bar  position_beats=379.996  error_ms=5.000
[TIMING ] wwise_callback=beat  position_beats=379.996  error_ms=5.000
[TIMING ] wwise_callback=grid  position_beats=379.996  error_ms=5.000
[TIMING ] wwise_callback=beat  position_beats=380.967  error_ms=4.000
[TIMING ] wwise_callback=grid  position_beats=380.967  error_ms=4.000
[TIMING ] wwise_callback=beat  position_beats=381.979  error_ms=3.000
[TIMING ] wwise_callback=grid  position_beats=381.979  error_ms=3.000
[TIMING ] wwise_callback=beat  position_beats=382.993  error_ms=2.000
[TIMING ] wwise_callback=grid  position_beats=382.993  error_ms=2.000
[TIMING ] wwise_segment=wrapped  segment_ms=14769.000  elapsed_ms=177228.000
[AUDIO  ] arrangement=transition  section=loop  requested_at=384.009
[TIMING ] wwise_callback=beat  position_beats=384.977  error_ms=0.000
[TIMING ] wwise_callback=grid  position_beats=384.977  error_ms=0.000
[TIMING ] wwise_callback=beat  position_beats=385.959  error_ms=5.000
[TIMING ] wwise_callback=grid  position_beats=385.959  error_ms=5.000
[TIMING ] wwise_callback=beat  position_beats=386.973  error_ms=4.000
[TIMING ] wwise_callback=grid  position_beats=386.973  error_ms=4.000
[TIMING ] wwise_callback=bar  position_beats=387.989  error_ms=4.000
[TIMING ] wwise_callback=beat  position_beats=387.989  error_ms=4.000
[TIMING ] wwise_callback=grid  position_beats=387.989  error_ms=4.000
[TIMING ] wwise_callback=beat  position_beats=388.959  error_ms=2.000
[TIMING ] wwise_callback=grid  position_beats=388.959  error_ms=2.000
[TIMING ] wwise_callback=beat  position_beats=389.971  error_ms=0.000
[TIMING ] wwise_callback=grid  position_beats=389.971  error_ms=0.000
[TIMING ] wwise_callback=beat  position_beats=390.990  error_ms=2.000
[TIMING ] wwise_callback=grid  position_beats=390.990  error_ms=2.000
[TIMING ] wwise_callback=bar  position_beats=391.956  error_ms=0.000
[TIMING ] wwise_callback=beat  position_beats=391.956  error_ms=0.000
[TIMING ] wwise_callback=grid  position_beats=391.956  error_ms=0.000
[TIMING ] wwise_callback=beat  position_beats=392.972  error_ms=0.000
[TIMING ] wwise_callback=grid  position_beats=392.972  error_ms=0.000
[TIMING ] wwise_callback=beat  position_beats=394.003  error_ms=6.000
[TIMING ] wwise_callback=grid  position_beats=394.003  error_ms=6.000
[TIMING ] wwise_callback=beat  position_beats=394.970  error_ms=4.000
[TIMING ] wwise_callback=grid  position_beats=394.970  error_ms=4.000
[TIMING ] wwise_callback=bar  position_beats=395.984  error_ms=3.000
[TIMING ] wwise_callback=beat  position_beats=395.984  error_ms=3.000
[TIMING ] wwise_callback=grid  position_beats=395.984  error_ms=3.000
[TIMING ] wwise_callback=beat  position_beats=396.952  error_ms=2.000
[TIMING ] wwise_callback=grid  position_beats=396.952  error_ms=2.000
[TIMING ] wwise_callback=beat  position_beats=397.971  error_ms=1.000
[TIMING ] wwise_callback=grid  position_beats=397.971  error_ms=1.000
[TIMING ] wwise_callback=beat  position_beats=398.987  error_ms=1.000
[TIMING ] wwise_callback=grid  position_beats=398.987  error_ms=1.000
[TIMING ] wwise_callback=bar  position_beats=399.960  error_ms=3.000
[TIMING ] wwise_callback=beat  position_beats=399.960  error_ms=3.000
[TIMING ] wwise_callback=grid  position_beats=399.960  error_ms=3.000
[AUDIO  ] arrangement=layer  enabled=true  requested_at=400.007
[TIMING ] wwise_callback=beat  position_beats=400.974  error_ms=2.000
[TIMING ] wwise_callback=grid  position_beats=400.974  error_ms=2.000
[TIMING ] wwise_callback=beat  position_beats=401.988  error_ms=1.000
[TIMING ] wwise_callback=grid  position_beats=401.988  error_ms=1.000
[TIMING ] wwise_callback=beat  position_beats=402.958  error_ms=1.000
[TIMING ] wwise_callback=grid  position_beats=402.958  error_ms=1.000
[TIMING ] wwise_callback=bar  position_beats=403.987  error_ms=6.000
[TIMING ] wwise_callback=beat  position_beats=403.987  error_ms=6.000
[TIMING ] wwise_callback=grid  position_beats=403.987  error_ms=6.000
[TIMING ] wwise_callback=beat  position_beats=405.001  error_ms=5.000
[TIMING ] wwise_callback=grid  position_beats=405.001  error_ms=5.000
[TIMING ] wwise_callback=beat  position_beats=405.970  error_ms=4.000
[TIMING ] wwise_callback=grid  position_beats=405.970  error_ms=4.000
[TIMING ] wwise_callback=beat  position_beats=406.988  error_ms=3.000
[TIMING ] wwise_callback=grid  position_beats=406.988  error_ms=3.000
[TIMING ] wwise_callback=bar  position_beats=407.957  error_ms=4.000
[TIMING ] wwise_callback=beat  position_beats=407.957  error_ms=4.000
[TIMING ] wwise_callback=grid  position_beats=407.957  error_ms=4.000
[TIMING ] wwise_callback=beat  position_beats=408.975  error_ms=4.000
[TIMING ] wwise_callback=grid  position_beats=408.975  error_ms=4.000
[TIMING ] wwise_callback=beat  position_beats=409.989  error_ms=3.000
[TIMING ] wwise_callback=grid  position_beats=409.989  error_ms=3.000
[TIMING ] wwise_callback=beat  position_beats=410.955  error_ms=1.000
[TIMING ] wwise_callback=grid  position_beats=410.955  error_ms=1.000
[TIMING ] wwise_callback=bar  position_beats=411.971  error_ms=1.000
[TIMING ] wwise_callback=beat  position_beats=411.971  error_ms=1.000
[TIMING ] wwise_callback=grid  position_beats=411.971  error_ms=1.000
[TIMING ] wwise_callback=beat  position_beats=412.988  error_ms=0.000
[TIMING ] wwise_callback=grid  position_beats=412.988  error_ms=0.000
[TIMING ] wwise_callback=beat  position_beats=413.969  error_ms=5.000
[TIMING ] wwise_callback=grid  position_beats=413.969  error_ms=5.000
[TIMING ] wwise_callback=beat  position_beats=414.983  error_ms=4.000
[TIMING ] wwise_callback=grid  position_beats=414.983  error_ms=4.000
[AUDIO  ] arrangement=transition  section=alternate  requested_at=416.004
[TIMING ] wwise_segment=wrapped  segment_ms=14769.000  elapsed_ms=191997.000
[TIMING ] wwise_callback=beat  position_beats=416.972  error_ms=5.000
[TIMING ] wwise_callback=grid  position_beats=416.972  error_ms=5.000
[TIMING ] wwise_callback=beat  position_beats=417.986  error_ms=4.000
[TIMING ] wwise_callback=grid  position_beats=417.986  error_ms=4.000
[TIMING ] wwise_callback=beat  position_beats=418.955  error_ms=3.000
[TIMING ] wwise_callback=grid  position_beats=418.955  error_ms=3.000
[TIMING ] wwise_callback=bar  position_beats=419.992  error_ms=12.000
[TIMING ] wwise_callback=beat  position_beats=419.992  error_ms=12.000
[TIMING ] wwise_callback=grid  position_beats=419.992  error_ms=12.000
[TIMING ] wwise_callback=beat  position_beats=420.983  error_ms=0.000
[TIMING ] wwise_callback=grid  position_beats=420.983  error_ms=0.000
[TIMING ] wwise_callback=beat  position_beats=421.964  error_ms=5.000
[TIMING ] wwise_callback=grid  position_beats=421.964  error_ms=5.000
[TIMING ] wwise_callback=beat  position_beats=422.978  error_ms=4.000
[TIMING ] wwise_callback=grid  position_beats=422.978  error_ms=4.000
[TIMING ] wwise_callback=bar  position_beats=423.994  error_ms=3.000
[TIMING ] wwise_callback=beat  position_beats=423.994  error_ms=3.000
[TIMING ] wwise_callback=grid  position_beats=423.994  error_ms=3.000
[TIMING ] wwise_callback=beat  position_beats=424.969  error_ms=5.000
[TIMING ] wwise_callback=grid  position_beats=424.969  error_ms=5.000
[TIMING ] wwise_callback=beat  position_beats=425.983  error_ms=4.000
[TIMING ] wwise_callback=grid  position_beats=425.983  error_ms=4.000
[TIMING ] wwise_callback=beat  position_beats=426.952  error_ms=3.000
[TIMING ] wwise_callback=grid  position_beats=426.952  error_ms=3.000
[TIMING ] wwise_callback=bar  position_beats=427.966  error_ms=2.000
[TIMING ] wwise_callback=beat  position_beats=427.966  error_ms=2.000
[TIMING ] wwise_callback=grid  position_beats=427.966  error_ms=2.000
[TIMING ] wwise_callback=beat  position_beats=428.982  error_ms=1.000
[TIMING ] wwise_callback=grid  position_beats=428.982  error_ms=1.000
[TIMING ] wwise_callback=beat  position_beats=429.950  error_ms=0.000
[TIMING ] wwise_callback=grid  position_beats=429.950  error_ms=0.000
[TIMING ] wwise_callback=beat  position_beats=430.980  error_ms=6.000
[TIMING ] wwise_callback=grid  position_beats=430.980  error_ms=6.000
[TIMING ] wwise_callback=bar  position_beats=431.994  error_ms=5.000
[TIMING ] wwise_callback=beat  position_beats=431.994  error_ms=5.000
[TIMING ] wwise_callback=grid  position_beats=431.994  error_ms=5.000
[AUDIO  ] arrangement=layer  enabled=false  requested_at=432.009
[TIMING ] wwise_callback=beat  position_beats=432.966  error_ms=3.000
[TIMING ] wwise_callback=grid  position_beats=432.966  error_ms=3.000
[TIMING ] wwise_callback=beat  position_beats=433.985  error_ms=6.000
[TIMING ] wwise_callback=grid  position_beats=433.985  error_ms=6.000
[TIMING ] wwise_callback=beat  position_beats=434.999  error_ms=5.000
[TIMING ] wwise_callback=grid  position_beats=434.999  error_ms=5.000
[TIMING ] wwise_callback=bar  position_beats=435.965  error_ms=3.000
[TIMING ] wwise_callback=beat  position_beats=435.965  error_ms=3.000
[TIMING ] wwise_callback=grid  position_beats=435.965  error_ms=3.000
[TIMING ] wwise_callback=beat  position_beats=436.981  error_ms=3.000
[TIMING ] wwise_callback=grid  position_beats=436.981  error_ms=3.000
[TIMING ] wwise_callback=beat  position_beats=437.947  error_ms=1.000
[TIMING ] wwise_callback=grid  position_beats=437.947  error_ms=1.000
[TIMING ] wwise_callback=beat  position_beats=438.964  error_ms=0.000
[TIMING ] wwise_callback=grid  position_beats=438.964  error_ms=0.000
[TIMING ] wwise_callback=bar  position_beats=439.993  error_ms=6.000
[TIMING ] wwise_callback=beat  position_beats=439.993  error_ms=6.000
[TIMING ] wwise_callback=grid  position_beats=439.993  error_ms=6.000
[TIMING ] wwise_callback=beat  position_beats=440.966  error_ms=5.000
[TIMING ] wwise_callback=grid  position_beats=440.966  error_ms=5.000
[TIMING ] wwise_callback=beat  position_beats=441.980  error_ms=4.000
[TIMING ] wwise_callback=grid  position_beats=441.980  error_ms=4.000
[TIMING ] wwise_callback=beat  position_beats=442.985  error_ms=0.000
[TIMING ] wwise_callback=grid  position_beats=442.985  error_ms=0.000
[TIMING ] wwise_callback=bar  position_beats=443.966  error_ms=5.000
[TIMING ] wwise_callback=beat  position_beats=443.966  error_ms=5.000
[TIMING ] wwise_callback=grid  position_beats=443.966  error_ms=5.000
[TIMING ] wwise_callback=beat  position_beats=444.980  error_ms=4.000
[TIMING ] wwise_callback=grid  position_beats=444.980  error_ms=4.000
[TIMING ] wwise_callback=beat  position_beats=445.994  error_ms=3.000
[TIMING ] wwise_callback=grid  position_beats=445.994  error_ms=3.000
[TIMING ] wwise_callback=beat  position_beats=446.963  error_ms=2.000
[TIMING ] wwise_callback=grid  position_beats=446.963  error_ms=2.000
[AUDIO  ] arrangement=transition  section=loop  requested_at=448.009
[TIMING ] wwise_segment=wrapped  segment_ms=14769.000  elapsed_ms=206766.000
[TIMING ] wwise_callback=beat  position_beats=448.945  error_ms=0.000
[TIMING ] wwise_callback=grid  position_beats=448.945  error_ms=0.000
[TIMING ] wwise_callback=beat  position_beats=449.979  error_ms=6.000
[TIMING ] wwise_callback=grid  position_beats=449.979  error_ms=6.000
[TIMING ] wwise_callback=beat  position_beats=450.995  error_ms=5.000
[TIMING ] wwise_callback=grid  position_beats=450.995  error_ms=5.000
[TIMING ] wwise_callback=bar  position_beats=451.951  error_ms=0.000
[TIMING ] wwise_callback=beat  position_beats=451.951  error_ms=0.000
[TIMING ] wwise_callback=grid  position_beats=451.951  error_ms=0.000
[TIMING ] wwise_callback=beat  position_beats=452.980  error_ms=6.000
[TIMING ] wwise_callback=grid  position_beats=452.980  error_ms=6.000
[TIMING ] wwise_callback=beat  position_beats=453.996  error_ms=5.000
[TIMING ] wwise_callback=grid  position_beats=453.996  error_ms=5.000
[TIMING ] wwise_callback=beat  position_beats=454.962  error_ms=3.000
[TIMING ] wwise_callback=grid  position_beats=454.962  error_ms=3.000
[TIMING ] wwise_callback=bar  position_beats=455.978  error_ms=3.000
[TIMING ] wwise_callback=beat  position_beats=455.978  error_ms=3.000
[TIMING ] wwise_callback=grid  position_beats=455.978  error_ms=3.000
[TIMING ] wwise_callback=beat  position_beats=456.992  error_ms=2.000
[TIMING ] wwise_callback=grid  position_beats=456.992  error_ms=2.000
[TIMING ] wwise_callback=beat  position_beats=457.959  error_ms=0.000
[TIMING ] wwise_callback=grid  position_beats=457.959  error_ms=0.000
[TIMING ] wwise_callback=beat  position_beats=458.979  error_ms=0.000
[TIMING ] wwise_callback=grid  position_beats=458.979  error_ms=0.000
[TIMING ] wwise_callback=bar  position_beats=459.950  error_ms=1.000
[TIMING ] wwise_callback=beat  position_beats=459.950  error_ms=1.000
[TIMING ] wwise_callback=grid  position_beats=459.950  error_ms=1.000
[TIMING ] wwise_callback=beat  position_beats=460.977  error_ms=6.000
[TIMING ] wwise_callback=grid  position_beats=460.977  error_ms=6.000
[TIMING ] wwise_callback=beat  position_beats=461.991  error_ms=5.000
[TIMING ] wwise_callback=grid  position_beats=461.991  error_ms=5.000
[TIMING ] wwise_callback=beat  position_beats=462.957  error_ms=3.000
[TIMING ] wwise_callback=grid  position_beats=462.957  error_ms=3.000
[TIMING ] wwise_callback=bar  position_beats=463.969  error_ms=0.000
[TIMING ] wwise_callback=beat  position_beats=463.969  error_ms=0.000
[TIMING ] wwise_callback=grid  position_beats=463.969  error_ms=0.000
[AUDIO  ] arrangement=layer  enabled=true  requested_at=464.017
[TIMING ] wwise_callback=beat  position_beats=464.985  error_ms=0.000
[TIMING ] wwise_callback=grid  position_beats=464.985  error_ms=0.000
[TIMING ] wwise_callback=beat  position_beats=465.967  error_ms=5.000
[TIMING ] wwise_callback=grid  position_beats=465.967  error_ms=5.000
[TIMING ] wwise_callback=beat  position_beats=466.981  error_ms=4.000
[TIMING ] wwise_callback=grid  position_beats=466.981  error_ms=4.000
[TIMING ] wwise_callback=bar  position_beats=467.999  error_ms=3.000
[TIMING ] wwise_callback=beat  position_beats=467.999  error_ms=3.000
[TIMING ] wwise_callback=grid  position_beats=467.999  error_ms=3.000
[TIMING ] wwise_callback=beat  position_beats=468.972  error_ms=5.000
[TIMING ] wwise_callback=grid  position_beats=468.972  error_ms=5.000
[TIMING ] wwise_callback=beat  position_beats=469.986  error_ms=4.000
[TIMING ] wwise_callback=grid  position_beats=469.986  error_ms=4.000
[TIMING ] wwise_callback=beat  position_beats=470.952  error_ms=2.000
[TIMING ] wwise_callback=grid  position_beats=470.952  error_ms=2.000
[TIMING ] wwise_callback=bar  position_beats=471.966  error_ms=1.000
[TIMING ] wwise_callback=beat  position_beats=471.966  error_ms=1.000
[TIMING ] wwise_callback=grid  position_beats=471.966  error_ms=1.000
[TIMING ] wwise_callback=beat  position_beats=472.984  error_ms=1.000
[TIMING ] wwise_callback=grid  position_beats=472.984  error_ms=1.000
[TIMING ] wwise_callback=beat  position_beats=473.966  error_ms=6.000
[TIMING ] wwise_callback=grid  position_beats=473.966  error_ms=6.000
[TIMING ] wwise_callback=beat  position_beats=474.980  error_ms=5.000
[TIMING ] wwise_callback=grid  position_beats=474.980  error_ms=5.000
[TIMING ] wwise_callback=bar  position_beats=475.994  error_ms=4.000
[TIMING ] wwise_callback=beat  position_beats=475.994  error_ms=4.000
[TIMING ] wwise_callback=grid  position_beats=475.994  error_ms=4.000
[TIMING ] wwise_callback=beat  position_beats=476.969  error_ms=6.000
[TIMING ] wwise_callback=grid  position_beats=476.969  error_ms=6.000
[TIMING ] wwise_callback=beat  position_beats=477.985  error_ms=5.000
[TIMING ] wwise_callback=grid  position_beats=477.985  error_ms=5.000
[TIMING ] wwise_callback=beat  position_beats=478.954  error_ms=4.000
[TIMING ] wwise_callback=grid  position_beats=478.954  error_ms=4.000
[TIMING ] wwise_segment=wrapped  segment_ms=14769.000  elapsed_ms=221535.000
[AUDIO  ] arrangement=transition  section=alternate  requested_at=480.015
[TIMING ] wwise_callback=beat  position_beats=480.982  error_ms=2.000
[TIMING ] wwise_callback=grid  position_beats=480.982  error_ms=2.000
[TIMING ] wwise_callback=beat  position_beats=481.950  error_ms=1.000
[TIMING ] wwise_callback=grid  position_beats=481.950  error_ms=1.000
[TIMING ] wwise_callback=beat  position_beats=482.966  error_ms=0.000
[TIMING ] wwise_callback=grid  position_beats=482.966  error_ms=0.000
[TIMING ] wwise_callback=bar  position_beats=483.995  error_ms=6.000
[TIMING ] wwise_callback=beat  position_beats=483.995  error_ms=6.000
[TIMING ] wwise_callback=grid  position_beats=483.995  error_ms=6.000
[TIMING ] wwise_callback=beat  position_beats=484.968  error_ms=4.000
[TIMING ] wwise_callback=grid  position_beats=484.968  error_ms=4.000
[TIMING ] wwise_callback=beat  position_beats=485.969  error_ms=0.000
[TIMING ] wwise_callback=grid  position_beats=485.969  error_ms=0.000
[TIMING ] wwise_callback=beat  position_beats=487.000  error_ms=6.000
[TIMING ] wwise_callback=grid  position_beats=487.000  error_ms=6.000
[TIMING ] wwise_callback=bar  position_beats=487.969  error_ms=5.000
[TIMING ] wwise_callback=beat  position_beats=487.969  error_ms=5.000
[TIMING ] wwise_callback=grid  position_beats=487.969  error_ms=5.000
[TIMING ] wwise_callback=beat  position_beats=488.983  error_ms=4.000
[TIMING ] wwise_callback=grid  position_beats=488.983  error_ms=4.000
[TIMING ] wwise_callback=beat  position_beats=489.949  error_ms=2.000
[TIMING ] wwise_callback=grid  position_beats=489.949  error_ms=2.000
[TIMING ] wwise_callback=beat  position_beats=490.963  error_ms=1.000
[TIMING ] wwise_callback=grid  position_beats=490.963  error_ms=1.000
[TIMING ] wwise_callback=bar  position_beats=491.982  error_ms=1.000
[TIMING ] wwise_callback=beat  position_beats=491.982  error_ms=1.000
[TIMING ] wwise_callback=grid  position_beats=491.982  error_ms=1.000
[TIMING ] wwise_callback=beat  position_beats=492.965  error_ms=6.000
[TIMING ] wwise_callback=grid  position_beats=492.965  error_ms=6.000
[TIMING ] wwise_callback=beat  position_beats=493.981  error_ms=5.000
[TIMING ] wwise_callback=grid  position_beats=493.981  error_ms=5.000
[TIMING ] wwise_callback=beat  position_beats=494.985  error_ms=1.000
[TIMING ] wwise_callback=grid  position_beats=494.985  error_ms=1.000
[TIMING ] wwise_callback=bar  position_beats=495.966  error_ms=6.000
[TIMING ] wwise_callback=beat  position_beats=495.966  error_ms=6.000
[TIMING ] wwise_callback=grid  position_beats=495.966  error_ms=6.000
[AUDIO  ] arrangement=layer  enabled=false  requested_at=496.001
[TIMING ] wwise_callback=beat  position_beats=496.982  error_ms=5.000
[TIMING ] wwise_callback=grid  position_beats=496.982  error_ms=5.000
[TIMING ] wwise_callback=beat  position_beats=497.998  error_ms=5.000
[TIMING ] wwise_callback=grid  position_beats=497.998  error_ms=5.000
[TIMING ] wwise_callback=beat  position_beats=498.965  error_ms=3.000
[TIMING ] wwise_callback=grid  position_beats=498.965  error_ms=3.000
[TIMING ] wwise_callback=bar  position_beats=499.979  error_ms=2.000
[TIMING ] wwise_callback=beat  position_beats=499.979  error_ms=2.000
[TIMING ] wwise_callback=grid  position_beats=499.979  error_ms=2.000
[TIMING ] wwise_callback=beat  position_beats=500.945  error_ms=0.000
[TIMING ] wwise_callback=grid  position_beats=500.945  error_ms=0.000
[TIMING ] wwise_callback=beat  position_beats=501.966  error_ms=0.000
[TIMING ] wwise_callback=grid  position_beats=501.966  error_ms=0.000
[TIMING ] wwise_callback=beat  position_beats=502.997  error_ms=6.000
[TIMING ] wwise_callback=grid  position_beats=502.997  error_ms=6.000
[TIMING ] wwise_callback=bar  position_beats=503.952  error_ms=1.000
[TIMING ] wwise_callback=beat  position_beats=503.952  error_ms=1.000
[TIMING ] wwise_callback=grid  position_beats=503.952  error_ms=1.000
[TIMING ] wwise_callback=beat  position_beats=504.966  error_ms=0.000
[TIMING ] wwise_callback=grid  position_beats=504.966  error_ms=0.000
[TIMING ] position_discontinuity=1  position_beats=505.172174  delta_error_ms=-29.420  accepted=true
[TIMING ] position_discontinuity=2  position_beats=505.239340  delta_error_ms=30.478  accepted=true
[TIMING ] wwise_callback=beat  position_beats=505.987  error_ms=1.000
[TIMING ] wwise_callback=grid  position_beats=505.987  error_ms=1.000
[TIMING ] wwise_callback=beat  position_beats=506.955  error_ms=0.000
[TIMING ] wwise_callback=grid  position_beats=506.955  error_ms=0.000
[TIMING ] wwise_callback=bar  position_beats=507.984  error_ms=6.000
[TIMING ] wwise_callback=beat  position_beats=507.984  error_ms=6.000
[TIMING ] wwise_callback=grid  position_beats=507.984  error_ms=6.000
[TIMING ] wwise_callback=beat  position_beats=508.998  error_ms=5.000
[TIMING ] wwise_callback=grid  position_beats=508.998  error_ms=5.000
[TIMING ] wwise_callback=beat  position_beats=509.965  error_ms=3.000
[TIMING ] wwise_callback=grid  position_beats=509.965  error_ms=3.000
[TIMING ] wwise_callback=beat  position_beats=510.985  error_ms=3.000
[TIMING ] wwise_callback=grid  position_beats=510.985  error_ms=3.000
[AUDIO  ] arrangement=transition  section=loop  requested_at=512.001
[TIMING ] wwise_segment=wrapped  segment_ms=14769.000  elapsed_ms=236304.000
[TIMING ] wwise_callback=beat  position_beats=512.972  error_ms=4.000
[TIMING ] wwise_callback=grid  position_beats=512.972  error_ms=4.000
[TIMING ] wwise_callback=beat  position_beats=513.986  error_ms=3.000
[TIMING ] wwise_callback=grid  position_beats=513.986  error_ms=3.000
[TIMING ] wwise_callback=beat  position_beats=514.955  error_ms=2.000
[TIMING ] wwise_callback=grid  position_beats=514.955  error_ms=2.000
[TIMING ] wwise_callback=bar  position_beats=515.969  error_ms=1.000
[TIMING ] wwise_callback=beat  position_beats=515.969  error_ms=1.000
[TIMING ] wwise_callback=grid  position_beats=515.969  error_ms=1.000
[TIMING ] wwise_callback=beat  position_beats=516.985  error_ms=0.000
[TIMING ] wwise_callback=grid  position_beats=516.985  error_ms=0.000
[TIMING ] wwise_callback=beat  position_beats=517.966  error_ms=5.000
[TIMING ] wwise_callback=grid  position_beats=517.966  error_ms=5.000
[TIMING ] wwise_callback=beat  position_beats=518.982  error_ms=5.000
[TIMING ] wwise_callback=grid  position_beats=518.982  error_ms=5.000
[TIMING ] wwise_callback=bar  position_beats=520.001  error_ms=4.000
[TIMING ] wwise_callback=beat  position_beats=520.001  error_ms=4.000
[TIMING ] wwise_callback=grid  position_beats=520.001  error_ms=4.000
[TIMING ] wwise_callback=beat  position_beats=520.971  error_ms=6.000
[TIMING ] wwise_callback=grid  position_beats=520.971  error_ms=6.000
[TIMING ] wwise_callback=beat  position_beats=521.988  error_ms=5.000
[TIMING ] wwise_callback=grid  position_beats=521.988  error_ms=5.000
[TIMING ] wwise_callback=beat  position_beats=522.954  error_ms=3.000
[TIMING ] wwise_callback=grid  position_beats=522.954  error_ms=3.000
[TIMING ] wwise_callback=bar  position_beats=523.968  error_ms=2.000
[TIMING ] wwise_callback=beat  position_beats=523.968  error_ms=2.000
[TIMING ] wwise_callback=grid  position_beats=523.968  error_ms=2.000
[TIMING ] wwise_callback=beat  position_beats=524.984  error_ms=2.000
[TIMING ] wwise_callback=grid  position_beats=524.984  error_ms=2.000
[TIMING ] wwise_callback=beat  position_beats=525.950  error_ms=0.000
[TIMING ] wwise_callback=grid  position_beats=525.950  error_ms=0.000
[TIMING ] wwise_callback=beat  position_beats=526.982  error_ms=6.000
[TIMING ] wwise_callback=grid  position_beats=526.982  error_ms=6.000
[TIMING ] wwise_callback=bar  position_beats=527.996  error_ms=5.000
[TIMING ] wwise_callback=beat  position_beats=527.996  error_ms=5.000
[TIMING ] wwise_callback=grid  position_beats=527.996  error_ms=5.000
[AUDIO  ] arrangement=layer  enabled=true  requested_at=528.011
[TIMING ] wwise_callback=beat  position_beats=528.956  error_ms=0.000
[TIMING ] wwise_callback=grid  position_beats=528.956  error_ms=0.000
[TIMING ] wwise_callback=beat  position_beats=529.985  error_ms=6.000
[TIMING ] wwise_callback=grid  position_beats=529.985  error_ms=6.000
[TIMING ] wwise_callback=beat  position_beats=530.953  error_ms=5.000
[TIMING ] wwise_callback=grid  position_beats=530.953  error_ms=5.000
[TIMING ] wwise_callback=bar  position_beats=531.969  error_ms=4.000
[TIMING ] wwise_callback=beat  position_beats=531.969  error_ms=4.000
[TIMING ] wwise_callback=grid  position_beats=531.969  error_ms=4.000
[TIMING ] wwise_callback=beat  position_beats=532.985  error_ms=4.000
[TIMING ] wwise_callback=grid  position_beats=532.985  error_ms=4.000
[TIMING ] wwise_callback=beat  position_beats=533.952  error_ms=2.000
[TIMING ] wwise_callback=grid  position_beats=533.952  error_ms=2.000
[TIMING ] wwise_callback=beat  position_beats=534.966  error_ms=1.000
[TIMING ] wwise_callback=grid  position_beats=534.966  error_ms=1.000
[TIMING ] wwise_callback=bar  position_beats=535.986  error_ms=2.000
[TIMING ] wwise_callback=beat  position_beats=535.986  error_ms=2.000
[TIMING ] wwise_callback=grid  position_beats=535.986  error_ms=2.000
[TIMING ] wwise_callback=beat  position_beats=536.955  error_ms=0.000
[TIMING ] wwise_callback=grid  position_beats=536.955  error_ms=0.000
[TIMING ] wwise_callback=beat  position_beats=537.973  error_ms=2.000
[TIMING ] wwise_callback=grid  position_beats=537.973  error_ms=2.000
[TIMING ] wwise_callback=beat  position_beats=538.987  error_ms=1.000
[TIMING ] wwise_callback=grid  position_beats=538.987  error_ms=1.000
[TIMING ] wwise_callback=bar  position_beats=539.956  error_ms=0.000
[TIMING ] wwise_callback=beat  position_beats=539.956  error_ms=0.000
[TIMING ] wwise_callback=grid  position_beats=539.956  error_ms=0.000
[TIMING ] wwise_callback=beat  position_beats=540.987  error_ms=6.000
[TIMING ] wwise_callback=grid  position_beats=540.987  error_ms=6.000
[TIMING ] wwise_callback=beat  position_beats=541.955  error_ms=5.000
[TIMING ] wwise_callback=grid  position_beats=541.955  error_ms=5.000
[TIMING ] wwise_callback=beat  position_beats=542.969  error_ms=4.000
[TIMING ] wwise_callback=grid  position_beats=542.969  error_ms=4.000
[AUDIO  ] arrangement=transition  section=alternate  requested_at=544.014
[TIMING ] wwise_segment=wrapped  segment_ms=14769.000  elapsed_ms=251073.000
[TIMING ] wwise_callback=beat  position_beats=544.958  error_ms=3.000
[TIMING ] wwise_callback=grid  position_beats=544.958  error_ms=3.000
[TIMING ] wwise_callback=beat  position_beats=545.972  error_ms=2.000
[TIMING ] wwise_callback=grid  position_beats=545.972  error_ms=2.000
[TIMING ] wwise_callback=beat  position_beats=546.991  error_ms=4.000
[TIMING ] wwise_callback=grid  position_beats=546.991  error_ms=4.000
[TIMING ] wwise_callback=bar  position_beats=547.959  error_ms=3.000
[TIMING ] wwise_callback=beat  position_beats=547.959  error_ms=3.000
[TIMING ] wwise_callback=grid  position_beats=547.959  error_ms=3.000
[TIMING ] wwise_callback=beat  position_beats=548.973  error_ms=2.000
[TIMING ] wwise_callback=grid  position_beats=548.973  error_ms=2.000
[TIMING ] wwise_callback=beat  position_beats=549.987  error_ms=1.000
[TIMING ] wwise_callback=grid  position_beats=549.987  error_ms=1.000
[TIMING ] wwise_callback=beat  position_beats=550.956  error_ms=0.000
[TIMING ] wwise_callback=grid  position_beats=550.956  error_ms=0.000
[TIMING ] wwise_callback=bar  position_beats=551.987  error_ms=6.000
[TIMING ] wwise_callback=beat  position_beats=551.987  error_ms=6.000
[TIMING ] wwise_callback=grid  position_beats=551.987  error_ms=6.000
[TIMING ] wwise_callback=beat  position_beats=552.953  error_ms=4.000
[TIMING ] wwise_callback=grid  position_beats=552.953  error_ms=4.000
[TIMING ] wwise_callback=beat  position_beats=553.972  error_ms=3.000
[TIMING ] wwise_callback=grid  position_beats=553.972  error_ms=3.000
[TIMING ] wwise_callback=beat  position_beats=554.988  error_ms=3.000
[TIMING ] wwise_callback=grid  position_beats=554.988  error_ms=3.000
[TIMING ] wwise_callback=bar  position_beats=555.956  error_ms=4.000
[TIMING ] wwise_callback=beat  position_beats=555.956  error_ms=4.000
[TIMING ] wwise_callback=grid  position_beats=555.956  error_ms=4.000
[TIMING ] wwise_callback=beat  position_beats=556.972  error_ms=3.000
[TIMING ] wwise_callback=grid  position_beats=556.972  error_ms=3.000
[TIMING ] wwise_callback=beat  position_beats=557.989  error_ms=3.000
[TIMING ] wwise_callback=grid  position_beats=557.989  error_ms=3.000
[TIMING ] wwise_callback=beat  position_beats=558.955  error_ms=1.000
[TIMING ] wwise_callback=grid  position_beats=558.955  error_ms=1.000
[TIMING ] wwise_callback=bar  position_beats=559.969  error_ms=0.000
[TIMING ] wwise_callback=beat  position_beats=559.969  error_ms=0.000
[TIMING ] wwise_callback=grid  position_beats=559.969  error_ms=0.000
[AUDIO  ] arrangement=layer  enabled=false  requested_at=560.019
[TIMING ] wwise_callback=beat  position_beats=560.987  error_ms=0.000
[TIMING ] wwise_callback=grid  position_beats=560.987  error_ms=0.000
[TIMING ] wwise_callback=beat  position_beats=561.969  error_ms=5.000
[TIMING ] wwise_callback=grid  position_beats=561.969  error_ms=5.000
[TIMING ] wwise_callback=beat  position_beats=562.991  error_ms=4.000
[TIMING ] wwise_callback=grid  position_beats=562.991  error_ms=4.000
[TIMING ] wwise_callback=bar  position_beats=563.958  error_ms=6.000
[TIMING ] wwise_callback=beat  position_beats=563.958  error_ms=6.000
[TIMING ] wwise_callback=grid  position_beats=563.958  error_ms=6.000
[TIMING ] wwise_callback=beat  position_beats=564.972  error_ms=5.000
[TIMING ] wwise_callback=grid  position_beats=564.972  error_ms=5.000
[TIMING ] wwise_callback=beat  position_beats=565.988  error_ms=4.000
[TIMING ] wwise_callback=grid  position_beats=565.988  error_ms=4.000
[TIMING ] wwise_callback=beat  position_beats=566.956  error_ms=3.000
[TIMING ] wwise_callback=grid  position_beats=566.956  error_ms=3.000
[TIMING ] wwise_callback=bar  position_beats=567.970  error_ms=2.000
[TIMING ] wwise_callback=beat  position_beats=567.970  error_ms=2.000
[TIMING ] wwise_callback=grid  position_beats=567.970  error_ms=2.000
[TIMING ] wwise_callback=beat  position_beats=568.984  error_ms=1.000
[TIMING ] wwise_callback=grid  position_beats=568.984  error_ms=1.000
[TIMING ] wwise_callback=beat  position_beats=569.953  error_ms=0.000
[TIMING ] wwise_callback=grid  position_beats=569.953  error_ms=0.000
[TIMING ] wwise_callback=beat  position_beats=570.971  error_ms=0.000
[TIMING ] wwise_callback=grid  position_beats=570.971  error_ms=0.000
[TIMING ] wwise_callback=bar  position_beats=572.005  error_ms=6.000
[TIMING ] wwise_callback=beat  position_beats=572.005  error_ms=6.000
[TIMING ] wwise_callback=grid  position_beats=572.005  error_ms=6.000
[TIMING ] wwise_callback=beat  position_beats=572.958  error_ms=0.000
[TIMING ] wwise_callback=grid  position_beats=572.958  error_ms=0.000
[TIMING ] wwise_callback=beat  position_beats=573.974  error_ms=0.000
[TIMING ] wwise_callback=grid  position_beats=573.974  error_ms=0.000
[TIMING ] wwise_callback=beat  position_beats=574.956  error_ms=5.000
[TIMING ] wwise_callback=grid  position_beats=574.956  error_ms=5.000
[AUDIO  ] arrangement=transition  section=loop  requested_at=576.002
[TIMING ] wwise_segment=wrapped  segment_ms=14769.000  elapsed_ms=265842.000
[TIMING ] wwise_callback=beat  position_beats=576.986  error_ms=3.000
[TIMING ] wwise_callback=grid  position_beats=576.986  error_ms=3.000
[TIMING ] wwise_callback=beat  position_beats=577.954  error_ms=2.000
[TIMING ] wwise_callback=grid  position_beats=577.954  error_ms=2.000
[TIMING ] wwise_callback=beat  position_beats=578.968  error_ms=1.000
[TIMING ] wwise_callback=grid  position_beats=578.968  error_ms=1.000
[TIMING ] wwise_callback=bar  position_beats=579.984  error_ms=0.000
[TIMING ] wwise_callback=beat  position_beats=579.984  error_ms=0.000
[TIMING ] wwise_callback=grid  position_beats=579.984  error_ms=0.000
[TIMING ] wwise_callback=beat  position_beats=580.959  error_ms=2.000
[TIMING ] wwise_callback=grid  position_beats=580.959  error_ms=2.000
[TIMING ] wwise_callback=beat  position_beats=581.973  error_ms=1.000
[TIMING ] wwise_callback=grid  position_beats=581.973  error_ms=1.000
[TIMING ] wwise_callback=beat  position_beats=582.942  error_ms=0.000
[TIMING ] wwise_callback=grid  position_beats=582.942  error_ms=0.000
[TIMING ] wwise_callback=bar  position_beats=583.971  error_ms=6.000
[TIMING ] wwise_callback=beat  position_beats=583.971  error_ms=6.000
[TIMING ] wwise_callback=grid  position_beats=583.971  error_ms=6.000
[TIMING ] wwise_callback=beat  position_beats=584.987  error_ms=5.000
[TIMING ] wwise_callback=grid  position_beats=584.987  error_ms=5.000
[TIMING ] wwise_callback=beat  position_beats=585.954  error_ms=3.000
[TIMING ] wwise_callback=grid  position_beats=585.954  error_ms=3.000
[TIMING ] wwise_callback=beat  position_beats=586.970  error_ms=3.000
[TIMING ] wwise_callback=grid  position_beats=586.970  error_ms=3.000
[TIMING ] wwise_callback=bar  position_beats=587.992  error_ms=6.000
[TIMING ] wwise_callback=beat  position_beats=587.992  error_ms=6.000
[TIMING ] wwise_callback=grid  position_beats=587.992  error_ms=6.000
[TIMING ] wwise_callback=beat  position_beats=588.963  error_ms=4.000
[TIMING ] wwise_callback=grid  position_beats=588.963  error_ms=4.000
[TIMING ] wwise_callback=beat  position_beats=589.968  error_ms=0.000
[TIMING ] wwise_callback=grid  position_beats=589.968  error_ms=0.000
[TIMING ] wwise_callback=beat  position_beats=590.998  error_ms=6.000
[TIMING ] wwise_callback=grid  position_beats=590.998  error_ms=6.000
[TIMING ] wwise_callback=bar  position_beats=591.964  error_ms=4.000
[TIMING ] wwise_callback=beat  position_beats=591.964  error_ms=4.000
[TIMING ] wwise_callback=grid  position_beats=591.964  error_ms=4.000
[AUDIO  ] arrangement=layer  enabled=true  requested_at=592.012
[TIMING ] wwise_callback=beat  position_beats=592.980  error_ms=4.000
[TIMING ] wwise_callback=grid  position_beats=592.980  error_ms=4.000
[TIMING ] wwise_callback=beat  position_beats=593.946  error_ms=2.000
[TIMING ] wwise_callback=grid  position_beats=593.946  error_ms=2.000
[TIMING ] wwise_callback=beat  position_beats=594.963  error_ms=1.000
[TIMING ] wwise_callback=grid  position_beats=594.963  error_ms=1.000
[TIMING ] wwise_callback=bar  position_beats=595.977  error_ms=0.000
[TIMING ] wwise_callback=beat  position_beats=595.977  error_ms=0.000
[TIMING ] wwise_callback=grid  position_beats=595.977  error_ms=0.000
[TIMING ] wwise_callback=beat  position_beats=596.965  error_ms=6.000
[TIMING ] wwise_callback=grid  position_beats=596.965  error_ms=6.000
[TIMING ] wwise_callback=beat  position_beats=597.979  error_ms=5.000
[TIMING ] wwise_callback=grid  position_beats=597.979  error_ms=5.000
[TIMING ] wwise_callback=beat  position_beats=598.984  error_ms=1.000
[TIMING ] wwise_callback=grid  position_beats=598.984  error_ms=1.000
[TIMING ] wwise_callback=bar  position_beats=599.965  error_ms=6.000
[TIMING ] wwise_callback=beat  position_beats=599.965  error_ms=6.000
[TIMING ] wwise_callback=grid  position_beats=599.965  error_ms=6.000
[TIMING ] wwise_callback=beat  position_beats=600.979  error_ms=5.000
[TIMING ] wwise_callback=grid  position_beats=600.979  error_ms=5.000
[TIMING ] wwise_callback=beat  position_beats=601.993  error_ms=4.000
[TIMING ] wwise_callback=grid  position_beats=601.993  error_ms=4.000
[TIMING ] wwise_callback=beat  position_beats=602.962  error_ms=3.000
[TIMING ] wwise_callback=grid  position_beats=602.962  error_ms=3.000
[TIMING ] wwise_callback=bar  position_beats=603.980  error_ms=3.000
[TIMING ] wwise_callback=beat  position_beats=603.980  error_ms=3.000
[TIMING ] wwise_callback=grid  position_beats=603.980  error_ms=3.000
[TIMING ] wwise_callback=beat  position_beats=604.946  error_ms=1.000
[TIMING ] wwise_callback=grid  position_beats=604.946  error_ms=1.000
[TIMING ] wwise_callback=beat  position_beats=605.965  error_ms=0.000
[TIMING ] wwise_callback=grid  position_beats=605.965  error_ms=0.000
[TIMING ] wwise_callback=beat  position_beats=606.994  error_ms=6.000
[TIMING ] wwise_callback=grid  position_beats=606.994  error_ms=6.000
[TIMING ] wwise_segment=wrapped  segment_ms=14769.000  elapsed_ms=280611.000
[AUDIO  ] arrangement=transition  section=alternate  requested_at=608.010
[TIMING ] wwise_callback=beat  position_beats=608.963  error_ms=0.000
[TIMING ] wwise_callback=grid  position_beats=608.963  error_ms=0.000
[TIMING ] wwise_callback=beat  position_beats=609.995  error_ms=6.000
[TIMING ] wwise_callback=grid  position_beats=609.995  error_ms=6.000
[TIMING ] wwise_callback=beat  position_beats=610.961  error_ms=4.000
[TIMING ] wwise_callback=grid  position_beats=610.961  error_ms=4.000
[TIMING ] wwise_callback=bar  position_beats=611.977  error_ms=4.000
[TIMING ] wwise_callback=beat  position_beats=611.977  error_ms=4.000
[TIMING ] wwise_callback=grid  position_beats=611.977  error_ms=4.000
[TIMING ] wwise_callback=beat  position_beats=612.991  error_ms=3.000
[TIMING ] wwise_callback=grid  position_beats=612.991  error_ms=3.000
[TIMING ] wwise_callback=beat  position_beats=613.958  error_ms=1.000
[TIMING ] wwise_callback=grid  position_beats=613.958  error_ms=1.000
[TIMING ] wwise_callback=beat  position_beats=614.978  error_ms=0.000
[TIMING ] wwise_callback=grid  position_beats=614.978  error_ms=0.000
[TIMING ] wwise_callback=bar  position_beats=615.949  error_ms=2.000
[TIMING ] wwise_callback=beat  position_beats=615.949  error_ms=2.000
[TIMING ] wwise_callback=grid  position_beats=615.949  error_ms=2.000
[TIMING ] wwise_callback=beat  position_beats=616.963  error_ms=1.000
[TIMING ] wwise_callback=grid  position_beats=616.963  error_ms=1.000
[TIMING ] wwise_callback=beat  position_beats=617.977  error_ms=0.000
[TIMING ] wwise_callback=grid  position_beats=617.977  error_ms=0.000
[TIMING ] wwise_callback=beat  position_beats=618.960  error_ms=6.000
[TIMING ] wwise_callback=grid  position_beats=618.960  error_ms=6.000
[TIMING ] wwise_callback=bar  position_beats=619.977  error_ms=5.000
[TIMING ] wwise_callback=beat  position_beats=619.977  error_ms=5.000
[TIMING ] wwise_callback=grid  position_beats=619.977  error_ms=5.000
[TIMING ] wwise_callback=beat  position_beats=620.991  error_ms=4.000
[TIMING ] wwise_callback=grid  position_beats=620.991  error_ms=4.000
[TIMING ] wwise_callback=beat  position_beats=621.959  error_ms=3.000
[TIMING ] wwise_callback=grid  position_beats=621.959  error_ms=3.000
[TIMING ] wwise_callback=beat  position_beats=622.973  error_ms=2.000
[TIMING ] wwise_callback=grid  position_beats=622.973  error_ms=2.000
[TIMING ] wwise_callback=bar  position_beats=623.991  error_ms=1.000
[TIMING ] wwise_callback=beat  position_beats=623.991  error_ms=1.000
[TIMING ] wwise_callback=grid  position_beats=623.991  error_ms=1.000
[AUDIO  ] arrangement=layer  enabled=false  requested_at=624.004
[TIMING ] wwise_callback=beat  position_beats=624.964  error_ms=3.000
[TIMING ] wwise_callback=grid  position_beats=624.964  error_ms=3.000
[TIMING ] wwise_callback=beat  position_beats=625.978  error_ms=2.000
[TIMING ] wwise_callback=grid  position_beats=625.978  error_ms=2.000
[TIMING ] wwise_callback=beat  position_beats=626.944  error_ms=0.000
[TIMING ] wwise_callback=grid  position_beats=626.944  error_ms=0.000
[TIMING ] wwise_callback=bar  position_beats=627.961  error_ms=0.000
[TIMING ] wwise_callback=beat  position_beats=627.961  error_ms=0.000
[TIMING ] wwise_callback=grid  position_beats=627.961  error_ms=0.000
[TIMING ] wwise_callback=beat  position_beats=628.992  error_ms=6.000
[TIMING ] wwise_callback=grid  position_beats=628.992  error_ms=6.000
[TIMING ] wwise_callback=beat  position_beats=629.958  error_ms=4.000
[TIMING ] wwise_callback=grid  position_beats=629.958  error_ms=4.000
[TIMING ] wwise_callback=beat  position_beats=630.972  error_ms=3.000
[TIMING ] wwise_callback=grid  position_beats=630.972  error_ms=3.000
[TIMING ] wwise_callback=bar  position_beats=631.993  error_ms=5.000
[TIMING ] wwise_callback=beat  position_beats=631.993  error_ms=5.000
[TIMING ] wwise_callback=grid  position_beats=631.993  error_ms=5.000
[TIMING ] wwise_callback=beat  position_beats=632.961  error_ms=4.000
[TIMING ] wwise_callback=grid  position_beats=632.961  error_ms=4.000
[TIMING ] wwise_callback=beat  position_beats=633.980  error_ms=4.000
[TIMING ] wwise_callback=grid  position_beats=633.980  error_ms=4.000
[TIMING ] wwise_callback=beat  position_beats=634.946  error_ms=2.000
[TIMING ] wwise_callback=grid  position_beats=634.946  error_ms=2.000
[TIMING ] wwise_callback=bar  position_beats=635.960  error_ms=1.000
[TIMING ] wwise_callback=beat  position_beats=635.960  error_ms=1.000
[TIMING ] wwise_callback=grid  position_beats=635.960  error_ms=1.000
[TIMING ] wwise_callback=beat  position_beats=636.974  error_ms=0.000
[TIMING ] wwise_callback=grid  position_beats=636.974  error_ms=0.000
[TIMING ] wwise_callback=beat  position_beats=637.958  error_ms=6.000
[TIMING ] wwise_callback=grid  position_beats=637.958  error_ms=6.000
[TIMING ] wwise_callback=beat  position_beats=638.974  error_ms=5.000
[TIMING ] wwise_callback=grid  position_beats=638.974  error_ms=5.000
[AUDIO  ] arrangement=transition  section=loop  requested_at=640.003
[TIMING ] wwise_segment=wrapped  segment_ms=14769.000  elapsed_ms=295380.000
[TIMING ] wwise_callback=beat  position_beats=640.958  error_ms=3.000
[TIMING ] wwise_callback=grid  position_beats=640.958  error_ms=3.000
[TIMING ] wwise_callback=beat  position_beats=641.977  error_ms=5.000
[TIMING ] wwise_callback=grid  position_beats=641.977  error_ms=5.000
[TIMING ] wwise_callback=beat  position_beats=642.991  error_ms=4.000
[TIMING ] wwise_callback=grid  position_beats=642.991  error_ms=4.000
[TIMING ] wwise_callback=bar  position_beats=643.959  error_ms=3.000
[TIMING ] wwise_callback=beat  position_beats=643.959  error_ms=3.000
[TIMING ] wwise_callback=grid  position_beats=643.959  error_ms=3.000
[TIMING ] wwise_callback=beat  position_beats=644.975  error_ms=2.000
[TIMING ] wwise_callback=grid  position_beats=644.975  error_ms=2.000
[TIMING ] wwise_callback=beat  position_beats=645.944  error_ms=1.000
[TIMING ] wwise_callback=grid  position_beats=645.944  error_ms=1.000
[TIMING ] wwise_callback=beat  position_beats=646.958  error_ms=0.000
[TIMING ] wwise_callback=grid  position_beats=646.958  error_ms=0.000
[TIMING ] wwise_callback=bar  position_beats=647.987  error_ms=6.000
[TIMING ] wwise_callback=beat  position_beats=647.987  error_ms=6.000
[TIMING ] wwise_callback=grid  position_beats=647.987  error_ms=6.000
[TIMING ] wwise_callback=beat  position_beats=648.958  error_ms=4.000
[TIMING ] wwise_callback=grid  position_beats=648.958  error_ms=4.000
[TIMING ] wwise_callback=beat  position_beats=649.974  error_ms=3.000
[TIMING ] wwise_callback=grid  position_beats=649.974  error_ms=3.000
[TIMING ] wwise_callback=beat  position_beats=650.992  error_ms=6.000
[TIMING ] wwise_callback=grid  position_beats=650.992  error_ms=6.000
[TIMING ] wwise_callback=bar  position_beats=651.958  error_ms=4.000
[TIMING ] wwise_callback=beat  position_beats=651.958  error_ms=4.000
[TIMING ] wwise_callback=grid  position_beats=651.958  error_ms=4.000
[TIMING ] wwise_callback=beat  position_beats=652.970  error_ms=2.000
[TIMING ] wwise_callback=grid  position_beats=652.970  error_ms=2.000
[TIMING ] wwise_callback=beat  position_beats=653.984  error_ms=0.000
[TIMING ] wwise_callback=grid  position_beats=653.984  error_ms=0.000
[TIMING ] wwise_callback=beat  position_beats=654.968  error_ms=6.000
[TIMING ] wwise_callback=grid  position_beats=654.968  error_ms=6.000
[TIMING ] wwise_callback=bar  position_beats=655.971  error_ms=0.000
[TIMING ] wwise_callback=beat  position_beats=655.971  error_ms=0.000
[TIMING ] wwise_callback=grid  position_beats=655.971  error_ms=0.000
[AUDIO  ] arrangement=layer  enabled=true  requested_at=656.001
[TIMING ] wwise_callback=beat  position_beats=656.961  error_ms=9.000
[TIMING ] wwise_callback=grid  position_beats=656.961  error_ms=9.000
[TIMING ] wwise_callback=beat  position_beats=657.973  error_ms=4.000
[TIMING ] wwise_callback=grid  position_beats=657.973  error_ms=4.000
[TIMING ] wwise_callback=beat  position_beats=658.987  error_ms=4.000
[TIMING ] wwise_callback=grid  position_beats=658.987  error_ms=4.000
[TIMING ] wwise_callback=bar  position_beats=659.958  error_ms=5.000
[TIMING ] wwise_callback=beat  position_beats=659.958  error_ms=5.000
[TIMING ] wwise_callback=grid  position_beats=659.958  error_ms=5.000
[TIMING ] wwise_callback=beat  position_beats=660.974  error_ms=5.000
[TIMING ] wwise_callback=grid  position_beats=660.974  error_ms=5.000
[TIMING ] wwise_callback=beat  position_beats=661.988  error_ms=4.000
[TIMING ] wwise_callback=grid  position_beats=661.988  error_ms=4.000
[TIMING ] wwise_callback=beat  position_beats=662.954  error_ms=2.000
[TIMING ] wwise_callback=grid  position_beats=662.954  error_ms=2.000
[TIMING ] wwise_callback=bar  position_beats=663.973  error_ms=2.000
[TIMING ] wwise_callback=beat  position_beats=663.973  error_ms=2.000
[TIMING ] wwise_callback=grid  position_beats=663.973  error_ms=2.000
[TIMING ] wwise_callback=beat  position_beats=664.987  error_ms=1.000
[TIMING ] wwise_callback=grid  position_beats=664.987  error_ms=1.000
[TIMING ] wwise_callback=beat  position_beats=665.968  error_ms=6.000
[TIMING ] wwise_callback=grid  position_beats=665.968  error_ms=6.000
[TIMING ] wwise_callback=beat  position_beats=666.986  error_ms=5.000
[TIMING ] wwise_callback=grid  position_beats=666.986  error_ms=5.000
[TIMING ] wwise_callback=bar  position_beats=667.942  error_ms=0.000
[TIMING ] wwise_callback=beat  position_beats=667.942  error_ms=0.000
[TIMING ] wwise_callback=grid  position_beats=667.942  error_ms=0.000
[TIMING ] wwise_callback=beat  position_beats=668.973  error_ms=6.000
[TIMING ] wwise_callback=grid  position_beats=668.973  error_ms=6.000
[TIMING ] wwise_callback=beat  position_beats=669.987  error_ms=5.000
[TIMING ] wwise_callback=grid  position_beats=669.987  error_ms=5.000
[TIMING ] wwise_callback=beat  position_beats=670.956  error_ms=4.000
[TIMING ] wwise_callback=grid  position_beats=670.956  error_ms=4.000
[AUDIO  ] arrangement=transition  section=alternate  requested_at=672.000
[TIMING ] wwise_segment=wrapped  segment_ms=14769.000  elapsed_ms=310149.000
[TIMING ] wwise_callback=beat  position_beats=672.986  error_ms=2.000
[TIMING ] wwise_callback=grid  position_beats=672.986  error_ms=2.000
[TIMING ] wwise_callback=beat  position_beats=673.954  error_ms=1.000
[TIMING ] wwise_callback=grid  position_beats=673.954  error_ms=1.000
[TIMING ] wwise_callback=beat  position_beats=674.968  error_ms=0.000
[TIMING ] wwise_callback=grid  position_beats=674.968  error_ms=0.000
[TIMING ] wwise_callback=bar  position_beats=675.943  error_ms=2.000
[TIMING ] wwise_callback=beat  position_beats=675.943  error_ms=2.000
[TIMING ] wwise_callback=grid  position_beats=675.943  error_ms=2.000
[TIMING ] wwise_callback=beat  position_beats=676.957  error_ms=1.000
[TIMING ] wwise_callback=grid  position_beats=676.957  error_ms=1.000
[TIMING ] wwise_callback=beat  position_beats=677.973  error_ms=0.000
[TIMING ] wwise_callback=grid  position_beats=677.973  error_ms=0.000
[TIMING ] wwise_callback=beat  position_beats=678.955  error_ms=5.000
[TIMING ] wwise_callback=grid  position_beats=678.955  error_ms=5.000
[TIMING ] wwise_callback=bar  position_beats=679.971  error_ms=5.000
[TIMING ] wwise_callback=beat  position_beats=679.971  error_ms=5.000
[TIMING ] wwise_callback=grid  position_beats=679.971  error_ms=5.000
[TIMING ] wwise_callback=beat  position_beats=680.985  error_ms=4.000
[TIMING ] wwise_callback=grid  position_beats=680.985  error_ms=4.000
[TIMING ] wwise_callback=beat  position_beats=681.951  error_ms=2.000
[TIMING ] wwise_callback=grid  position_beats=681.951  error_ms=2.000
[TIMING ] wwise_callback=beat  position_beats=682.968  error_ms=1.000
[TIMING ] wwise_callback=grid  position_beats=682.968  error_ms=1.000
[TIMING ] wwise_callback=bar  position_beats=683.984  error_ms=1.000
[TIMING ] wwise_callback=beat  position_beats=683.984  error_ms=1.000
[TIMING ] wwise_callback=grid  position_beats=683.984  error_ms=1.000
[TIMING ] wwise_callback=beat  position_beats=684.957  error_ms=2.000
[TIMING ] wwise_callback=grid  position_beats=684.957  error_ms=2.000
[TIMING ] wwise_callback=beat  position_beats=685.971  error_ms=1.000
[TIMING ] wwise_callback=grid  position_beats=685.971  error_ms=1.000
[TIMING ] wwise_callback=beat  position_beats=686.939  error_ms=0.000
[TIMING ] wwise_callback=grid  position_beats=686.939  error_ms=0.000
[TIMING ] wwise_callback=bar  position_beats=687.970  error_ms=6.000
[TIMING ] wwise_callback=beat  position_beats=687.970  error_ms=6.000
[TIMING ] wwise_callback=grid  position_beats=687.970  error_ms=6.000
[AUDIO  ] arrangement=layer  enabled=false  requested_at=688.003
[TIMING ] wwise_callback=beat  position_beats=688.984  error_ms=5.000
[TIMING ] wwise_callback=grid  position_beats=688.984  error_ms=5.000
[TIMING ] wwise_callback=beat  position_beats=689.953  error_ms=4.000
[TIMING ] wwise_callback=grid  position_beats=689.953  error_ms=4.000
[TIMING ] wwise_callback=beat  position_beats=690.967  error_ms=3.000
[TIMING ] wwise_callback=grid  position_beats=690.967  error_ms=3.000
[TIMING ] wwise_callback=bar  position_beats=691.983  error_ms=2.000
[TIMING ] wwise_callback=beat  position_beats=691.983  error_ms=2.000
[TIMING ] wwise_callback=grid  position_beats=691.983  error_ms=2.000
[TIMING ] wwise_callback=beat  position_beats=692.958  error_ms=3.000
[TIMING ] wwise_callback=grid  position_beats=692.958  error_ms=3.000
[TIMING ] wwise_callback=beat  position_beats=693.976  error_ms=5.000
[TIMING ] wwise_callback=grid  position_beats=693.976  error_ms=5.000
[TIMING ] wwise_callback=beat  position_beats=694.990  error_ms=4.000
[TIMING ] wwise_callback=grid  position_beats=694.990  error_ms=4.000
[TIMING ] wwise_callback=bar  position_beats=695.959  error_ms=3.000
[TIMING ] wwise_callback=beat  position_beats=695.959  error_ms=3.000
[TIMING ] wwise_callback=grid  position_beats=695.959  error_ms=3.000
[TIMING ] wwise_callback=beat  position_beats=696.975  error_ms=2.000
[TIMING ] wwise_callback=grid  position_beats=696.975  error_ms=2.000
[TIMING ] wwise_callback=beat  position_beats=697.941  error_ms=0.000
[TIMING ] wwise_callback=grid  position_beats=697.941  error_ms=0.000
[TIMING ] wwise_callback=beat  position_beats=698.997  error_ms=18.000
[TIMING ] wwise_callback=grid  position_beats=698.997  error_ms=18.000
[TIMING ] wwise_callback=bar  position_beats=699.978  error_ms=2.000
[TIMING ] wwise_callback=beat  position_beats=699.978  error_ms=2.000
[TIMING ] wwise_callback=grid  position_beats=699.978  error_ms=2.000
[TIMING ] wwise_callback=beat  position_beats=700.955  error_ms=4.000
[TIMING ] wwise_callback=grid  position_beats=700.955  error_ms=4.000
[TIMING ] wwise_callback=beat  position_beats=701.973  error_ms=2.000
[TIMING ] wwise_callback=grid  position_beats=701.973  error_ms=2.000
[TIMING ] wwise_callback=beat  position_beats=702.990  error_ms=5.000
[TIMING ] wwise_callback=grid  position_beats=702.990  error_ms=5.000
[TIMING ] wwise_segment=wrapped  segment_ms=14769.000  elapsed_ms=324918.000
[AUDIO  ] arrangement=transition  section=loop  requested_at=704.004
[TIMING ] wwise_callback=beat  position_beats=704.972  error_ms=3.000
[TIMING ] wwise_callback=grid  position_beats=704.972  error_ms=3.000
[TIMING ] wwise_callback=beat  position_beats=705.986  error_ms=2.000
[TIMING ] wwise_callback=grid  position_beats=705.986  error_ms=2.000
[TIMING ] wwise_callback=beat  position_beats=706.955  error_ms=1.000
[TIMING ] wwise_callback=grid  position_beats=706.955  error_ms=1.000
[TIMING ] wwise_callback=bar  position_beats=707.971  error_ms=0.000
[TIMING ] wwise_callback=beat  position_beats=707.971  error_ms=0.000
[TIMING ] wwise_callback=grid  position_beats=707.971  error_ms=0.000
[TIMING ] wwise_callback=beat  position_beats=708.952  error_ms=5.000
[TIMING ] wwise_callback=grid  position_beats=708.952  error_ms=5.000
[TIMING ] wwise_callback=beat  position_beats=709.971  error_ms=4.000
[TIMING ] wwise_callback=grid  position_beats=709.971  error_ms=4.000
[TIMING ] wwise_callback=beat  position_beats=710.985  error_ms=3.000
[TIMING ] wwise_callback=grid  position_beats=710.985  error_ms=3.000
[TIMING ] wwise_callback=bar  position_beats=711.955  error_ms=5.000
[TIMING ] wwise_callback=beat  position_beats=711.955  error_ms=5.000
[TIMING ] wwise_callback=grid  position_beats=711.955  error_ms=5.000
[TIMING ] wwise_callback=beat  position_beats=712.971  error_ms=4.000
[TIMING ] wwise_callback=grid  position_beats=712.971  error_ms=4.000
[TIMING ] wwise_callback=beat  position_beats=713.985  error_ms=3.000
[TIMING ] wwise_callback=grid  position_beats=713.985  error_ms=3.000
[TIMING ] wwise_callback=beat  position_beats=714.954  error_ms=2.000
[TIMING ] wwise_callback=grid  position_beats=714.954  error_ms=2.000
[TIMING ] wwise_callback=bar  position_beats=715.968  error_ms=1.000
[TIMING ] wwise_callback=beat  position_beats=715.968  error_ms=1.000
[TIMING ] wwise_callback=grid  position_beats=715.968  error_ms=1.000
[TIMING ] wwise_callback=beat  position_beats=716.984  error_ms=0.000
[TIMING ] wwise_callback=grid  position_beats=716.984  error_ms=0.000
[TIMING ] wwise_callback=beat  position_beats=717.955  error_ms=0.000
[TIMING ] wwise_callback=grid  position_beats=717.955  error_ms=0.000
[TIMING ] wwise_callback=beat  position_beats=718.988  error_ms=6.000
[TIMING ] wwise_callback=grid  position_beats=718.988  error_ms=6.000
[TIMING ] wwise_callback=bar  position_beats=719.944  error_ms=1.000
[TIMING ] wwise_callback=beat  position_beats=719.944  error_ms=1.000
[TIMING ] wwise_callback=grid  position_beats=719.944  error_ms=1.000
[AUDIO  ] arrangement=layer  enabled=true  requested_at=720.002
[TIMING ] wwise_callback=beat  position_beats=720.958  error_ms=0.000
[TIMING ] wwise_callback=grid  position_beats=720.958  error_ms=0.000
[TIMING ] wwise_callback=beat  position_beats=721.989  error_ms=6.000
[TIMING ] wwise_callback=grid  position_beats=721.989  error_ms=6.000
[TIMING ] wwise_callback=beat  position_beats=722.955  error_ms=4.000
[TIMING ] wwise_callback=grid  position_beats=722.955  error_ms=4.000
[TIMING ] wwise_callback=bar  position_beats=723.971  error_ms=4.000
[TIMING ] wwise_callback=beat  position_beats=723.971  error_ms=4.000
[TIMING ] wwise_callback=grid  position_beats=723.971  error_ms=4.000
[TIMING ] wwise_callback=beat  position_beats=724.985  error_ms=3.000
[TIMING ] wwise_callback=grid  position_beats=724.985  error_ms=3.000
[TIMING ] wwise_callback=beat  position_beats=725.952  error_ms=1.000
[TIMING ] wwise_callback=grid  position_beats=725.952  error_ms=1.000
[TIMING ] wwise_callback=beat  position_beats=726.970  error_ms=1.000
[TIMING ] wwise_callback=grid  position_beats=726.970  error_ms=1.000
[TIMING ] wwise_callback=bar  position_beats=727.988  error_ms=0.000
[TIMING ] wwise_callback=beat  position_beats=727.988  error_ms=0.000
[TIMING ] wwise_callback=grid  position_beats=727.988  error_ms=0.000
[TIMING ] wwise_callback=beat  position_beats=728.957  error_ms=1.000
[TIMING ] wwise_callback=grid  position_beats=728.957  error_ms=1.000
[TIMING ] wwise_callback=beat  position_beats=729.973  error_ms=1.000
[TIMING ] wwise_callback=grid  position_beats=729.973  error_ms=1.000
[TIMING ] wwise_callback=beat  position_beats=730.955  error_ms=6.000
[TIMING ] wwise_callback=grid  position_beats=730.955  error_ms=6.000
[TIMING ] wwise_callback=bar  position_beats=731.971  error_ms=5.000
[TIMING ] wwise_callback=beat  position_beats=731.971  error_ms=5.000
[TIMING ] wwise_callback=grid  position_beats=731.971  error_ms=5.000
[TIMING ] wwise_callback=beat  position_beats=732.985  error_ms=4.000
[TIMING ] wwise_callback=grid  position_beats=732.985  error_ms=4.000
[TIMING ] wwise_callback=beat  position_beats=733.953  error_ms=3.000
[TIMING ] wwise_callback=grid  position_beats=733.953  error_ms=3.000
[TIMING ] wwise_callback=beat  position_beats=734.974  error_ms=5.000
[TIMING ] wwise_callback=grid  position_beats=734.974  error_ms=5.000
[AUDIO  ] arrangement=transition  section=alternate  requested_at=736.012
[TIMING ] wwise_segment=wrapped  segment_ms=14769.000  elapsed_ms=339687.000
[TIMING ] wwise_callback=beat  position_beats=736.954  error_ms=2.000
[TIMING ] wwise_callback=grid  position_beats=736.954  error_ms=2.000
[TIMING ] wwise_callback=beat  position_beats=737.970  error_ms=1.000
[TIMING ] wwise_callback=grid  position_beats=737.970  error_ms=1.000
[TIMING ] wwise_callback=beat  position_beats=738.952  error_ms=6.000
[TIMING ] wwise_callback=grid  position_beats=738.952  error_ms=6.000
[TIMING ] wwise_callback=bar  position_beats=739.968  error_ms=6.000
[TIMING ] wwise_callback=beat  position_beats=739.968  error_ms=6.000
[TIMING ] wwise_callback=grid  position_beats=739.968  error_ms=6.000
[TIMING ] wwise_callback=beat  position_beats=740.982  error_ms=5.000
[TIMING ] wwise_callback=grid  position_beats=740.982  error_ms=5.000
[TIMING ] wwise_callback=beat  position_beats=741.948  error_ms=3.000
[TIMING ] wwise_callback=grid  position_beats=741.948  error_ms=3.000
[TIMING ] wwise_callback=beat  position_beats=742.964  error_ms=2.000
[TIMING ] wwise_callback=grid  position_beats=742.964  error_ms=2.000
[TIMING ] wwise_callback=bar  position_beats=743.978  error_ms=1.000
[TIMING ] wwise_callback=beat  position_beats=743.978  error_ms=1.000
[TIMING ] wwise_callback=grid  position_beats=743.978  error_ms=1.000
[TIMING ] wwise_callback=beat  position_beats=744.951  error_ms=0.000
[TIMING ] wwise_callback=grid  position_beats=744.951  error_ms=0.000
[TIMING ] wwise_callback=beat  position_beats=745.967  error_ms=2.000
[TIMING ] wwise_callback=grid  position_beats=745.967  error_ms=2.000
[TIMING ] wwise_callback=beat  position_beats=746.981  error_ms=0.000
[TIMING ] wwise_callback=grid  position_beats=746.981  error_ms=0.000
[TIMING ] wwise_callback=bar  position_beats=747.952  error_ms=0.000
[TIMING ] wwise_callback=beat  position_beats=747.952  error_ms=0.000
[TIMING ] wwise_callback=grid  position_beats=747.952  error_ms=0.000
[TIMING ] wwise_callback=beat  position_beats=748.981  error_ms=6.000
[TIMING ] wwise_callback=grid  position_beats=748.981  error_ms=6.000
[TIMING ] wwise_callback=beat  position_beats=749.950  error_ms=5.000
[TIMING ] wwise_callback=grid  position_beats=749.950  error_ms=5.000
[TIMING ] wwise_callback=beat  position_beats=750.964  error_ms=4.000
[TIMING ] wwise_callback=grid  position_beats=750.964  error_ms=4.000
[TIMING ] wwise_callback=bar  position_beats=751.980  error_ms=3.000
[TIMING ] wwise_callback=beat  position_beats=751.980  error_ms=3.000
[TIMING ] wwise_callback=grid  position_beats=751.980  error_ms=3.000
[AUDIO  ] arrangement=layer  enabled=false  requested_at=752.010
[TIMING ] wwise_callback=beat  position_beats=752.950  error_ms=1.000
[TIMING ] wwise_callback=grid  position_beats=752.950  error_ms=1.000
[TIMING ] wwise_callback=beat  position_beats=753.967  error_ms=1.000
[TIMING ] wwise_callback=grid  position_beats=753.967  error_ms=1.000
[TIMING ] wwise_callback=beat  position_beats=754.983  error_ms=3.000
[TIMING ] wwise_callback=grid  position_beats=754.983  error_ms=3.000
[TIMING ] wwise_callback=bar  position_beats=755.949  error_ms=1.000
[TIMING ] wwise_callback=beat  position_beats=755.949  error_ms=1.000
[TIMING ] wwise_callback=grid  position_beats=755.949  error_ms=1.000
[TIMING ] wwise_callback=beat  position_beats=756.967  error_ms=1.000
[TIMING ] wwise_callback=grid  position_beats=756.967  error_ms=1.000
[TIMING ] wwise_callback=beat  position_beats=757.981  error_ms=0.000
[TIMING ] wwise_callback=grid  position_beats=757.981  error_ms=0.000
[TIMING ] wwise_callback=beat  position_beats=758.963  error_ms=5.000
[TIMING ] wwise_callback=grid  position_beats=758.963  error_ms=5.000
[TIMING ] wwise_callback=bar  position_beats=759.979  error_ms=5.000
[TIMING ] wwise_callback=beat  position_beats=759.979  error_ms=5.000
[TIMING ] wwise_callback=grid  position_beats=759.979  error_ms=5.000
[TIMING ] wwise_callback=beat  position_beats=760.945  error_ms=3.000
[TIMING ] wwise_callback=grid  position_beats=760.945  error_ms=3.000
[TIMING ] wwise_callback=beat  position_beats=761.966  error_ms=2.000
[TIMING ] wwise_callback=grid  position_beats=761.966  error_ms=2.000
[TIMING ] wwise_callback=beat  position_beats=762.982  error_ms=2.000
[TIMING ] wwise_callback=grid  position_beats=762.982  error_ms=2.000
[TIMING ] wwise_callback=bar  position_beats=763.951  error_ms=3.000
[TIMING ] wwise_callback=beat  position_beats=763.951  error_ms=3.000
[TIMING ] wwise_callback=grid  position_beats=763.951  error_ms=3.000
[TIMING ] wwise_callback=beat  position_beats=764.965  error_ms=2.000
[TIMING ] wwise_callback=grid  position_beats=764.965  error_ms=2.000
[TIMING ] wwise_callback=beat  position_beats=765.981  error_ms=1.000
[TIMING ] wwise_callback=grid  position_beats=765.981  error_ms=1.000
[TIMING ] wwise_callback=beat  position_beats=766.949  error_ms=0.000
[TIMING ] wwise_callback=grid  position_beats=766.949  error_ms=0.000
[TIMING ] wwise_segment=wrapped  segment_ms=14769.000  elapsed_ms=354456.000
[AUDIO  ] arrangement=transition  section=loop  requested_at=768.011
[TIMING ] wwise_callback=beat  position_beats=768.992  error_ms=5.000
[TIMING ] wwise_callback=grid  position_beats=768.992  error_ms=5.000
[TIMING ] wwise_callback=beat  position_beats=769.961  error_ms=4.000
[TIMING ] wwise_callback=grid  position_beats=769.961  error_ms=4.000
[TIMING ] wwise_callback=beat  position_beats=770.979  error_ms=3.000
[TIMING ] wwise_callback=grid  position_beats=770.979  error_ms=3.000
[TIMING ] wwise_callback=bar  position_beats=771.952  error_ms=5.000
[TIMING ] wwise_callback=beat  position_beats=771.952  error_ms=5.000
[TIMING ] wwise_callback=grid  position_beats=771.952  error_ms=5.000
[TIMING ] wwise_callback=beat  position_beats=772.966  error_ms=4.000
[TIMING ] wwise_callback=grid  position_beats=772.966  error_ms=4.000
[TIMING ] wwise_callback=beat  position_beats=773.980  error_ms=3.000
[TIMING ] wwise_callback=grid  position_beats=773.980  error_ms=3.000
[TIMING ] wwise_callback=beat  position_beats=774.955  error_ms=5.000
[TIMING ] wwise_callback=grid  position_beats=774.955  error_ms=5.000
[TIMING ] wwise_callback=bar  position_beats=775.971  error_ms=4.000
[TIMING ] wwise_callback=beat  position_beats=775.971  error_ms=4.000
[TIMING ] wwise_callback=grid  position_beats=775.971  error_ms=4.000
[TIMING ] wwise_callback=beat  position_beats=776.985  error_ms=3.000
[TIMING ] wwise_callback=grid  position_beats=776.985  error_ms=3.000
[TIMING ] wwise_callback=beat  position_beats=777.954  error_ms=2.000
[TIMING ] wwise_callback=grid  position_beats=777.954  error_ms=2.000
[TIMING ] wwise_callback=beat  position_beats=778.968  error_ms=1.000
[TIMING ] wwise_callback=grid  position_beats=778.968  error_ms=1.000
[TIMING ] wwise_callback=bar  position_beats=779.986  error_ms=0.000
[TIMING ] wwise_callback=beat  position_beats=779.986  error_ms=0.000
[TIMING ] wwise_callback=grid  position_beats=779.986  error_ms=0.000
[TIMING ] wwise_callback=beat  position_beats=780.959  error_ms=2.000
[TIMING ] wwise_callback=grid  position_beats=780.959  error_ms=2.000
[TIMING ] wwise_callback=beat  position_beats=781.973  error_ms=1.000
[TIMING ] wwise_callback=grid  position_beats=781.973  error_ms=1.000
[TIMING ] wwise_callback=beat  position_beats=782.954  error_ms=6.000
[TIMING ] wwise_callback=grid  position_beats=782.954  error_ms=6.000
[TIMING ] wwise_callback=bar  position_beats=783.968  error_ms=5.000
[TIMING ] wwise_callback=beat  position_beats=783.968  error_ms=5.000
[TIMING ] wwise_callback=grid  position_beats=783.968  error_ms=5.000
[AUDIO  ] arrangement=layer  enabled=true  requested_at=784.018
[TIMING ] wwise_callback=beat  position_beats=784.987  error_ms=5.000
[TIMING ] wwise_callback=grid  position_beats=784.987  error_ms=5.000
[TIMING ] wwise_callback=beat  position_beats=785.953  error_ms=3.000
[TIMING ] wwise_callback=grid  position_beats=785.953  error_ms=3.000
[TIMING ] wwise_callback=beat  position_beats=786.967  error_ms=2.000
[TIMING ] wwise_callback=grid  position_beats=786.967  error_ms=2.000
[TIMING ] wwise_callback=bar  position_beats=787.981  error_ms=1.000
[TIMING ] wwise_callback=beat  position_beats=787.981  error_ms=1.000
[TIMING ] wwise_callback=grid  position_beats=787.981  error_ms=1.000
[TIMING ] wwise_callback=beat  position_beats=788.956  error_ms=3.000
[TIMING ] wwise_callback=grid  position_beats=788.956  error_ms=3.000
[TIMING ] wwise_callback=beat  position_beats=789.972  error_ms=2.000
[TIMING ] wwise_callback=grid  position_beats=789.972  error_ms=2.000
[TIMING ] wwise_callback=beat  position_beats=790.941  error_ms=1.000
[TIMING ] wwise_callback=grid  position_beats=790.941  error_ms=1.000
[TIMING ] wwise_callback=bar  position_beats=791.955  error_ms=0.000
[TIMING ] wwise_callback=beat  position_beats=791.955  error_ms=0.000
[TIMING ] wwise_callback=grid  position_beats=791.955  error_ms=0.000
[TIMING ] wwise_callback=beat  position_beats=792.984  error_ms=6.000
[TIMING ] wwise_callback=grid  position_beats=792.984  error_ms=6.000
[TIMING ] wwise_callback=beat  position_beats=793.952  error_ms=5.000
[TIMING ] wwise_callback=grid  position_beats=793.952  error_ms=5.000
[TIMING ] wwise_callback=beat  position_beats=794.968  error_ms=4.000
[TIMING ] wwise_callback=grid  position_beats=794.968  error_ms=4.000
[TIMING ] wwise_callback=bar  position_beats=795.982  error_ms=3.000
[TIMING ] wwise_callback=beat  position_beats=795.982  error_ms=3.000
[TIMING ] wwise_callback=grid  position_beats=795.982  error_ms=3.000
[TIMING ] wwise_callback=beat  position_beats=796.955  error_ms=1.000
[TIMING ] wwise_callback=grid  position_beats=796.955  error_ms=1.000
[TIMING ] wwise_callback=beat  position_beats=797.971  error_ms=4.000
[TIMING ] wwise_callback=grid  position_beats=797.971  error_ms=4.000
[TIMING ] wwise_callback=beat  position_beats=798.987  error_ms=3.000
[TIMING ] wwise_callback=grid  position_beats=798.987  error_ms=3.000
[TIMING ] wwise_segment=wrapped  segment_ms=14769.000  elapsed_ms=369225.000
[AUDIO  ] arrangement=transition  section=alternate  requested_at=800.001
[TIMING ] wwise_callback=beat  position_beats=800.970  error_ms=1.000
[TIMING ] wwise_callback=grid  position_beats=800.970  error_ms=1.000
[TIMING ] wwise_callback=beat  position_beats=801.951  error_ms=6.000
[TIMING ] wwise_callback=grid  position_beats=801.951  error_ms=6.000
[TIMING ] wwise_callback=beat  position_beats=802.965  error_ms=5.000
[TIMING ] wwise_callback=grid  position_beats=802.965  error_ms=5.000
[TIMING ] wwise_callback=bar  position_beats=803.979  error_ms=4.000
[TIMING ] wwise_callback=beat  position_beats=803.979  error_ms=4.000
[TIMING ] wwise_callback=grid  position_beats=803.979  error_ms=4.000
[TIMING ] wwise_callback=beat  position_beats=804.952  error_ms=3.000
[TIMING ] wwise_callback=grid  position_beats=804.952  error_ms=3.000
[TIMING ] wwise_callback=beat  position_beats=805.966  error_ms=2.000
[TIMING ] wwise_callback=grid  position_beats=805.966  error_ms=2.000
[TIMING ] wwise_callback=beat  position_beats=806.987  error_ms=5.000
[TIMING ] wwise_callback=grid  position_beats=806.987  error_ms=5.000
[TIMING ] wwise_callback=bar  position_beats=807.953  error_ms=3.000
[TIMING ] wwise_callback=beat  position_beats=807.953  error_ms=3.000
[TIMING ] wwise_callback=grid  position_beats=807.953  error_ms=3.000
[TIMING ] wwise_callback=beat  position_beats=808.967  error_ms=2.000
[TIMING ] wwise_callback=grid  position_beats=808.967  error_ms=2.000
[TIMING ] wwise_callback=beat  position_beats=809.985  error_ms=2.000
[TIMING ] wwise_callback=grid  position_beats=809.985  error_ms=2.000
[TIMING ] wwise_callback=beat  position_beats=810.952  error_ms=0.000
[TIMING ] wwise_callback=grid  position_beats=810.952  error_ms=0.000
[TIMING ] wwise_callback=bar  position_beats=811.981  error_ms=6.000
[TIMING ] wwise_callback=beat  position_beats=811.981  error_ms=6.000
[TIMING ] wwise_callback=grid  position_beats=811.981  error_ms=6.000
[TIMING ] wwise_callback=beat  position_beats=812.949  error_ms=5.000
[TIMING ] wwise_callback=grid  position_beats=812.949  error_ms=5.000
[TIMING ] wwise_callback=beat  position_beats=813.968  error_ms=4.000
[TIMING ] wwise_callback=grid  position_beats=813.968  error_ms=4.000
[TIMING ] wwise_callback=beat  position_beats=814.986  error_ms=6.000
[TIMING ] wwise_callback=grid  position_beats=814.986  error_ms=6.000
[TIMING ] wwise_callback=bar  position_beats=815.955  error_ms=5.000
[TIMING ] wwise_callback=beat  position_beats=815.955  error_ms=5.000
[TIMING ] wwise_callback=grid  position_beats=815.955  error_ms=5.000
[AUDIO  ] arrangement=layer  enabled=false  requested_at=816.000
[TIMING ] wwise_callback=beat  position_beats=816.969  error_ms=4.000
[TIMING ] wwise_callback=grid  position_beats=816.969  error_ms=4.000
[TIMING ] wwise_callback=beat  position_beats=817.985  error_ms=4.000
[TIMING ] wwise_callback=grid  position_beats=817.985  error_ms=4.000
[TIMING ] wwise_callback=beat  position_beats=818.953  error_ms=3.000
[TIMING ] wwise_callback=grid  position_beats=818.953  error_ms=3.000
[TIMING ] wwise_callback=bar  position_beats=819.976  error_ms=5.000
[TIMING ] wwise_callback=beat  position_beats=819.976  error_ms=5.000
[TIMING ] wwise_callback=grid  position_beats=819.976  error_ms=5.000
[TIMING ] wwise_callback=beat  position_beats=820.983  error_ms=1.000
[TIMING ] wwise_callback=grid  position_beats=820.983  error_ms=1.000
[TIMING ] wwise_callback=beat  position_beats=821.952  error_ms=0.000
[TIMING ] wwise_callback=grid  position_beats=821.952  error_ms=0.000
[TIMING ] wwise_callback=beat  position_beats=822.985  error_ms=6.000
[TIMING ] wwise_callback=grid  position_beats=822.985  error_ms=6.000
[TIMING ] wwise_callback=bar  position_beats=823.941  error_ms=1.000
[TIMING ] wwise_callback=beat  position_beats=823.941  error_ms=1.000
[TIMING ] wwise_callback=grid  position_beats=823.941  error_ms=1.000
[TIMING ] wwise_callback=beat  position_beats=824.957  error_ms=0.000
[TIMING ] wwise_callback=grid  position_beats=824.957  error_ms=0.000
[TIMING ] wwise_callback=beat  position_beats=825.986  error_ms=6.000
[TIMING ] wwise_callback=grid  position_beats=825.986  error_ms=6.000
[TIMING ] wwise_callback=beat  position_beats=826.952  error_ms=4.000
[TIMING ] wwise_callback=grid  position_beats=826.952  error_ms=4.000
[TIMING ] wwise_callback=bar  position_beats=827.969  error_ms=4.000
[TIMING ] wwise_callback=beat  position_beats=827.969  error_ms=4.000
[TIMING ] wwise_callback=grid  position_beats=827.969  error_ms=4.000
[TIMING ] wwise_callback=beat  position_beats=828.985  error_ms=3.000
[TIMING ] wwise_callback=grid  position_beats=828.985  error_ms=3.000
[TIMING ] wwise_callback=beat  position_beats=829.951  error_ms=1.000
[TIMING ] wwise_callback=grid  position_beats=829.951  error_ms=1.000
[TIMING ] wwise_callback=beat  position_beats=830.967  error_ms=1.000
[TIMING ] wwise_callback=grid  position_beats=830.967  error_ms=1.000
[TIMING ] wwise_segment=wrapped  segment_ms=14769.000  elapsed_ms=383994.000
[AUDIO  ] arrangement=transition  section=loop  requested_at=832.012
[TIMING ] wwise_callback=beat  position_beats=832.954  error_ms=1.000
[TIMING ] wwise_callback=grid  position_beats=832.954  error_ms=1.000
[TIMING ] wwise_callback=beat  position_beats=833.970  error_ms=1.000
[TIMING ] wwise_callback=grid  position_beats=833.970  error_ms=1.000
[TIMING ] wwise_callback=beat  position_beats=834.952  error_ms=6.000
[TIMING ] wwise_callback=grid  position_beats=834.952  error_ms=6.000
[TIMING ] wwise_callback=bar  position_beats=835.968  error_ms=5.000
[TIMING ] wwise_callback=beat  position_beats=835.968  error_ms=5.000
[TIMING ] wwise_callback=grid  position_beats=835.968  error_ms=5.000
[TIMING ] wwise_callback=beat  position_beats=836.982  error_ms=4.000
[TIMING ] wwise_callback=grid  position_beats=836.982  error_ms=4.000
[TIMING ] wwise_callback=beat  position_beats=837.950  error_ms=3.000
[TIMING ] wwise_callback=grid  position_beats=837.950  error_ms=3.000
[TIMING ] wwise_callback=beat  position_beats=838.967  error_ms=3.000
[TIMING ] wwise_callback=grid  position_beats=838.967  error_ms=3.000
[TIMING ] wwise_callback=bar  position_beats=839.981  error_ms=1.000
[TIMING ] wwise_callback=beat  position_beats=839.981  error_ms=1.000
[TIMING ] wwise_callback=grid  position_beats=839.981  error_ms=1.000
[TIMING ] wwise_callback=beat  position_beats=840.956  error_ms=3.000
[TIMING ] wwise_callback=grid  position_beats=840.956  error_ms=3.000
[TIMING ] wwise_callback=beat  position_beats=841.970  error_ms=2.000
[TIMING ] wwise_callback=grid  position_beats=841.970  error_ms=2.000
[TIMING ] wwise_callback=beat  position_beats=842.938  error_ms=1.000
[TIMING ] wwise_callback=grid  position_beats=842.938  error_ms=1.000
[TIMING ] wwise_callback=bar  position_beats=843.956  error_ms=2.000
[TIMING ] wwise_callback=beat  position_beats=843.956  error_ms=2.000
[TIMING ] wwise_callback=grid  position_beats=843.956  error_ms=2.000
[TIMING ] wwise_callback=beat  position_beats=844.983  error_ms=6.000
[TIMING ] wwise_callback=grid  position_beats=844.983  error_ms=6.000
[TIMING ] wwise_callback=beat  position_beats=845.950  error_ms=4.000
[TIMING ] wwise_callback=grid  position_beats=845.950  error_ms=4.000
[TIMING ] wwise_callback=beat  position_beats=846.964  error_ms=3.000
[TIMING ] wwise_callback=grid  position_beats=846.964  error_ms=3.000
[TIMING ] wwise_callback=bar  position_beats=847.980  error_ms=3.000
[TIMING ] wwise_callback=beat  position_beats=847.980  error_ms=3.000
[TIMING ] wwise_callback=grid  position_beats=847.980  error_ms=3.000
[AUDIO  ] arrangement=layer  enabled=true  requested_at=848.010
[TIMING ] wwise_callback=beat  position_beats=848.950  error_ms=1.000
[TIMING ] wwise_callback=grid  position_beats=848.950  error_ms=1.000
[TIMING ] wwise_callback=beat  position_beats=849.971  error_ms=4.000
[TIMING ] wwise_callback=grid  position_beats=849.971  error_ms=4.000
[TIMING ] wwise_callback=beat  position_beats=850.985  error_ms=3.000
[TIMING ] wwise_callback=grid  position_beats=850.985  error_ms=3.000
[TIMING ] wwise_callback=bar  position_beats=851.951  error_ms=1.000
[TIMING ] wwise_callback=beat  position_beats=851.951  error_ms=1.000
[TIMING ] wwise_callback=grid  position_beats=851.951  error_ms=1.000
[TIMING ] wwise_callback=beat  position_beats=852.965  error_ms=0.000
[TIMING ] wwise_callback=grid  position_beats=852.965  error_ms=0.000
[TIMING ] wwise_callback=beat  position_beats=853.949  error_ms=6.000
[TIMING ] wwise_callback=grid  position_beats=853.949  error_ms=6.000
[TIMING ] wwise_callback=beat  position_beats=854.965  error_ms=5.000
[TIMING ] wwise_callback=grid  position_beats=854.965  error_ms=5.000
[TIMING ] wwise_callback=bar  position_beats=855.979  error_ms=4.000
[TIMING ] wwise_callback=beat  position_beats=855.979  error_ms=4.000
[TIMING ] wwise_callback=grid  position_beats=855.979  error_ms=4.000
[TIMING ] wwise_callback=beat  position_beats=856.952  error_ms=3.000
[TIMING ] wwise_callback=grid  position_beats=856.952  error_ms=3.000
[TIMING ] wwise_callback=beat  position_beats=857.966  error_ms=2.000
[TIMING ] wwise_callback=grid  position_beats=857.966  error_ms=2.000
[TIMING ] wwise_callback=beat  position_beats=858.980  error_ms=2.000
[TIMING ] wwise_callback=grid  position_beats=858.980  error_ms=2.000
[TIMING ] wwise_callback=bar  position_beats=859.948  error_ms=1.000
[TIMING ] wwise_callback=beat  position_beats=859.948  error_ms=1.000
[TIMING ] wwise_callback=grid  position_beats=859.948  error_ms=1.000
[TIMING ] wwise_callback=beat  position_beats=860.962  error_ms=0.000
[TIMING ] wwise_callback=grid  position_beats=860.962  error_ms=0.000
[TIMING ] wwise_callback=beat  position_beats=861.992  error_ms=6.000
[TIMING ] wwise_callback=grid  position_beats=861.992  error_ms=6.000
[TIMING ] wwise_callback=beat  position_beats=862.960  error_ms=5.000
[TIMING ] wwise_callback=grid  position_beats=862.960  error_ms=5.000
[AUDIO  ] arrangement=transition  section=alternate  requested_at=864.004
[TIMING ] wwise_segment=wrapped  segment_ms=14769.000  elapsed_ms=398763.000
[TIMING ] wwise_callback=beat  position_beats=864.940  error_ms=2.000
[TIMING ] wwise_callback=grid  position_beats=864.940  error_ms=2.000
[TIMING ] wwise_callback=beat  position_beats=865.961  error_ms=1.000
[TIMING ] wwise_callback=grid  position_beats=865.961  error_ms=1.000
[TIMING ] wwise_callback=beat  position_beats=866.977  error_ms=1.000
[TIMING ] wwise_callback=grid  position_beats=866.977  error_ms=1.000
[TIMING ] wwise_callback=bar  position_beats=867.945  error_ms=2.000
[TIMING ] wwise_callback=beat  position_beats=867.945  error_ms=2.000
[TIMING ] wwise_callback=grid  position_beats=867.945  error_ms=2.000
[TIMING ] wwise_callback=beat  position_beats=868.959  error_ms=1.000
[TIMING ] wwise_callback=grid  position_beats=868.959  error_ms=1.000
[TIMING ] wwise_callback=beat  position_beats=869.978  error_ms=1.000
[TIMING ] wwise_callback=grid  position_beats=869.978  error_ms=1.000
[TIMING ] wwise_callback=beat  position_beats=870.959  error_ms=6.000
[TIMING ] wwise_callback=grid  position_beats=870.959  error_ms=6.000
[TIMING ] wwise_callback=bar  position_beats=871.973  error_ms=5.000
[TIMING ] wwise_callback=beat  position_beats=871.973  error_ms=5.000
[TIMING ] wwise_callback=grid  position_beats=871.973  error_ms=5.000
[TIMING ] wwise_callback=beat  position_beats=872.987  error_ms=4.000
[TIMING ] wwise_callback=grid  position_beats=872.987  error_ms=4.000
[TIMING ] wwise_callback=beat  position_beats=873.956  error_ms=3.000
[TIMING ] wwise_callback=grid  position_beats=873.956  error_ms=3.000
[TIMING ] wwise_callback=beat  position_beats=874.974  error_ms=2.000
[TIMING ] wwise_callback=grid  position_beats=874.974  error_ms=2.000
[TIMING ] wwise_callback=bar  position_beats=875.947  error_ms=4.000
[TIMING ] wwise_callback=beat  position_beats=875.947  error_ms=4.000
[TIMING ] wwise_callback=grid  position_beats=875.947  error_ms=4.000
[TIMING ] wwise_callback=beat  position_beats=876.961  error_ms=3.000
[TIMING ] wwise_callback=grid  position_beats=876.961  error_ms=3.000
[TIMING ] wwise_callback=beat  position_beats=877.979  error_ms=4.000
[TIMING ] wwise_callback=grid  position_beats=877.979  error_ms=4.000
[TIMING ] wwise_callback=beat  position_beats=878.948  error_ms=3.000
[TIMING ] wwise_callback=grid  position_beats=878.948  error_ms=3.000
[TIMING ] wwise_callback=bar  position_beats=879.964  error_ms=2.000
[TIMING ] wwise_callback=beat  position_beats=879.964  error_ms=2.000
[TIMING ] wwise_callback=grid  position_beats=879.964  error_ms=2.000
[AUDIO  ] arrangement=layer  enabled=false  requested_at=880.012
[TIMING ] wwise_callback=beat  position_beats=880.978  error_ms=1.000
[TIMING ] wwise_callback=grid  position_beats=880.978  error_ms=1.000
[TIMING ] wwise_callback=beat  position_beats=881.946  error_ms=0.000
[TIMING ] wwise_callback=grid  position_beats=881.946  error_ms=0.000
[TIMING ] wwise_callback=beat  position_beats=882.976  error_ms=6.000
[TIMING ] wwise_callback=grid  position_beats=882.976  error_ms=6.000
[TIMING ] wwise_callback=bar  position_beats=883.994  error_ms=5.000
[TIMING ] wwise_callback=beat  position_beats=883.994  error_ms=5.000
[TIMING ] wwise_callback=grid  position_beats=883.994  error_ms=5.000
[TIMING ] wwise_callback=beat  position_beats=884.952  error_ms=0.000
[TIMING ] wwise_callback=grid  position_beats=884.952  error_ms=0.000
[TIMING ] wwise_callback=beat  position_beats=885.981  error_ms=6.000
[TIMING ] wwise_callback=grid  position_beats=885.981  error_ms=6.000
[TIMING ] wwise_callback=beat  position_beats=886.949  error_ms=5.000
[TIMING ] wwise_callback=grid  position_beats=886.949  error_ms=5.000
[TIMING ] wwise_callback=bar  position_beats=887.963  error_ms=4.000
[TIMING ] wwise_callback=beat  position_beats=887.963  error_ms=4.000
[TIMING ] wwise_callback=grid  position_beats=887.963  error_ms=4.000
[TIMING ] wwise_callback=beat  position_beats=888.979  error_ms=3.000
[TIMING ] wwise_callback=grid  position_beats=888.979  error_ms=3.000
[TIMING ] wwise_callback=beat  position_beats=889.946  error_ms=1.000
[TIMING ] wwise_callback=grid  position_beats=889.946  error_ms=1.000
[TIMING ] wwise_callback=beat  position_beats=890.975  error_ms=7.000
[TIMING ] wwise_callback=grid  position_beats=890.975  error_ms=7.000
[TIMING ] wwise_callback=bar  position_beats=891.976  error_ms=0.000
[TIMING ] wwise_callback=beat  position_beats=891.976  error_ms=0.000
[TIMING ] wwise_callback=grid  position_beats=891.976  error_ms=0.000
[TIMING ] wwise_callback=beat  position_beats=892.951  error_ms=2.000
[TIMING ] wwise_callback=grid  position_beats=892.951  error_ms=2.000
[TIMING ] wwise_callback=beat  position_beats=893.967  error_ms=1.000
[TIMING ] wwise_callback=grid  position_beats=893.967  error_ms=1.000
[TIMING ] wwise_callback=beat  position_beats=894.935  error_ms=0.000
[TIMING ] wwise_callback=grid  position_beats=894.935  error_ms=0.000
[TIMING ] wwise_segment=wrapped  segment_ms=14769.000  elapsed_ms=413532.000
[AUDIO  ] arrangement=transition  section=loop  requested_at=896.012
[TIMING ] wwise_callback=beat  position_beats=896.979  error_ms=5.000
[TIMING ] wwise_callback=grid  position_beats=896.979  error_ms=5.000
[TIMING ] wwise_callback=beat  position_beats=897.945  error_ms=3.000
[TIMING ] wwise_callback=grid  position_beats=897.945  error_ms=3.000
[TIMING ] wwise_callback=beat  position_beats=898.963  error_ms=3.000
[TIMING ] wwise_callback=grid  position_beats=898.963  error_ms=3.000
[TIMING ] wwise_callback=bar  position_beats=899.977  error_ms=2.000
[TIMING ] wwise_callback=beat  position_beats=899.977  error_ms=2.000
[TIMING ] wwise_callback=grid  position_beats=899.977  error_ms=2.000
[TIMING ] wwise_callback=beat  position_beats=900.948  error_ms=0.000
[TIMING ] wwise_callback=grid  position_beats=900.948  error_ms=0.000
[TIMING ] wwise_callback=beat  position_beats=901.966  error_ms=3.000
[TIMING ] wwise_callback=grid  position_beats=901.966  error_ms=3.000
[TIMING ] wwise_callback=beat  position_beats=902.982  error_ms=2.000
[TIMING ] wwise_callback=grid  position_beats=902.982  error_ms=2.000
[TIMING ] wwise_callback=bar  position_beats=903.949  error_ms=0.000
[TIMING ] wwise_callback=beat  position_beats=903.949  error_ms=0.000
[TIMING ] wwise_callback=grid  position_beats=903.949  error_ms=0.000
[TIMING ] wwise_callback=beat  position_beats=904.965  error_ms=0.000
[TIMING ] wwise_callback=grid  position_beats=904.965  error_ms=0.000
[TIMING ] wwise_callback=beat  position_beats=905.946  error_ms=5.000
[TIMING ] wwise_callback=grid  position_beats=905.946  error_ms=5.000
[TIMING ] wwise_callback=beat  position_beats=906.960  error_ms=4.000
[TIMING ] wwise_callback=grid  position_beats=906.960  error_ms=4.000
[TIMING ] wwise_callback=bar  position_beats=907.977  error_ms=3.000
[TIMING ] wwise_callback=beat  position_beats=907.977  error_ms=3.000
[TIMING ] wwise_callback=grid  position_beats=907.977  error_ms=3.000
[TIMING ] wwise_callback=beat  position_beats=908.947  error_ms=2.000
[TIMING ] wwise_callback=grid  position_beats=908.947  error_ms=2.000
[TIMING ] wwise_callback=beat  position_beats=909.963  error_ms=1.000
[TIMING ] wwise_callback=grid  position_beats=909.963  error_ms=1.000
[TIMING ] wwise_callback=beat  position_beats=910.984  error_ms=5.000
[TIMING ] wwise_callback=grid  position_beats=910.984  error_ms=5.000
[TIMING ] wwise_callback=bar  position_beats=911.950  error_ms=3.000
[TIMING ] wwise_callback=beat  position_beats=911.950  error_ms=3.000
[TIMING ] wwise_callback=grid  position_beats=911.950  error_ms=3.000
[AUDIO  ] arrangement=layer  enabled=true  requested_at=912.000
[TIMING ] wwise_callback=beat  position_beats=912.969  error_ms=3.000
[TIMING ] wwise_callback=grid  position_beats=912.969  error_ms=3.000
[TIMING ] wwise_callback=beat  position_beats=913.983  error_ms=2.000
[TIMING ] wwise_callback=grid  position_beats=913.983  error_ms=2.000
[TIMING ] wwise_callback=beat  position_beats=914.949  error_ms=0.000
[TIMING ] wwise_callback=grid  position_beats=914.949  error_ms=0.000
[TIMING ] wwise_callback=bar  position_beats=915.965  error_ms=0.000
[TIMING ] wwise_callback=beat  position_beats=915.965  error_ms=0.000
[TIMING ] wwise_callback=grid  position_beats=915.965  error_ms=0.000
[TIMING ] wwise_callback=beat  position_beats=916.946  error_ms=5.000
[TIMING ] wwise_callback=grid  position_beats=916.946  error_ms=5.000
[TIMING ] wwise_callback=beat  position_beats=917.965  error_ms=4.000
[TIMING ] wwise_callback=grid  position_beats=917.965  error_ms=4.000
[TIMING ] wwise_callback=beat  position_beats=918.981  error_ms=3.000
[TIMING ] wwise_callback=grid  position_beats=918.981  error_ms=3.000
[TIMING ] wwise_callback=bar  position_beats=919.952  error_ms=5.000
[TIMING ] wwise_callback=beat  position_beats=919.952  error_ms=5.000
[TIMING ] wwise_callback=grid  position_beats=919.952  error_ms=5.000
[TIMING ] wwise_callback=beat  position_beats=920.966  error_ms=4.000
[TIMING ] wwise_callback=grid  position_beats=920.966  error_ms=4.000
[TIMING ] wwise_callback=beat  position_beats=921.982  error_ms=3.000
[TIMING ] wwise_callback=grid  position_beats=921.982  error_ms=3.000
[TIMING ] wwise_callback=beat  position_beats=922.950  error_ms=2.000
[TIMING ] wwise_callback=grid  position_beats=922.950  error_ms=2.000
[TIMING ] wwise_callback=bar  position_beats=923.964  error_ms=1.000
[TIMING ] wwise_callback=beat  position_beats=923.964  error_ms=1.000
[TIMING ] wwise_callback=grid  position_beats=923.964  error_ms=1.000
[TIMING ] wwise_callback=beat  position_beats=924.978  error_ms=0.000
[TIMING ] wwise_callback=grid  position_beats=924.978  error_ms=0.000
[TIMING ] wwise_callback=beat  position_beats=925.962  error_ms=6.000
[TIMING ] wwise_callback=grid  position_beats=925.962  error_ms=6.000
[TIMING ] wwise_callback=beat  position_beats=926.980  error_ms=5.000
[TIMING ] wwise_callback=grid  position_beats=926.980  error_ms=5.000
[TIMING ] wwise_segment=wrapped  segment_ms=14769.000  elapsed_ms=428301.000
[AUDIO  ] arrangement=transition  section=alternate  requested_at=928.009
[TIMING ] wwise_callback=beat  position_beats=928.954  error_ms=0.000
[TIMING ] wwise_callback=grid  position_beats=928.954  error_ms=0.000
[TIMING ] wwise_callback=beat  position_beats=929.983  error_ms=6.000
[TIMING ] wwise_callback=grid  position_beats=929.983  error_ms=6.000
[TIMING ] wwise_callback=beat  position_beats=930.952  error_ms=5.000
[TIMING ] wwise_callback=grid  position_beats=930.952  error_ms=5.000
[TIMING ] wwise_callback=bar  position_beats=931.966  error_ms=4.000
[TIMING ] wwise_callback=beat  position_beats=931.966  error_ms=4.000
[TIMING ] wwise_callback=grid  position_beats=931.966  error_ms=4.000
[TIMING ] wwise_callback=beat  position_beats=932.982  error_ms=3.000
[TIMING ] wwise_callback=grid  position_beats=932.982  error_ms=3.000
[TIMING ] wwise_callback=beat  position_beats=933.950  error_ms=2.000
[TIMING ] wwise_callback=grid  position_beats=933.950  error_ms=2.000
[TIMING ] wwise_callback=beat  position_beats=934.964  error_ms=1.000
[TIMING ] wwise_callback=grid  position_beats=934.964  error_ms=1.000
[TIMING ] wwise_callback=bar  position_beats=935.937  error_ms=2.000
[TIMING ] wwise_callback=beat  position_beats=935.937  error_ms=2.000
[TIMING ] wwise_callback=grid  position_beats=935.937  error_ms=2.000
[TIMING ] wwise_callback=beat  position_beats=936.951  error_ms=1.000
[TIMING ] wwise_callback=grid  position_beats=936.951  error_ms=1.000
[TIMING ] wwise_callback=beat  position_beats=937.970  error_ms=1.000
[TIMING ] wwise_callback=grid  position_beats=937.970  error_ms=1.000
[TIMING ] wwise_callback=beat  position_beats=938.938  error_ms=0.000
[TIMING ] wwise_callback=grid  position_beats=938.938  error_ms=0.000
[TIMING ] wwise_callback=bar  position_beats=939.965  error_ms=5.000
[TIMING ] wwise_callback=beat  position_beats=939.965  error_ms=5.000
[TIMING ] wwise_callback=grid  position_beats=939.965  error_ms=5.000
[TIMING ] wwise_callback=beat  position_beats=940.979  error_ms=4.000
[TIMING ] wwise_callback=grid  position_beats=940.979  error_ms=4.000
[TIMING ] wwise_callback=beat  position_beats=941.947  error_ms=3.000
[TIMING ] wwise_callback=grid  position_beats=941.947  error_ms=3.000
[TIMING ] wwise_callback=beat  position_beats=942.964  error_ms=2.000
[TIMING ] wwise_callback=grid  position_beats=942.964  error_ms=2.000
[TIMING ] wwise_callback=bar  position_beats=943.980  error_ms=2.000
[TIMING ] wwise_callback=beat  position_beats=943.980  error_ms=2.000
[TIMING ] wwise_callback=grid  position_beats=943.980  error_ms=2.000
[AUDIO  ] arrangement=layer  enabled=false  requested_at=944.008
[TIMING ] wwise_callback=beat  position_beats=944.953  error_ms=3.000
[TIMING ] wwise_callback=grid  position_beats=944.953  error_ms=3.000
[TIMING ] wwise_callback=beat  position_beats=945.967  error_ms=2.000
[TIMING ] wwise_callback=grid  position_beats=945.967  error_ms=2.000
[TIMING ] wwise_callback=beat  position_beats=946.935  error_ms=1.000
[TIMING ] wwise_callback=grid  position_beats=946.935  error_ms=1.000
[TIMING ] wwise_callback=bar  position_beats=947.951  error_ms=0.000
[TIMING ] wwise_callback=beat  position_beats=947.951  error_ms=0.000
[TIMING ] wwise_callback=grid  position_beats=947.951  error_ms=0.000
[TIMING ] wwise_callback=beat  position_beats=948.980  error_ms=6.000
[TIMING ] wwise_callback=grid  position_beats=948.980  error_ms=6.000
[TIMING ] wwise_callback=beat  position_beats=949.949  error_ms=5.000
[TIMING ] wwise_callback=grid  position_beats=949.949  error_ms=5.000
[TIMING ] wwise_callback=beat  position_beats=950.963  error_ms=4.000
[TIMING ] wwise_callback=grid  position_beats=950.963  error_ms=4.000
[TIMING ] wwise_callback=bar  position_beats=951.979  error_ms=3.000
[TIMING ] wwise_callback=beat  position_beats=951.979  error_ms=3.000
[TIMING ] wwise_callback=grid  position_beats=951.979  error_ms=3.000
[TIMING ] wwise_callback=beat  position_beats=952.950  error_ms=1.000
[TIMING ] wwise_callback=grid  position_beats=952.950  error_ms=1.000
[TIMING ] wwise_callback=beat  position_beats=953.968  error_ms=4.000
[TIMING ] wwise_callback=grid  position_beats=953.968  error_ms=4.000
[TIMING ] wwise_callback=beat  position_beats=954.982  error_ms=3.000
[TIMING ] wwise_callback=grid  position_beats=954.982  error_ms=3.000
[TIMING ] wwise_callback=bar  position_beats=955.948  error_ms=1.000
[TIMING ] wwise_callback=beat  position_beats=955.948  error_ms=1.000
[TIMING ] wwise_callback=grid  position_beats=955.948  error_ms=1.000
[TIMING ] wwise_callback=beat  position_beats=956.967  error_ms=1.000
[TIMING ] wwise_callback=grid  position_beats=956.967  error_ms=1.000
[TIMING ] wwise_callback=beat  position_beats=957.948  error_ms=6.000
[TIMING ] wwise_callback=grid  position_beats=957.948  error_ms=6.000
[TIMING ] wwise_callback=beat  position_beats=958.962  error_ms=5.000
[TIMING ] wwise_callback=grid  position_beats=958.962  error_ms=5.000
[AUDIO  ] arrangement=transition  section=loop  requested_at=960.007
[TIMING ] wwise_segment=wrapped  segment_ms=14769.000  elapsed_ms=443070.000
[TIMING ] wwise_callback=beat  position_beats=960.949  error_ms=3.000
[TIMING ] wwise_callback=grid  position_beats=960.949  error_ms=3.000
[TIMING ] wwise_callback=beat  position_beats=961.963  error_ms=2.000
[TIMING ] wwise_callback=grid  position_beats=961.963  error_ms=2.000
[TIMING ] wwise_callback=beat  position_beats=962.984  error_ms=5.000
[TIMING ] wwise_callback=grid  position_beats=962.984  error_ms=5.000
[TIMING ] wwise_callback=bar  position_beats=963.950  error_ms=3.000
[TIMING ] wwise_callback=beat  position_beats=963.950  error_ms=3.000
[TIMING ] wwise_callback=grid  position_beats=963.950  error_ms=3.000
[TIMING ] wwise_callback=beat  position_beats=964.964  error_ms=2.000
[TIMING ] wwise_callback=grid  position_beats=964.964  error_ms=2.000
[TIMING ] wwise_callback=beat  position_beats=965.978  error_ms=1.000
[TIMING ] wwise_callback=grid  position_beats=965.978  error_ms=1.000
[TIMING ] wwise_callback=beat  position_beats=966.946  error_ms=0.000
[TIMING ] wwise_callback=grid  position_beats=966.946  error_ms=0.000
[TIMING ] wwise_callback=bar  position_beats=967.978  error_ms=6.000
[TIMING ] wwise_callback=beat  position_beats=967.978  error_ms=6.000
[TIMING ] wwise_callback=grid  position_beats=967.978  error_ms=6.000
[TIMING ] wwise_callback=beat  position_beats=968.946  error_ms=5.000
[TIMING ] wwise_callback=grid  position_beats=968.946  error_ms=5.000
[TIMING ] wwise_callback=beat  position_beats=969.960  error_ms=1.000
[TIMING ] wwise_callback=grid  position_beats=969.960  error_ms=1.000
[TIMING ] wwise_callback=beat  position_beats=970.974  error_ms=1.000
[TIMING ] wwise_callback=grid  position_beats=970.974  error_ms=1.000
[TIMING ] wwise_callback=bar  position_beats=971.949  error_ms=5.000
[TIMING ] wwise_callback=beat  position_beats=971.949  error_ms=5.000
[TIMING ] wwise_callback=grid  position_beats=971.949  error_ms=5.000
[TIMING ] wwise_callback=beat  position_beats=972.965  error_ms=4.000
[TIMING ] wwise_callback=grid  position_beats=972.965  error_ms=4.000
[TIMING ] wwise_callback=beat  position_beats=973.981  error_ms=4.000
[TIMING ] wwise_callback=grid  position_beats=973.981  error_ms=4.000
[TIMING ] wwise_callback=beat  position_beats=974.948  error_ms=2.000
[TIMING ] wwise_callback=grid  position_beats=974.948  error_ms=2.000
[TIMING ] wwise_callback=bar  position_beats=975.962  error_ms=1.000
[TIMING ] wwise_callback=beat  position_beats=975.962  error_ms=1.000
[TIMING ] wwise_callback=grid  position_beats=975.962  error_ms=1.000
[AUDIO  ] arrangement=layer  enabled=true  requested_at=976.012
[TIMING ] wwise_callback=beat  position_beats=976.980  error_ms=1.000
[TIMING ] wwise_callback=grid  position_beats=976.980  error_ms=1.000
[TIMING ] wwise_callback=beat  position_beats=977.962  error_ms=6.000
[TIMING ] wwise_callback=grid  position_beats=977.962  error_ms=6.000
[TIMING ] wwise_callback=beat  position_beats=978.980  error_ms=5.000
[TIMING ] wwise_callback=grid  position_beats=978.980  error_ms=5.000
[TIMING ] wwise_callback=bar  position_beats=979.935  error_ms=0.000
[TIMING ] wwise_callback=beat  position_beats=979.935  error_ms=0.000
[TIMING ] wwise_callback=grid  position_beats=979.935  error_ms=0.000
[TIMING ] wwise_callback=beat  position_beats=980.965  error_ms=6.000
[TIMING ] wwise_callback=grid  position_beats=980.965  error_ms=6.000
[TIMING ] wwise_callback=beat  position_beats=981.983  error_ms=6.000
[TIMING ] wwise_callback=grid  position_beats=981.983  error_ms=6.000
[TIMING ] wwise_callback=beat  position_beats=982.949  error_ms=4.000
[TIMING ] wwise_callback=grid  position_beats=982.949  error_ms=4.000
[TIMING ] wwise_callback=bar  position_beats=983.963  error_ms=3.000
[TIMING ] wwise_callback=beat  position_beats=983.963  error_ms=3.000
[TIMING ] wwise_callback=grid  position_beats=983.963  error_ms=3.000
[TIMING ] wwise_callback=beat  position_beats=984.977  error_ms=2.000
[TIMING ] wwise_callback=grid  position_beats=984.977  error_ms=2.000
[TIMING ] wwise_callback=beat  position_beats=985.946  error_ms=1.000
[TIMING ] wwise_callback=grid  position_beats=985.946  error_ms=1.000
[TIMING ] wwise_callback=beat  position_beats=986.962  error_ms=0.000
[TIMING ] wwise_callback=grid  position_beats=986.962  error_ms=0.000
[TIMING ] wwise_callback=bar  position_beats=987.995  error_ms=6.000
[TIMING ] wwise_callback=beat  position_beats=987.995  error_ms=6.000
[TIMING ] wwise_callback=grid  position_beats=987.995  error_ms=6.000
[TIMING ] wwise_callback=beat  position_beats=988.951  error_ms=1.000
[TIMING ] wwise_callback=grid  position_beats=988.951  error_ms=1.000
[TIMING ] wwise_callback=beat  position_beats=989.965  error_ms=0.000
[TIMING ] wwise_callback=grid  position_beats=989.965  error_ms=0.000
[TIMING ] wwise_callback=beat  position_beats=990.946  error_ms=5.000
[TIMING ] wwise_callback=grid  position_beats=990.946  error_ms=5.000
[TIMING ] wwise_segment=wrapped  segment_ms=14769.000  elapsed_ms=457839.000
[AUDIO  ] arrangement=transition  section=alternate  requested_at=992.010
[TIMING ] wwise_callback=beat  position_beats=992.979  error_ms=4.000
[TIMING ] wwise_callback=grid  position_beats=992.979  error_ms=4.000
[TIMING ] wwise_callback=beat  position_beats=993.945  error_ms=2.000
[TIMING ] wwise_callback=grid  position_beats=993.945  error_ms=2.000
[TIMING ] wwise_callback=beat  position_beats=994.959  error_ms=1.000
[TIMING ] wwise_callback=grid  position_beats=994.959  error_ms=1.000
[TIMING ] wwise_callback=bar  position_beats=995.979  error_ms=2.000
[TIMING ] wwise_callback=beat  position_beats=995.979  error_ms=2.000
[TIMING ] wwise_callback=grid  position_beats=995.979  error_ms=2.000
[TIMING ] wwise_callback=beat  position_beats=996.950  error_ms=2.000
[TIMING ] wwise_callback=grid  position_beats=996.950  error_ms=2.000
[TIMING ] wwise_callback=beat  position_beats=997.964  error_ms=1.000
[TIMING ] wwise_callback=grid  position_beats=997.964  error_ms=1.000
[TIMING ] wwise_callback=beat  position_beats=998.933  error_ms=0.000
[TIMING ] wwise_callback=grid  position_beats=998.933  error_ms=0.000
[TIMING ] wwise_callback=bar  position_beats=999.962  error_ms=6.000
[TIMING ] wwise_callback=beat  position_beats=999.962  error_ms=6.000
[TIMING ] wwise_callback=grid  position_beats=999.962  error_ms=6.000
[TIMING ] wwise_callback=beat  position_beats=1000.978  error_ms=5.000
[TIMING ] wwise_callback=grid  position_beats=1000.978  error_ms=5.000
[TIMING ] wwise_callback=beat  position_beats=1001.946  error_ms=4.000
[TIMING ] wwise_callback=grid  position_beats=1001.946  error_ms=4.000
[TIMING ] wwise_callback=beat  position_beats=1002.960  error_ms=3.000
[TIMING ] wwise_callback=grid  position_beats=1002.960  error_ms=3.000
[TIMING ] wwise_callback=bar  position_beats=1003.974  error_ms=2.000
[TIMING ] wwise_callback=beat  position_beats=1003.974  error_ms=2.000
[TIMING ] wwise_callback=grid  position_beats=1003.974  error_ms=2.000
[TIMING ] wwise_callback=beat  position_beats=1004.947  error_ms=0.000
[TIMING ] wwise_callback=grid  position_beats=1004.947  error_ms=0.000
[TIMING ] wwise_callback=beat  position_beats=1005.966  error_ms=3.000
[TIMING ] wwise_callback=grid  position_beats=1005.966  error_ms=3.000
[TIMING ] wwise_callback=beat  position_beats=1006.980  error_ms=2.000
[TIMING ] wwise_callback=grid  position_beats=1006.980  error_ms=2.000
[TIMING ] wwise_callback=bar  position_beats=1007.946  error_ms=0.000
[TIMING ] wwise_callback=beat  position_beats=1007.946  error_ms=0.000
[TIMING ] wwise_callback=grid  position_beats=1007.946  error_ms=0.000
[AUDIO  ] arrangement=layer  enabled=false  requested_at=1008.009
[TIMING ] wwise_callback=beat  position_beats=1008.973  error_ms=5.000
[TIMING ] wwise_callback=grid  position_beats=1008.973  error_ms=5.000
[TIMING ] wwise_callback=beat  position_beats=1009.939  error_ms=3.000
[TIMING ] wwise_callback=grid  position_beats=1009.939  error_ms=3.000
[TIMING ] wwise_callback=beat  position_beats=1010.958  error_ms=3.000
[TIMING ] wwise_callback=grid  position_beats=1010.958  error_ms=3.000
[TIMING ] wwise_callback=bar  position_beats=1011.972  error_ms=2.000
[TIMING ] wwise_callback=beat  position_beats=1011.972  error_ms=2.000
[TIMING ] wwise_callback=grid  position_beats=1011.972  error_ms=2.000
[TIMING ] wwise_callback=beat  position_beats=1012.942  error_ms=0.000
[TIMING ] wwise_callback=grid  position_beats=1012.942  error_ms=0.000
[TIMING ] wwise_callback=beat  position_beats=1013.958  error_ms=0.000
[TIMING ] wwise_callback=grid  position_beats=1013.958  error_ms=0.000
[TIMING ] wwise_callback=beat  position_beats=1014.977  error_ms=2.000
[TIMING ] wwise_callback=grid  position_beats=1014.977  error_ms=2.000
[TIMING ] wwise_callback=bar  position_beats=1015.943  error_ms=0.000
[TIMING ] wwise_callback=beat  position_beats=1015.943  error_ms=0.000
[TIMING ] wwise_callback=grid  position_beats=1015.943  error_ms=0.000
[TIMING ] wwise_callback=beat  position_beats=1016.970  error_ms=5.000
[TIMING ] wwise_callback=grid  position_beats=1016.970  error_ms=5.000
[TIMING ] wwise_callback=beat  position_beats=1017.986  error_ms=5.000
[TIMING ] wwise_callback=grid  position_beats=1017.986  error_ms=5.000
[TIMING ] wwise_callback=beat  position_beats=1018.955  error_ms=4.000
[TIMING ] wwise_callback=grid  position_beats=1018.955  error_ms=4.000
[TIMING ] wwise_callback=bar  position_beats=1019.971  error_ms=3.000
[TIMING ] wwise_callback=beat  position_beats=1019.971  error_ms=3.000
[TIMING ] wwise_callback=grid  position_beats=1019.971  error_ms=3.000
[TIMING ] wwise_callback=beat  position_beats=1020.939  error_ms=2.000
[TIMING ] wwise_callback=grid  position_beats=1020.939  error_ms=2.000
[TIMING ] wwise_callback=beat  position_beats=1021.958  error_ms=1.000
[TIMING ] wwise_callback=grid  position_beats=1021.958  error_ms=1.000
[TIMING ] wwise_callback=beat  position_beats=1022.972  error_ms=0.000
[TIMING ] wwise_callback=grid  position_beats=1022.972  error_ms=0.000
[TIMING ] wwise_segment=wrapped  segment_ms=14769.000  elapsed_ms=472608.000
[AUDIO  ] arrangement=transition  section=loop  requested_at=1024.005
[TIMING ] wwise_callback=beat  position_beats=1024.956  error_ms=1.000
[TIMING ] wwise_callback=grid  position_beats=1024.956  error_ms=1.000
[TIMING ] wwise_callback=beat  position_beats=1025.972  error_ms=0.000
[TIMING ] wwise_callback=grid  position_beats=1025.972  error_ms=0.000
[TIMING ] wwise_callback=beat  position_beats=1026.956  error_ms=6.000
[TIMING ] wwise_callback=grid  position_beats=1026.956  error_ms=6.000
[TIMING ] wwise_callback=bar  position_beats=1027.970  error_ms=5.000
[TIMING ] wwise_callback=beat  position_beats=1027.970  error_ms=5.000
[TIMING ] wwise_callback=grid  position_beats=1027.970  error_ms=5.000
[TIMING ] wwise_callback=beat  position_beats=1028.984  error_ms=4.000
[TIMING ] wwise_callback=grid  position_beats=1028.984  error_ms=4.000
[TIMING ] wwise_callback=beat  position_beats=1029.953  error_ms=3.000
[TIMING ] wwise_callback=grid  position_beats=1029.953  error_ms=3.000
[TIMING ] wwise_callback=beat  position_beats=1030.971  error_ms=2.000
[TIMING ] wwise_callback=grid  position_beats=1030.971  error_ms=2.000
[TIMING ] wwise_callback=bar  position_beats=1031.942  error_ms=3.000
[TIMING ] wwise_callback=beat  position_beats=1031.942  error_ms=3.000
[TIMING ] wwise_callback=grid  position_beats=1031.942  error_ms=3.000
[TIMING ] wwise_callback=beat  position_beats=1032.958  error_ms=3.000
[TIMING ] wwise_callback=grid  position_beats=1032.958  error_ms=3.000
[TIMING ] wwise_callback=beat  position_beats=1033.972  error_ms=2.000
[TIMING ] wwise_callback=grid  position_beats=1033.972  error_ms=2.000
[TIMING ] wwise_callback=beat  position_beats=1034.938  error_ms=0.000
[TIMING ] wwise_callback=grid  position_beats=1034.938  error_ms=0.000
[TIMING ] wwise_callback=bar  position_beats=1035.956  error_ms=0.000
[TIMING ] wwise_callback=beat  position_beats=1035.956  error_ms=0.000
[TIMING ] wwise_callback=grid  position_beats=1035.956  error_ms=0.000
[TIMING ] wwise_callback=beat  position_beats=1036.985  error_ms=6.000
[TIMING ] wwise_callback=grid  position_beats=1036.985  error_ms=6.000
[TIMING ] wwise_callback=beat  position_beats=1037.952  error_ms=4.000
[TIMING ] wwise_callback=grid  position_beats=1037.952  error_ms=4.000
[TIMING ] wwise_callback=beat  position_beats=1038.966  error_ms=3.000
[TIMING ] wwise_callback=grid  position_beats=1038.966  error_ms=3.000
[TIMING ] wwise_callback=bar  position_beats=1039.986  error_ms=3.000
[TIMING ] wwise_callback=beat  position_beats=1039.986  error_ms=3.000
[TIMING ] wwise_callback=grid  position_beats=1039.986  error_ms=3.000
[AUDIO  ] arrangement=layer  enabled=true  requested_at=1040.012
[TIMING ] wwise_callback=beat  position_beats=1040.957  error_ms=4.000
[TIMING ] wwise_callback=grid  position_beats=1040.957  error_ms=4.000
[TIMING ] wwise_callback=beat  position_beats=1041.971  error_ms=3.000
[TIMING ] wwise_callback=grid  position_beats=1041.971  error_ms=3.000
[TIMING ] wwise_callback=beat  position_beats=1042.944  error_ms=4.000
[TIMING ] wwise_callback=grid  position_beats=1042.944  error_ms=4.000
[TIMING ] wwise_callback=bar  position_beats=1043.953  error_ms=1.000
[TIMING ] wwise_callback=beat  position_beats=1043.953  error_ms=1.000
[TIMING ] wwise_callback=grid  position_beats=1043.953  error_ms=1.000
[TIMING ] wwise_callback=beat  position_beats=1044.970  error_ms=0.000
[TIMING ] wwise_callback=grid  position_beats=1044.970  error_ms=0.000
[TIMING ] wwise_callback=beat  position_beats=1045.953  error_ms=6.000
[TIMING ] wwise_callback=grid  position_beats=1045.953  error_ms=6.000
[TIMING ] wwise_callback=beat  position_beats=1046.967  error_ms=5.000
[TIMING ] wwise_callback=grid  position_beats=1046.967  error_ms=5.000
[TIMING ] wwise_callback=bar  position_beats=1047.981  error_ms=4.000
[TIMING ] wwise_callback=beat  position_beats=1047.981  error_ms=4.000
[TIMING ] wwise_callback=grid  position_beats=1047.981  error_ms=4.000
[TIMING ] wwise_callback=beat  position_beats=1048.956  error_ms=6.000
[TIMING ] wwise_callback=grid  position_beats=1048.956  error_ms=6.000
[TIMING ] wwise_callback=beat  position_beats=1049.972  error_ms=5.000
[TIMING ] wwise_callback=grid  position_beats=1049.972  error_ms=5.000
[TIMING ] wwise_callback=beat  position_beats=1050.939  error_ms=3.000
[TIMING ] wwise_callback=grid  position_beats=1050.939  error_ms=3.000
[TIMING ] wwise_callback=bar  position_beats=1051.951  error_ms=1.000
[TIMING ] wwise_callback=beat  position_beats=1051.951  error_ms=1.000
[TIMING ] wwise_callback=grid  position_beats=1051.951  error_ms=1.000
[TIMING ] wwise_callback=beat  position_beats=1052.965  error_ms=0.000
[TIMING ] wwise_callback=grid  position_beats=1052.965  error_ms=0.000
[TIMING ] wwise_callback=beat  position_beats=1053.948  error_ms=6.000
[TIMING ] wwise_callback=grid  position_beats=1053.948  error_ms=6.000
[TIMING ] wwise_callback=beat  position_beats=1054.964  error_ms=5.000
[TIMING ] wwise_callback=grid  position_beats=1054.964  error_ms=5.000
[AUDIO  ] arrangement=transition  section=alternate  requested_at=1056.009
[TIMING ] wwise_segment=wrapped  segment_ms=14769.000  elapsed_ms=487377.000
[TIMING ] wwise_callback=beat  position_beats=1056.949  error_ms=3.000
[TIMING ] wwise_callback=grid  position_beats=1056.949  error_ms=3.000
[TIMING ] wwise_callback=beat  position_beats=1057.967  error_ms=5.000
[TIMING ] wwise_callback=grid  position_beats=1057.967  error_ms=5.000
[TIMING ] wwise_callback=beat  position_beats=1058.981  error_ms=4.000
[TIMING ] wwise_callback=grid  position_beats=1058.981  error_ms=4.000
[TIMING ] wwise_callback=bar  position_beats=1059.950  error_ms=3.000
[TIMING ] wwise_callback=beat  position_beats=1059.950  error_ms=3.000
[TIMING ] wwise_callback=grid  position_beats=1059.950  error_ms=3.000
[TIMING ] wwise_callback=beat  position_beats=1060.966  error_ms=2.000
[TIMING ] wwise_callback=grid  position_beats=1060.966  error_ms=2.000
[TIMING ] wwise_callback=beat  position_beats=1061.932  error_ms=0.000
[TIMING ] wwise_callback=grid  position_beats=1061.932  error_ms=0.000
[TIMING ] wwise_callback=beat  position_beats=1062.948  error_ms=0.000
[TIMING ] wwise_callback=grid  position_beats=1062.948  error_ms=0.000
[TIMING ] wwise_callback=bar  position_beats=1063.978  error_ms=6.000
[TIMING ] wwise_callback=beat  position_beats=1063.978  error_ms=6.000
[TIMING ] wwise_callback=grid  position_beats=1063.978  error_ms=6.000
[TIMING ] wwise_callback=beat  position_beats=1064.948  error_ms=3.000
[TIMING ] wwise_callback=grid  position_beats=1064.948  error_ms=3.000
[TIMING ] wwise_callback=beat  position_beats=1065.964  error_ms=3.000
[TIMING ] wwise_callback=grid  position_beats=1065.964  error_ms=3.000
[TIMING ] wwise_callback=beat  position_beats=1066.983  error_ms=6.000
[TIMING ] wwise_callback=grid  position_beats=1066.983  error_ms=6.000
[TIMING ] wwise_callback=bar  position_beats=1067.949  error_ms=4.000
[TIMING ] wwise_callback=beat  position_beats=1067.949  error_ms=4.000
[TIMING ] wwise_callback=grid  position_beats=1067.949  error_ms=4.000
[TIMING ] wwise_callback=beat  position_beats=1068.963  error_ms=3.000
[TIMING ] wwise_callback=grid  position_beats=1068.963  error_ms=3.000
[TIMING ] wwise_callback=beat  position_beats=1069.981  error_ms=3.000
[TIMING ] wwise_callback=grid  position_beats=1069.981  error_ms=3.000
[TIMING ] wwise_callback=beat  position_beats=1070.948  error_ms=1.000
[TIMING ] wwise_callback=grid  position_beats=1070.948  error_ms=1.000
[TIMING ] wwise_callback=bar  position_beats=1071.962  error_ms=0.000
[TIMING ] wwise_callback=beat  position_beats=1071.962  error_ms=0.000
[TIMING ] wwise_callback=grid  position_beats=1071.962  error_ms=0.000
[AUDIO  ] arrangement=layer  enabled=false  requested_at=1072.009
[TIMING ] wwise_callback=beat  position_beats=1072.945  error_ms=6.000
[TIMING ] wwise_callback=grid  position_beats=1072.945  error_ms=6.000
[TIMING ] wwise_callback=beat  position_beats=1073.964  error_ms=5.000
[TIMING ] wwise_callback=grid  position_beats=1073.964  error_ms=5.000
[TIMING ] wwise_callback=beat  position_beats=1074.978  error_ms=4.000
[TIMING ] wwise_callback=grid  position_beats=1074.978  error_ms=4.000
[TIMING ] wwise_callback=bar  position_beats=1075.938  error_ms=0.000
[TIMING ] wwise_callback=beat  position_beats=1075.938  error_ms=0.000
[TIMING ] wwise_callback=grid  position_beats=1075.938  error_ms=0.000
[TIMING ] wwise_callback=beat  position_beats=1076.965  error_ms=5.000
[TIMING ] wwise_callback=grid  position_beats=1076.965  error_ms=5.000
[TIMING ] wwise_callback=beat  position_beats=1077.979  error_ms=4.000
[TIMING ] wwise_callback=grid  position_beats=1077.979  error_ms=4.000
[TIMING ] wwise_callback=beat  position_beats=1078.947  error_ms=3.000
[TIMING ] wwise_callback=grid  position_beats=1078.947  error_ms=3.000
[TIMING ] wwise_callback=bar  position_beats=1079.963  error_ms=2.000
[TIMING ] wwise_callback=beat  position_beats=1079.963  error_ms=2.000
[TIMING ] wwise_callback=grid  position_beats=1079.963  error_ms=2.000
[TIMING ] wwise_callback=beat  position_beats=1080.977  error_ms=1.000
[TIMING ] wwise_callback=grid  position_beats=1080.977  error_ms=1.000
[TIMING ] wwise_callback=beat  position_beats=1081.946  error_ms=0.000
[TIMING ] wwise_callback=grid  position_beats=1081.946  error_ms=0.000
[TIMING ] wwise_callback=beat  position_beats=1082.979  error_ms=6.000
[TIMING ] wwise_callback=grid  position_beats=1082.979  error_ms=6.000
[TIMING ] wwise_callback=bar  position_beats=1083.933  error_ms=0.000
[TIMING ] wwise_callback=beat  position_beats=1083.933  error_ms=0.000
[TIMING ] wwise_callback=grid  position_beats=1083.933  error_ms=0.000
[TIMING ] wwise_callback=beat  position_beats=1084.951  error_ms=0.000
[TIMING ] wwise_callback=grid  position_beats=1084.951  error_ms=0.000
[TIMING ] wwise_callback=beat  position_beats=1085.980  error_ms=6.000
[TIMING ] wwise_callback=grid  position_beats=1085.980  error_ms=6.000
[TIMING ] wwise_callback=beat  position_beats=1086.946  error_ms=4.000
[TIMING ] wwise_callback=grid  position_beats=1086.946  error_ms=4.000
[TIMING ] wwise_segment=wrapped  segment_ms=14769.000  elapsed_ms=502146.000
[AUDIO  ] arrangement=transition  section=loop  requested_at=1088.010
[TIMING ] wwise_callback=beat  position_beats=1088.979  error_ms=3.000
[TIMING ] wwise_callback=grid  position_beats=1088.979  error_ms=3.000
[TIMING ] wwise_callback=beat  position_beats=1089.945  error_ms=1.000
[TIMING ] wwise_callback=grid  position_beats=1089.945  error_ms=1.000
[TIMING ] wwise_callback=beat  position_beats=1090.959  error_ms=0.000
[TIMING ] wwise_callback=grid  position_beats=1090.959  error_ms=0.000
[TIMING ] wwise_callback=bar  position_beats=1091.934  error_ms=2.000
[TIMING ] wwise_callback=beat  position_beats=1091.934  error_ms=2.000
[TIMING ] wwise_callback=grid  position_beats=1091.934  error_ms=2.000
[TIMING ] wwise_callback=beat  position_beats=1092.948  error_ms=1.000
[TIMING ] wwise_callback=grid  position_beats=1092.948  error_ms=1.000
[TIMING ] wwise_callback=beat  position_beats=1093.977  error_ms=6.000
[TIMING ] wwise_callback=grid  position_beats=1093.977  error_ms=6.000
[TIMING ] wwise_callback=beat  position_beats=1094.943  error_ms=4.000
[TIMING ] wwise_callback=grid  position_beats=1094.943  error_ms=4.000
[TIMING ] wwise_callback=bar  position_beats=1095.960  error_ms=4.000
[TIMING ] wwise_callback=beat  position_beats=1095.960  error_ms=4.000
[TIMING ] wwise_callback=grid  position_beats=1095.960  error_ms=4.000
[TIMING ] wwise_callback=beat  position_beats=1096.976  error_ms=4.000
[TIMING ] wwise_callback=grid  position_beats=1096.976  error_ms=4.000
[TIMING ] wwise_callback=beat  position_beats=1097.942  error_ms=2.000
[TIMING ] wwise_callback=grid  position_beats=1097.942  error_ms=2.000
[TIMING ] wwise_callback=beat  position_beats=1098.958  error_ms=1.000
[TIMING ] wwise_callback=grid  position_beats=1098.958  error_ms=1.000
[TIMING ] wwise_callback=bar  position_beats=1099.979  error_ms=3.000
[TIMING ] wwise_callback=beat  position_beats=1099.979  error_ms=3.000
[TIMING ] wwise_callback=grid  position_beats=1099.979  error_ms=3.000
[TIMING ] wwise_callback=beat  position_beats=1100.947  error_ms=2.000
[TIMING ] wwise_callback=grid  position_beats=1100.947  error_ms=2.000
[TIMING ] wwise_callback=beat  position_beats=1101.968  error_ms=4.000
[TIMING ] wwise_callback=grid  position_beats=1101.968  error_ms=4.000
[TIMING ] wwise_callback=beat  position_beats=1102.932  error_ms=1.000
[TIMING ] wwise_callback=grid  position_beats=1102.932  error_ms=1.000
[TIMING ] wwise_callback=bar  position_beats=1103.948  error_ms=0.000
[TIMING ] wwise_callback=beat  position_beats=1103.948  error_ms=0.000
[TIMING ] wwise_callback=grid  position_beats=1103.948  error_ms=0.000
[AUDIO  ] arrangement=layer  enabled=true  requested_at=1104.011
[TIMING ] wwise_callback=beat  position_beats=1104.964  error_ms=0.000
[TIMING ] wwise_callback=grid  position_beats=1104.964  error_ms=0.000
[TIMING ] wwise_callback=beat  position_beats=1105.946  error_ms=5.000
[TIMING ] wwise_callback=grid  position_beats=1105.946  error_ms=5.000
[TIMING ] wwise_callback=beat  position_beats=1106.960  error_ms=4.000
[TIMING ] wwise_callback=grid  position_beats=1106.960  error_ms=4.000
[TIMING ] wwise_callback=bar  position_beats=1107.976  error_ms=3.000
[TIMING ] wwise_callback=beat  position_beats=1107.976  error_ms=3.000
[TIMING ] wwise_callback=grid  position_beats=1107.976  error_ms=3.000
[TIMING ] wwise_callback=beat  position_beats=1108.946  error_ms=2.000
[TIMING ] wwise_callback=grid  position_beats=1108.946  error_ms=2.000
[TIMING ] wwise_callback=beat  position_beats=1109.976  error_ms=9.000
[TIMING ] wwise_callback=grid  position_beats=1109.976  error_ms=9.000
[TIMING ] wwise_callback=beat  position_beats=1110.979  error_ms=3.000
[TIMING ] wwise_callback=grid  position_beats=1110.979  error_ms=3.000
[TIMING ] wwise_callback=bar  position_beats=1111.947  error_ms=2.000
[TIMING ] wwise_callback=beat  position_beats=1111.947  error_ms=2.000
[TIMING ] wwise_callback=grid  position_beats=1111.947  error_ms=2.000
[TIMING ] wwise_callback=beat  position_beats=1112.963  error_ms=1.000
[TIMING ] wwise_callback=grid  position_beats=1112.963  error_ms=1.000
[TIMING ] wwise_callback=beat  position_beats=1113.932  error_ms=0.000
[TIMING ] wwise_callback=grid  position_beats=1113.932  error_ms=0.000
[TIMING ] wwise_callback=beat  position_beats=1114.948  error_ms=0.000
[TIMING ] wwise_callback=grid  position_beats=1114.948  error_ms=0.000
[TIMING ] wwise_callback=bar  position_beats=1115.975  error_ms=5.000
[TIMING ] wwise_callback=beat  position_beats=1115.975  error_ms=5.000
[TIMING ] wwise_callback=grid  position_beats=1115.975  error_ms=5.000
[TIMING ] wwise_callback=beat  position_beats=1116.946  error_ms=3.000
[TIMING ] wwise_callback=grid  position_beats=1116.946  error_ms=3.000
[TIMING ] wwise_callback=beat  position_beats=1117.962  error_ms=3.000
[TIMING ] wwise_callback=grid  position_beats=1117.962  error_ms=3.000
[TIMING ] wwise_callback=beat  position_beats=1118.980  error_ms=5.000
[TIMING ] wwise_callback=grid  position_beats=1118.980  error_ms=5.000
[TIMING ] wwise_segment=wrapped  segment_ms=14769.000  elapsed_ms=516915.000
[AUDIO  ] arrangement=transition  section=alternate  requested_at=1120.009
[TIMING ] wwise_callback=beat  position_beats=1120.963  error_ms=3.000
[TIMING ] wwise_callback=grid  position_beats=1120.963  error_ms=3.000
[TIMING ] wwise_callback=beat  position_beats=1121.977  error_ms=2.000
[TIMING ] wwise_callback=grid  position_beats=1121.977  error_ms=2.000
[TIMING ] wwise_callback=beat  position_beats=1122.943  error_ms=0.000
[TIMING ] wwise_callback=grid  position_beats=1122.943  error_ms=0.000
[TIMING ] wwise_callback=bar  position_beats=1123.985  error_ms=11.000
[TIMING ] wwise_callback=beat  position_beats=1123.985  error_ms=11.000
[TIMING ] wwise_callback=grid  position_beats=1123.985  error_ms=11.000
[TIMING ] wwise_callback=beat  position_beats=1124.939  error_ms=3.000
[TIMING ] wwise_callback=grid  position_beats=1124.939  error_ms=3.000
[TIMING ] wwise_callback=beat  position_beats=1125.961  error_ms=4.000
[TIMING ] wwise_callback=grid  position_beats=1125.961  error_ms=4.000
[TIMING ] wwise_callback=beat  position_beats=1126.977  error_ms=4.000
[TIMING ] wwise_callback=grid  position_beats=1126.977  error_ms=4.000
[TIMING ] wwise_callback=bar  position_beats=1127.946  error_ms=5.000
[TIMING ] wwise_callback=beat  position_beats=1127.946  error_ms=5.000
[TIMING ] wwise_callback=grid  position_beats=1127.946  error_ms=5.000
[TIMING ] wwise_callback=beat  position_beats=1128.962  error_ms=4.000
[TIMING ] wwise_callback=grid  position_beats=1128.962  error_ms=4.000
[TIMING ] wwise_callback=beat  position_beats=1129.978  error_ms=4.000
[TIMING ] wwise_callback=grid  position_beats=1129.978  error_ms=4.000
[TIMING ] wwise_callback=beat  position_beats=1130.945  error_ms=2.000
[TIMING ] wwise_callback=grid  position_beats=1130.945  error_ms=2.000
[TIMING ] wwise_callback=bar  position_beats=1131.956  error_ms=0.000
[TIMING ] wwise_callback=beat  position_beats=1131.956  error_ms=0.000
[TIMING ] wwise_callback=grid  position_beats=1131.956  error_ms=0.000
[TIMING ] wwise_callback=beat  position_beats=1132.977  error_ms=1.000
[TIMING ] wwise_callback=grid  position_beats=1132.977  error_ms=1.000
[TIMING ] wwise_callback=beat  position_beats=1133.947  error_ms=1.000
[TIMING ] wwise_callback=grid  position_beats=1133.947  error_ms=1.000
[TIMING ] wwise_callback=beat  position_beats=1134.968  error_ms=1.000
[TIMING ] wwise_callback=grid  position_beats=1134.968  error_ms=1.000
[TIMING ] wwise_callback=bar  position_beats=1135.936  error_ms=2.000
[TIMING ] wwise_callback=beat  position_beats=1135.936  error_ms=2.000
[TIMING ] wwise_callback=grid  position_beats=1135.936  error_ms=2.000
[AUDIO  ] arrangement=layer  enabled=false  requested_at=1136.008
[TIMING ] wwise_callback=beat  position_beats=1136.950  error_ms=1.000
[TIMING ] wwise_callback=grid  position_beats=1136.950  error_ms=1.000
[TIMING ] wwise_callback=beat  position_beats=1137.967  error_ms=0.000
[TIMING ] wwise_callback=grid  position_beats=1137.967  error_ms=0.000
[TIMING ] wwise_callback=beat  position_beats=1138.950  error_ms=6.000
[TIMING ] wwise_callback=grid  position_beats=1138.950  error_ms=6.000
[TIMING ] wwise_callback=bar  position_beats=1139.964  error_ms=5.000
[TIMING ] wwise_callback=beat  position_beats=1139.964  error_ms=5.000
[TIMING ] wwise_callback=grid  position_beats=1139.964  error_ms=5.000
[TIMING ] wwise_callback=beat  position_beats=1140.978  error_ms=4.000
[TIMING ] wwise_callback=grid  position_beats=1140.978  error_ms=4.000
[TIMING ] wwise_callback=beat  position_beats=1141.947  error_ms=3.000
[TIMING ] wwise_callback=grid  position_beats=1141.947  error_ms=3.000
[TIMING ] wwise_callback=beat  position_beats=1142.963  error_ms=2.000
[TIMING ] wwise_callback=grid  position_beats=1142.963  error_ms=2.000
[TIMING ] wwise_callback=bar  position_beats=1143.983  error_ms=1.000
[TIMING ] wwise_callback=beat  position_beats=1143.983  error_ms=1.000
[TIMING ] wwise_callback=grid  position_beats=1143.983  error_ms=1.000
[TIMING ] wwise_callback=beat  position_beats=1144.952  error_ms=3.000
[TIMING ] wwise_callback=grid  position_beats=1144.952  error_ms=3.000
[TIMING ] wwise_callback=beat  position_beats=1145.966  error_ms=2.000
[TIMING ] wwise_callback=grid  position_beats=1145.966  error_ms=2.000
[TIMING ] wwise_callback=beat  position_beats=1146.932  error_ms=0.000
[TIMING ] wwise_callback=grid  position_beats=1146.932  error_ms=0.000
[TIMING ] wwise_callback=bar  position_beats=1147.951  error_ms=0.000
[TIMING ] wwise_callback=beat  position_beats=1147.951  error_ms=0.000
[TIMING ] wwise_callback=grid  position_beats=1147.951  error_ms=0.000
[TIMING ] wwise_callback=beat  position_beats=1148.980  error_ms=6.000
[TIMING ] wwise_callback=grid  position_beats=1148.980  error_ms=6.000
[TIMING ] wwise_callback=beat  position_beats=1149.946  error_ms=4.000
[TIMING ] wwise_callback=grid  position_beats=1149.946  error_ms=4.000
[TIMING ] wwise_callback=beat  position_beats=1150.962  error_ms=4.000
[TIMING ] wwise_callback=grid  position_beats=1150.962  error_ms=4.000
[AUDIO  ] arrangement=transition  section=loop  requested_at=1152.009
[TIMING ] wwise_segment=wrapped  segment_ms=14769.000  elapsed_ms=531684.000
[TIMING ] wwise_callback=beat  position_beats=1152.949  error_ms=4.000
[TIMING ] wwise_callback=grid  position_beats=1152.949  error_ms=4.000
[TIMING ] wwise_callback=beat  position_beats=1153.967  error_ms=4.000
[TIMING ] wwise_callback=grid  position_beats=1153.967  error_ms=4.000
[TIMING ] wwise_callback=beat  position_beats=1154.934  error_ms=2.000
[TIMING ] wwise_callback=grid  position_beats=1154.934  error_ms=2.000
[TIMING ] wwise_callback=bar  position_beats=1155.948  error_ms=1.000
[TIMING ] wwise_callback=beat  position_beats=1155.948  error_ms=1.000
[TIMING ] wwise_callback=grid  position_beats=1155.948  error_ms=1.000
[TIMING ] wwise_callback=beat  position_beats=1156.962  error_ms=0.000
[TIMING ] wwise_callback=grid  position_beats=1156.962  error_ms=0.000
[TIMING ] wwise_callback=beat  position_beats=1157.945  error_ms=6.000
[TIMING ] wwise_callback=grid  position_beats=1157.945  error_ms=6.000
[TIMING ] wwise_callback=beat  position_beats=1158.961  error_ms=5.000
[TIMING ] wwise_callback=grid  position_beats=1158.961  error_ms=5.000
[TIMING ] wwise_callback=bar  position_beats=1159.975  error_ms=4.000
[TIMING ] wwise_callback=beat  position_beats=1159.975  error_ms=4.000
[TIMING ] wwise_callback=grid  position_beats=1159.975  error_ms=4.000
[TIMING ] wwise_callback=beat  position_beats=1160.948  error_ms=3.000
[TIMING ] wwise_callback=grid  position_beats=1160.948  error_ms=3.000
[TIMING ] wwise_callback=beat  position_beats=1161.964  error_ms=5.000
[TIMING ] wwise_callback=grid  position_beats=1161.964  error_ms=5.000
[TIMING ] wwise_callback=beat  position_beats=1162.985  error_ms=6.000
[TIMING ] wwise_callback=grid  position_beats=1162.985  error_ms=6.000
[TIMING ] wwise_callback=bar  position_beats=1163.949  error_ms=3.000
[TIMING ] wwise_callback=beat  position_beats=1163.949  error_ms=3.000
[TIMING ] wwise_callback=grid  position_beats=1163.949  error_ms=3.000
[TIMING ] wwise_callback=beat  position_beats=1164.963  error_ms=2.000
[TIMING ] wwise_callback=grid  position_beats=1164.963  error_ms=2.000
[TIMING ] wwise_callback=beat  position_beats=1165.929  error_ms=0.000
[TIMING ] wwise_callback=grid  position_beats=1165.929  error_ms=0.000
[TIMING ] wwise_callback=beat  position_beats=1166.946  error_ms=0.000
[TIMING ] wwise_callback=grid  position_beats=1166.946  error_ms=0.000
[TIMING ] wwise_callback=bar  position_beats=1167.977  error_ms=6.000
[TIMING ] wwise_callback=beat  position_beats=1167.977  error_ms=6.000
[TIMING ] wwise_callback=grid  position_beats=1167.977  error_ms=6.000
[AUDIO  ] arrangement=layer  enabled=true  requested_at=1168.009
[TIMING ] wwise_callback=beat  position_beats=1168.945  error_ms=4.000
[TIMING ] wwise_callback=grid  position_beats=1168.945  error_ms=4.000
[TIMING ] wwise_callback=beat  position_beats=1169.964  error_ms=3.000
[TIMING ] wwise_callback=grid  position_beats=1169.964  error_ms=3.000
[TIMING ] wwise_callback=beat  position_beats=1170.980  error_ms=6.000
[TIMING ] wwise_callback=grid  position_beats=1170.980  error_ms=6.000
[TIMING ] wwise_callback=bar  position_beats=1171.946  error_ms=4.000
[TIMING ] wwise_callback=beat  position_beats=1171.946  error_ms=4.000
[TIMING ] wwise_callback=grid  position_beats=1171.946  error_ms=4.000
[TIMING ] wwise_callback=beat  position_beats=1172.965  error_ms=4.000
[TIMING ] wwise_callback=grid  position_beats=1172.965  error_ms=4.000
[TIMING ] wwise_callback=beat  position_beats=1173.979  error_ms=3.000
[TIMING ] wwise_callback=grid  position_beats=1173.979  error_ms=3.000
[TIMING ] wwise_callback=beat  position_beats=1174.945  error_ms=1.000
[TIMING ] wwise_callback=grid  position_beats=1174.945  error_ms=1.000
[TIMING ] wwise_callback=bar  position_beats=1175.959  error_ms=0.000
[TIMING ] wwise_callback=beat  position_beats=1175.959  error_ms=0.000
[TIMING ] wwise_callback=grid  position_beats=1175.959  error_ms=0.000
[TIMING ] wwise_callback=beat  position_beats=1176.936  error_ms=3.000
[TIMING ] wwise_callback=grid  position_beats=1176.936  error_ms=3.000
[TIMING ] wwise_callback=beat  position_beats=1177.957  error_ms=2.000
[TIMING ] wwise_callback=grid  position_beats=1177.957  error_ms=2.000
[TIMING ] wwise_callback=beat  position_beats=1178.973  error_ms=2.000
[TIMING ] wwise_callback=grid  position_beats=1178.973  error_ms=2.000
[TIMING ] wwise_callback=bar  position_beats=1179.941  error_ms=3.000
[TIMING ] wwise_callback=beat  position_beats=1179.941  error_ms=3.000
[TIMING ] wwise_callback=grid  position_beats=1179.941  error_ms=3.000
[TIMING ] wwise_callback=beat  position_beats=1180.955  error_ms=2.000
[TIMING ] wwise_callback=grid  position_beats=1180.955  error_ms=2.000
[TIMING ] wwise_callback=beat  position_beats=1181.973  error_ms=2.000
[TIMING ] wwise_callback=grid  position_beats=1181.973  error_ms=2.000
[TIMING ] wwise_callback=beat  position_beats=1182.940  error_ms=0.000
[TIMING ] wwise_callback=grid  position_beats=1182.940  error_ms=0.000
[TIMING ] wwise_segment=wrapped  segment_ms=14769.000  elapsed_ms=546453.000
[AUDIO  ] arrangement=transition  section=alternate  requested_at=1184.001
[TIMING ] wwise_callback=beat  position_beats=1184.983  error_ms=5.000
[TIMING ] wwise_callback=grid  position_beats=1184.983  error_ms=5.000
[TIMING ] wwise_callback=beat  position_beats=1185.951  error_ms=4.000
[TIMING ] wwise_callback=grid  position_beats=1185.951  error_ms=4.000
[TIMING ] wwise_callback=beat  position_beats=1186.970  error_ms=3.000
[TIMING ] wwise_callback=grid  position_beats=1186.970  error_ms=3.000
[TIMING ] wwise_callback=bar  position_beats=1187.943  error_ms=5.000
[TIMING ] wwise_callback=beat  position_beats=1187.943  error_ms=5.000
[TIMING ] wwise_callback=grid  position_beats=1187.943  error_ms=5.000
[TIMING ] wwise_callback=beat  position_beats=1188.957  error_ms=4.000
[TIMING ] wwise_callback=grid  position_beats=1188.957  error_ms=4.000
[TIMING ] wwise_callback=beat  position_beats=1189.971  error_ms=3.000
[TIMING ] wwise_callback=grid  position_beats=1189.971  error_ms=3.000
[TIMING ] wwise_callback=beat  position_beats=1190.939  error_ms=2.000
[TIMING ] wwise_callback=grid  position_beats=1190.939  error_ms=2.000
[TIMING ] wwise_callback=bar  position_beats=1191.955  error_ms=1.000
[TIMING ] wwise_callback=beat  position_beats=1191.955  error_ms=1.000
[TIMING ] wwise_callback=grid  position_beats=1191.955  error_ms=1.000
[TIMING ] wwise_callback=beat  position_beats=1192.969  error_ms=0.000
[TIMING ] wwise_callback=grid  position_beats=1192.969  error_ms=0.000
[TIMING ] wwise_callback=beat  position_beats=1193.951  error_ms=5.000
[TIMING ] wwise_callback=grid  position_beats=1193.951  error_ms=5.000
[TIMING ] wwise_callback=beat  position_beats=1194.967  error_ms=5.000
[TIMING ] wwise_callback=grid  position_beats=1194.967  error_ms=5.000
[TIMING ] wwise_callback=bar  position_beats=1195.940  error_ms=6.000
[TIMING ] wwise_callback=beat  position_beats=1195.940  error_ms=6.000
[TIMING ] wwise_callback=grid  position_beats=1195.940  error_ms=6.000
[TIMING ] wwise_callback=beat  position_beats=1196.956  error_ms=5.000
[TIMING ] wwise_callback=grid  position_beats=1196.956  error_ms=5.000
[TIMING ] wwise_callback=beat  position_beats=1197.972  error_ms=5.000
[TIMING ] wwise_callback=grid  position_beats=1197.972  error_ms=5.000
[TIMING ] wwise_callback=beat  position_beats=1198.938  error_ms=3.000
[TIMING ] wwise_callback=grid  position_beats=1198.938  error_ms=3.000
[TIMING ] wwise_callback=bar  position_beats=1199.952  error_ms=2.000
[TIMING ] wwise_callback=beat  position_beats=1199.952  error_ms=2.000
[TIMING ] wwise_callback=grid  position_beats=1199.952  error_ms=2.000
[AUDIO  ] arrangement=layer  enabled=false  requested_at=1200.004
[TIMING ] wwise_callback=beat  position_beats=1200.971  error_ms=2.000
[TIMING ] wwise_callback=grid  position_beats=1200.971  error_ms=2.000
[TIMING ] wwise_callback=beat  position_beats=1201.937  error_ms=0.000
[TIMING ] wwise_callback=grid  position_beats=1201.937  error_ms=0.000
[TIMING ] wwise_callback=beat  position_beats=1202.966  error_ms=6.000
[TIMING ] wwise_callback=grid  position_beats=1202.966  error_ms=6.000
[TIMING ] wwise_callback=bar  position_beats=1203.980  error_ms=5.000
[TIMING ] wwise_callback=beat  position_beats=1203.980  error_ms=5.000
[TIMING ] wwise_callback=grid  position_beats=1203.980  error_ms=5.000
[TIMING ] wwise_callback=beat  position_beats=1204.940  error_ms=0.000
[TIMING ] wwise_callback=grid  position_beats=1204.940  error_ms=0.000
[TIMING ] wwise_callback=beat  position_beats=1205.958  error_ms=0.000
[TIMING ] wwise_callback=grid  position_beats=1205.958  error_ms=0.000
[TIMING ] wwise_callback=beat  position_beats=1206.940  error_ms=5.000
[TIMING ] wwise_callback=grid  position_beats=1206.940  error_ms=5.000
[TIMING ] wwise_callback=bar  position_beats=1207.954  error_ms=4.000
[TIMING ] wwise_callback=beat  position_beats=1207.954  error_ms=4.000
[TIMING ] wwise_callback=grid  position_beats=1207.954  error_ms=4.000
[TIMING ] wwise_callback=beat  position_beats=1208.968  error_ms=3.000
[TIMING ] wwise_callback=grid  position_beats=1208.968  error_ms=3.000
[TIMING ] wwise_callback=beat  position_beats=1209.936  error_ms=2.000
[TIMING ] wwise_callback=grid  position_beats=1209.936  error_ms=2.000
[TIMING ] wwise_callback=beat  position_beats=1210.952  error_ms=1.000
[TIMING ] wwise_callback=grid  position_beats=1210.952  error_ms=1.000
[TIMING ] wwise_callback=bar  position_beats=1211.966  error_ms=0.000
[TIMING ] wwise_callback=beat  position_beats=1211.966  error_ms=0.000
[TIMING ] wwise_callback=grid  position_beats=1211.966  error_ms=0.000
[TIMING ] wwise_callback=beat  position_beats=1212.952  error_ms=5.000
[TIMING ] wwise_callback=grid  position_beats=1212.952  error_ms=5.000
[TIMING ] wwise_callback=beat  position_beats=1213.955  error_ms=1.000
[TIMING ] wwise_callback=grid  position_beats=1213.955  error_ms=1.000
[TIMING ] wwise_callback=beat  position_beats=1214.972  error_ms=0.000
[TIMING ] wwise_callback=grid  position_beats=1214.972  error_ms=0.000
[TIMING ] wwise_segment=wrapped  segment_ms=14769.000  elapsed_ms=561222.000
[AUDIO  ] arrangement=transition  section=loop  requested_at=1216.001
[TIMING ] wwise_callback=beat  position_beats=1216.969  error_ms=5.000
[TIMING ] wwise_callback=grid  position_beats=1216.969  error_ms=5.000
[TIMING ] wwise_callback=beat  position_beats=1217.936  error_ms=3.000
[TIMING ] wwise_callback=grid  position_beats=1217.936  error_ms=3.000
[TIMING ] wwise_callback=beat  position_beats=1218.945  error_ms=0.000
[TIMING ] wwise_callback=grid  position_beats=1218.945  error_ms=0.000
[TIMING ] wwise_callback=bar  position_beats=1219.974  error_ms=6.000
[TIMING ] wwise_callback=beat  position_beats=1219.974  error_ms=6.000
[TIMING ] wwise_callback=grid  position_beats=1219.974  error_ms=6.000
[TIMING ] wwise_callback=beat  position_beats=1220.947  error_ms=5.000
[TIMING ] wwise_callback=grid  position_beats=1220.947  error_ms=5.000
[TIMING ] wwise_callback=beat  position_beats=1221.961  error_ms=4.000
[TIMING ] wwise_callback=grid  position_beats=1221.961  error_ms=4.000
[TIMING ] wwise_callback=beat  position_beats=1222.980  error_ms=6.000
[TIMING ] wwise_callback=grid  position_beats=1222.980  error_ms=6.000
[TIMING ] wwise_callback=bar  position_beats=1223.948  error_ms=5.000
[TIMING ] wwise_callback=beat  position_beats=1223.948  error_ms=5.000
[TIMING ] wwise_callback=grid  position_beats=1223.948  error_ms=5.000
[TIMING ] wwise_callback=beat  position_beats=1224.962  error_ms=4.000
[TIMING ] wwise_callback=grid  position_beats=1224.962  error_ms=4.000
[TIMING ] wwise_callback=beat  position_beats=1225.978  error_ms=3.000
[TIMING ] wwise_callback=grid  position_beats=1225.978  error_ms=3.000
[TIMING ] wwise_callback=beat  position_beats=1226.947  error_ms=2.000
[TIMING ] wwise_callback=grid  position_beats=1226.947  error_ms=2.000
[TIMING ] wwise_callback=bar  position_beats=1227.961  error_ms=1.000
[TIMING ] wwise_callback=beat  position_beats=1227.961  error_ms=1.000
[TIMING ] wwise_callback=grid  position_beats=1227.961  error_ms=1.000
[TIMING ] wwise_callback=beat  position_beats=1228.942  error_ms=6.000
[TIMING ] wwise_callback=grid  position_beats=1228.942  error_ms=6.000
[TIMING ] wwise_callback=beat  position_beats=1229.963  error_ms=5.000
[TIMING ] wwise_callback=grid  position_beats=1229.963  error_ms=5.000
[TIMING ] wwise_callback=beat  position_beats=1230.977  error_ms=5.000
[TIMING ] wwise_callback=grid  position_beats=1230.977  error_ms=5.000
[TIMING ] wwise_callback=bar  position_beats=1231.947  error_ms=6.000
[TIMING ] wwise_callback=beat  position_beats=1231.947  error_ms=6.000
[TIMING ] wwise_callback=grid  position_beats=1231.947  error_ms=6.000
[AUDIO  ] arrangement=layer  enabled=true  requested_at=1232.010
[TIMING ] wwise_callback=beat  position_beats=1232.961  error_ms=5.000
[TIMING ] wwise_callback=grid  position_beats=1232.961  error_ms=5.000
[TIMING ] wwise_callback=beat  position_beats=1233.977  error_ms=5.000
[TIMING ] wwise_callback=grid  position_beats=1233.977  error_ms=5.000
[TIMING ] wwise_callback=beat  position_beats=1234.944  error_ms=3.000
[TIMING ] wwise_callback=grid  position_beats=1234.944  error_ms=3.000
[TIMING ] wwise_callback=bar  position_beats=1235.960  error_ms=2.000
[TIMING ] wwise_callback=beat  position_beats=1235.960  error_ms=2.000
[TIMING ] wwise_callback=grid  position_beats=1235.960  error_ms=2.000
[TIMING ] wwise_callback=beat  position_beats=1236.976  error_ms=2.000
[TIMING ] wwise_callback=grid  position_beats=1236.976  error_ms=2.000
[TIMING ] wwise_callback=beat  position_beats=1237.942  error_ms=0.000
[TIMING ] wwise_callback=grid  position_beats=1237.942  error_ms=0.000
[TIMING ] wwise_callback=beat  position_beats=1238.963  error_ms=0.000
[TIMING ] wwise_callback=grid  position_beats=1238.963  error_ms=0.000
[TIMING ] wwise_callback=bar  position_beats=1239.931  error_ms=1.000
[TIMING ] wwise_callback=beat  position_beats=1239.931  error_ms=1.000
[TIMING ] wwise_callback=grid  position_beats=1239.931  error_ms=1.000
[TIMING ] wwise_callback=beat  position_beats=1240.963  error_ms=7.000
[TIMING ] wwise_callback=grid  position_beats=1240.963  error_ms=7.000
[TIMING ] wwise_callback=beat  position_beats=1241.968  error_ms=2.000
[TIMING ] wwise_callback=grid  position_beats=1241.968  error_ms=2.000
[TIMING ] wwise_callback=beat  position_beats=1242.934  error_ms=0.000
[TIMING ] wwise_callback=grid  position_beats=1242.934  error_ms=0.000
[TIMING ] wwise_callback=bar  position_beats=1243.955  error_ms=2.000
[TIMING ] wwise_callback=beat  position_beats=1243.955  error_ms=2.000
[TIMING ] wwise_callback=grid  position_beats=1243.955  error_ms=2.000
[TIMING ] wwise_callback=beat  position_beats=1244.980  error_ms=5.000
[TIMING ] wwise_callback=grid  position_beats=1244.980  error_ms=5.000
[TIMING ] wwise_callback=beat  position_beats=1245.942  error_ms=1.000
[TIMING ] wwise_callback=grid  position_beats=1245.942  error_ms=1.000
[TIMING ] wwise_callback=beat  position_beats=1246.956  error_ms=0.000
[TIMING ] wwise_callback=grid  position_beats=1246.956  error_ms=0.000
[TIMING ] wwise_segment=wrapped  segment_ms=14769.000  elapsed_ms=575991.000
[AUDIO  ] arrangement=transition  section=alternate  requested_at=1248.000
[TIMING ] wwise_callback=beat  position_beats=1248.945  error_ms=1.000
[TIMING ] wwise_callback=grid  position_beats=1248.945  error_ms=1.000
[TIMING ] wwise_callback=beat  position_beats=1249.959  error_ms=0.000
[TIMING ] wwise_callback=grid  position_beats=1249.959  error_ms=0.000
[TIMING ] wwise_callback=beat  position_beats=1250.940  error_ms=5.000
[TIMING ] wwise_callback=grid  position_beats=1250.940  error_ms=5.000
[TIMING ] wwise_callback=bar  position_beats=1251.959  error_ms=5.000
[TIMING ] wwise_callback=beat  position_beats=1251.959  error_ms=5.000
[TIMING ] wwise_callback=grid  position_beats=1251.959  error_ms=5.000
[TIMING ] wwise_callback=beat  position_beats=1252.973  error_ms=4.000
[TIMING ] wwise_callback=grid  position_beats=1252.973  error_ms=4.000
[TIMING ] wwise_callback=beat  position_beats=1253.939  error_ms=2.000
[TIMING ] wwise_callback=grid  position_beats=1253.939  error_ms=2.000
[TIMING ] wwise_callback=beat  position_beats=1254.955  error_ms=2.000
[TIMING ] wwise_callback=grid  position_beats=1254.955  error_ms=2.000
[TIMING ] wwise_callback=bar  position_beats=1255.982  error_ms=6.000
[TIMING ] wwise_callback=beat  position_beats=1255.982  error_ms=6.000
[TIMING ] wwise_callback=grid  position_beats=1255.982  error_ms=6.000
[TIMING ] wwise_callback=beat  position_beats=1256.946  error_ms=3.000
[TIMING ] wwise_callback=grid  position_beats=1256.946  error_ms=3.000
[TIMING ] wwise_callback=beat  position_beats=1257.960  error_ms=2.000
[TIMING ] wwise_callback=grid  position_beats=1257.960  error_ms=2.000
[TIMING ] wwise_callback=beat  position_beats=1258.926  error_ms=0.000
[TIMING ] wwise_callback=grid  position_beats=1258.926  error_ms=0.000
[TIMING ] wwise_callback=bar  position_beats=1259.956  error_ms=6.000
[TIMING ] wwise_callback=beat  position_beats=1259.956  error_ms=6.000
[TIMING ] wwise_callback=grid  position_beats=1259.956  error_ms=6.000
[TIMING ] wwise_callback=beat  position_beats=1260.974  error_ms=6.000
[TIMING ] wwise_callback=grid  position_beats=1260.974  error_ms=6.000
[TIMING ] wwise_callback=beat  position_beats=1261.940  error_ms=4.000
[TIMING ] wwise_callback=grid  position_beats=1261.940  error_ms=4.000
[TIMING ] wwise_callback=beat  position_beats=1262.954  error_ms=3.000
[TIMING ] wwise_callback=grid  position_beats=1262.954  error_ms=3.000
[TIMING ] wwise_callback=bar  position_beats=1263.970  error_ms=3.000
[TIMING ] wwise_callback=beat  position_beats=1263.970  error_ms=3.000
[TIMING ] wwise_callback=grid  position_beats=1263.970  error_ms=3.000
[AUDIO  ] arrangement=layer  enabled=false  requested_at=1264.001
[TIMING ] wwise_callback=beat  position_beats=1264.943  error_ms=2.000
[TIMING ] wwise_callback=grid  position_beats=1264.943  error_ms=2.000
[TIMING ] wwise_callback=beat  position_beats=1265.962  error_ms=4.000
[TIMING ] wwise_callback=grid  position_beats=1265.962  error_ms=4.000
[TIMING ] wwise_callback=beat  position_beats=1266.973  error_ms=2.000
[TIMING ] wwise_callback=grid  position_beats=1266.973  error_ms=2.000
[TIMING ] wwise_callback=bar  position_beats=1267.944  error_ms=2.000
[TIMING ] wwise_callback=beat  position_beats=1267.944  error_ms=2.000
[TIMING ] wwise_callback=grid  position_beats=1267.944  error_ms=2.000
[TIMING ] wwise_callback=beat  position_beats=1268.962  error_ms=3.000
[TIMING ] wwise_callback=grid  position_beats=1268.962  error_ms=3.000
[TIMING ] wwise_callback=beat  position_beats=1269.935  error_ms=4.000
[TIMING ] wwise_callback=grid  position_beats=1269.935  error_ms=4.000
[TIMING ] wwise_callback=beat  position_beats=1270.951  error_ms=3.000
[TIMING ] wwise_callback=grid  position_beats=1270.951  error_ms=3.000
[TIMING ] wwise_callback=bar  position_beats=1271.965  error_ms=2.000
[TIMING ] wwise_callback=beat  position_beats=1271.965  error_ms=2.000
[TIMING ] wwise_callback=grid  position_beats=1271.965  error_ms=2.000
[TIMING ] wwise_callback=beat  position_beats=1272.938  error_ms=0.000
[TIMING ] wwise_callback=grid  position_beats=1272.938  error_ms=0.000
[TIMING ] wwise_callback=beat  position_beats=1273.959  error_ms=5.000
[TIMING ] wwise_callback=grid  position_beats=1273.959  error_ms=5.000
[TIMING ] wwise_callback=beat  position_beats=1274.966  error_ms=0.000
[TIMING ] wwise_callback=grid  position_beats=1274.966  error_ms=0.000
[TIMING ] wwise_callback=bar  position_beats=1275.976  error_ms=18.000
[TIMING ] wwise_callback=beat  position_beats=1275.976  error_ms=18.000
[TIMING ] wwise_callback=grid  position_beats=1275.976  error_ms=18.000
[TIMING ] wwise_callback=beat  position_beats=1276.962  error_ms=4.000
[TIMING ] wwise_callback=grid  position_beats=1276.962  error_ms=4.000
[TIMING ] wwise_callback=beat  position_beats=1277.976  error_ms=3.000
[TIMING ] wwise_callback=grid  position_beats=1277.976  error_ms=3.000
[TIMING ] wwise_callback=beat  position_beats=1278.944  error_ms=2.000
[TIMING ] wwise_callback=grid  position_beats=1278.944  error_ms=2.000
[TIMING ] wwise_segment=wrapped  segment_ms=14769.000  elapsed_ms=590760.000
[AUDIO  ] arrangement=transition  section=loop  requested_at=1280.006
[TIMING ] wwise_callback=beat  position_beats=1280.929  error_ms=0.000
[TIMING ] wwise_callback=grid  position_beats=1280.929  error_ms=0.000
[TIMING ] wwise_callback=beat  position_beats=1281.960  error_ms=5.000
[TIMING ] wwise_callback=grid  position_beats=1281.960  error_ms=5.000
[TIMING ] wwise_callback=beat  position_beats=1282.976  error_ms=5.000
[TIMING ] wwise_callback=grid  position_beats=1282.976  error_ms=5.000
[TIMING ] wwise_callback=bar  position_beats=1283.945  error_ms=6.000
[TIMING ] wwise_callback=beat  position_beats=1283.945  error_ms=6.000
[TIMING ] wwise_callback=grid  position_beats=1283.945  error_ms=6.000
[TIMING ] wwise_callback=beat  position_beats=1284.961  error_ms=5.000
[TIMING ] wwise_callback=grid  position_beats=1284.961  error_ms=5.000
[TIMING ] wwise_callback=beat  position_beats=1285.977  error_ms=5.000
[TIMING ] wwise_callback=grid  position_beats=1285.977  error_ms=5.000
[TIMING ] wwise_callback=beat  position_beats=1286.943  error_ms=3.000
[TIMING ] wwise_callback=grid  position_beats=1286.943  error_ms=3.000
[TIMING ] wwise_callback=bar  position_beats=1287.957  error_ms=2.000
[TIMING ] wwise_callback=beat  position_beats=1287.957  error_ms=2.000
[TIMING ] wwise_callback=grid  position_beats=1287.957  error_ms=2.000
[TIMING ] wwise_callback=beat  position_beats=1288.974  error_ms=1.000
[TIMING ] wwise_callback=grid  position_beats=1288.974  error_ms=1.000
[TIMING ] wwise_callback=beat  position_beats=1289.942  error_ms=0.000
[TIMING ] wwise_callback=grid  position_beats=1289.942  error_ms=0.000
[TIMING ] wwise_callback=beat  position_beats=1290.976  error_ms=6.000
[TIMING ] wwise_callback=grid  position_beats=1290.976  error_ms=6.000
[TIMING ] wwise_callback=bar  position_beats=1291.929  error_ms=0.000
[TIMING ] wwise_callback=beat  position_beats=1291.929  error_ms=0.000
[TIMING ] wwise_callback=grid  position_beats=1291.929  error_ms=0.000
[TIMING ] wwise_callback=beat  position_beats=1292.958  error_ms=6.000
[TIMING ] wwise_callback=grid  position_beats=1292.958  error_ms=6.000
[TIMING ] wwise_callback=beat  position_beats=1293.974  error_ms=5.000
[TIMING ] wwise_callback=grid  position_beats=1293.974  error_ms=5.000
[TIMING ] wwise_callback=beat  position_beats=1294.943  error_ms=4.000
[TIMING ] wwise_callback=grid  position_beats=1294.943  error_ms=4.000
[TIMING ] wwise_callback=bar  position_beats=1295.957  error_ms=3.000
[TIMING ] wwise_callback=beat  position_beats=1295.957  error_ms=3.000
[TIMING ] wwise_callback=grid  position_beats=1295.957  error_ms=3.000
[AUDIO  ] arrangement=layer  enabled=true  requested_at=1296.002
[TIMING ] wwise_callback=beat  position_beats=1296.971  error_ms=2.000
[TIMING ] wwise_callback=grid  position_beats=1296.971  error_ms=2.000
[TIMING ] wwise_callback=beat  position_beats=1297.937  error_ms=0.000
[TIMING ] wwise_callback=grid  position_beats=1297.937  error_ms=0.000
[TIMING ] wwise_callback=beat  position_beats=1298.955  error_ms=0.000
[TIMING ] wwise_callback=grid  position_beats=1298.955  error_ms=0.000
[TIMING ] wwise_callback=bar  position_beats=1299.989  error_ms=6.000
[TIMING ] wwise_callback=beat  position_beats=1299.989  error_ms=6.000
[TIMING ] wwise_callback=grid  position_beats=1299.989  error_ms=6.000
[TIMING ] wwise_callback=beat  position_beats=1300.942  error_ms=0.000
[TIMING ] wwise_callback=grid  position_beats=1300.942  error_ms=0.000
[TIMING ] wwise_callback=beat  position_beats=1301.958  error_ms=0.000
[TIMING ] wwise_callback=grid  position_beats=1301.958  error_ms=0.000
[TIMING ] wwise_callback=beat  position_beats=1302.940  error_ms=5.000
[TIMING ] wwise_callback=grid  position_beats=1302.940  error_ms=5.000
[TIMING ] wwise_callback=bar  position_beats=1303.956  error_ms=4.000
[TIMING ] wwise_callback=beat  position_beats=1303.956  error_ms=4.000
[TIMING ] wwise_callback=grid  position_beats=1303.956  error_ms=4.000
[TIMING ] wwise_callback=beat  position_beats=1304.970  error_ms=3.000
[TIMING ] wwise_callback=grid  position_beats=1304.970  error_ms=3.000
[TIMING ] wwise_callback=beat  position_beats=1305.938  error_ms=2.000
[TIMING ] wwise_callback=grid  position_beats=1305.938  error_ms=2.000
[TIMING ] wwise_callback=beat  position_beats=1306.952  error_ms=1.000
[TIMING ] wwise_callback=grid  position_beats=1306.952  error_ms=1.000
[TIMING ] wwise_callback=bar  position_beats=1307.969  error_ms=0.000
[TIMING ] wwise_callback=beat  position_beats=1307.969  error_ms=0.000
[TIMING ] wwise_callback=grid  position_beats=1307.969  error_ms=0.000
[TIMING ] wwise_callback=beat  position_beats=1308.944  error_ms=2.000
[TIMING ] wwise_callback=grid  position_beats=1308.944  error_ms=2.000
[TIMING ] wwise_callback=beat  position_beats=1309.958  error_ms=1.000
[TIMING ] wwise_callback=grid  position_beats=1309.958  error_ms=1.000
[TIMING ] wwise_callback=beat  position_beats=1310.926  error_ms=0.000
[TIMING ] wwise_callback=grid  position_beats=1310.926  error_ms=0.000
[TIMING ] wwise_segment=wrapped  segment_ms=14769.000  elapsed_ms=605529.000
[AUDIO  ] arrangement=transition  section=alternate  requested_at=1312.003
[TIMING ] wwise_callback=beat  position_beats=1312.969  error_ms=5.000
[TIMING ] wwise_callback=grid  position_beats=1312.969  error_ms=5.000
[TIMING ] wwise_callback=beat  position_beats=1313.938  error_ms=4.000
[TIMING ] wwise_callback=grid  position_beats=1313.938  error_ms=4.000
[TIMING ] wwise_callback=beat  position_beats=1314.954  error_ms=3.000
[TIMING ] wwise_callback=grid  position_beats=1314.954  error_ms=3.000
[TIMING ] wwise_callback=bar  position_beats=1315.968  error_ms=2.000
[TIMING ] wwise_callback=beat  position_beats=1315.968  error_ms=2.000
[TIMING ] wwise_callback=grid  position_beats=1315.968  error_ms=2.000
[TIMING ] wwise_callback=beat  position_beats=1316.939  error_ms=0.000
[TIMING ] wwise_callback=grid  position_beats=1316.939  error_ms=0.000
[TIMING ] wwise_callback=beat  position_beats=1317.957  error_ms=3.000
[TIMING ] wwise_callback=grid  position_beats=1317.957  error_ms=3.000
[TIMING ] wwise_callback=beat  position_beats=1318.973  error_ms=2.000
[TIMING ] wwise_callback=grid  position_beats=1318.973  error_ms=2.000
[TIMING ] wwise_callback=bar  position_beats=1319.939  error_ms=0.000
[TIMING ] wwise_callback=beat  position_beats=1319.939  error_ms=0.000
[TIMING ] wwise_callback=grid  position_beats=1319.939  error_ms=0.000
[TIMING ] wwise_callback=beat  position_beats=1320.956  error_ms=0.000
[TIMING ] wwise_callback=grid  position_beats=1320.956  error_ms=0.000
[TIMING ] wwise_callback=beat  position_beats=1321.937  error_ms=5.000
[TIMING ] wwise_callback=grid  position_beats=1321.937  error_ms=5.000
[TIMING ] wwise_callback=beat  position_beats=1322.951  error_ms=4.000
[TIMING ] wwise_callback=grid  position_beats=1322.951  error_ms=4.000
[TIMING ] wwise_callback=bar  position_beats=1323.967  error_ms=3.000
[TIMING ] wwise_callback=beat  position_beats=1323.967  error_ms=3.000
[TIMING ] wwise_callback=grid  position_beats=1323.967  error_ms=3.000
[TIMING ] wwise_callback=beat  position_beats=1324.938  error_ms=2.000
[TIMING ] wwise_callback=grid  position_beats=1324.938  error_ms=2.000
[TIMING ] wwise_callback=beat  position_beats=1325.954  error_ms=1.000
[TIMING ] wwise_callback=grid  position_beats=1325.954  error_ms=1.000
[TIMING ] wwise_callback=beat  position_beats=1326.970  error_ms=3.000
[TIMING ] wwise_callback=grid  position_beats=1326.970  error_ms=3.000
[TIMING ] wwise_callback=bar  position_beats=1327.939  error_ms=2.000
[TIMING ] wwise_callback=beat  position_beats=1327.939  error_ms=2.000
[TIMING ] wwise_callback=grid  position_beats=1327.939  error_ms=2.000
[AUDIO  ] arrangement=layer  enabled=false  requested_at=1328.004
[TIMING ] wwise_callback=beat  position_beats=1328.955  error_ms=1.000
[TIMING ] wwise_callback=grid  position_beats=1328.955  error_ms=1.000
[TIMING ] wwise_callback=beat  position_beats=1329.969  error_ms=0.000
[TIMING ] wwise_callback=grid  position_beats=1329.969  error_ms=0.000
[TIMING ] wwise_callback=beat  position_beats=1330.952  error_ms=6.000
[TIMING ] wwise_callback=grid  position_beats=1330.952  error_ms=6.000
[TIMING ] wwise_callback=bar  position_beats=1331.966  error_ms=5.000
[TIMING ] wwise_callback=beat  position_beats=1331.966  error_ms=5.000
[TIMING ] wwise_callback=grid  position_beats=1331.966  error_ms=5.000
[TIMING ] wwise_callback=beat  position_beats=1332.931  error_ms=2.000
[TIMING ] wwise_callback=grid  position_beats=1332.931  error_ms=2.000
[TIMING ] wwise_callback=beat  position_beats=1333.949  error_ms=1.000
[TIMING ] wwise_callback=grid  position_beats=1333.949  error_ms=1.000
[TIMING ] wwise_callback=beat  position_beats=1334.965  error_ms=0.000
[TIMING ] wwise_callback=grid  position_beats=1334.965  error_ms=0.000
[TIMING ] wwise_callback=bar  position_beats=1335.936  error_ms=2.000
[TIMING ] wwise_callback=beat  position_beats=1335.936  error_ms=2.000
[TIMING ] wwise_callback=grid  position_beats=1335.936  error_ms=2.000
[TIMING ] wwise_callback=beat  position_beats=1336.950  error_ms=1.000
[TIMING ] wwise_callback=grid  position_beats=1336.950  error_ms=1.000
[TIMING ] wwise_callback=beat  position_beats=1337.966  error_ms=0.000
[TIMING ] wwise_callback=grid  position_beats=1337.966  error_ms=0.000
[TIMING ] wwise_callback=beat  position_beats=1338.947  error_ms=5.000
[TIMING ] wwise_callback=grid  position_beats=1338.947  error_ms=5.000
[TIMING ] wwise_callback=bar  position_beats=1339.964  error_ms=5.000
[TIMING ] wwise_callback=beat  position_beats=1339.964  error_ms=5.000
[TIMING ] wwise_callback=grid  position_beats=1339.964  error_ms=5.000
[TIMING ] wwise_callback=beat  position_beats=1340.978  error_ms=4.000
[TIMING ] wwise_callback=grid  position_beats=1340.978  error_ms=4.000
[TIMING ] wwise_callback=beat  position_beats=1341.944  error_ms=2.000
[TIMING ] wwise_callback=grid  position_beats=1341.944  error_ms=2.000
[TIMING ] wwise_callback=beat  position_beats=1342.964  error_ms=2.000
[TIMING ] wwise_callback=grid  position_beats=1342.964  error_ms=2.000
[TIMING ] wwise_segment=wrapped  segment_ms=14769.000  elapsed_ms=620298.000
[AUDIO  ] arrangement=transition  section=loop  requested_at=1344.007
[TIMING ] wwise_callback=beat  position_beats=1344.949  error_ms=2.000
[TIMING ] wwise_callback=grid  position_beats=1344.949  error_ms=2.000
[TIMING ] wwise_callback=beat  position_beats=1345.965  error_ms=2.000
[TIMING ] wwise_callback=grid  position_beats=1345.965  error_ms=2.000
[TIMING ] wwise_callback=beat  position_beats=1346.932  error_ms=0.000
[TIMING ] wwise_callback=grid  position_beats=1346.932  error_ms=0.000
[TIMING ] wwise_callback=bar  position_beats=1347.948  error_ms=0.000
[TIMING ] wwise_callback=beat  position_beats=1347.948  error_ms=0.000
[TIMING ] wwise_callback=grid  position_beats=1347.948  error_ms=0.000
[TIMING ] wwise_callback=beat  position_beats=1348.977  error_ms=5.000
[TIMING ] wwise_callback=grid  position_beats=1348.977  error_ms=5.000
[TIMING ] wwise_callback=beat  position_beats=1349.945  error_ms=4.000
[TIMING ] wwise_callback=grid  position_beats=1349.945  error_ms=4.000
[TIMING ] wwise_callback=beat  position_beats=1350.959  error_ms=3.000
[TIMING ] wwise_callback=grid  position_beats=1350.959  error_ms=3.000
[TIMING ] wwise_callback=bar  position_beats=1351.934  error_ms=5.000
[TIMING ] wwise_callback=beat  position_beats=1351.934  error_ms=5.000
[TIMING ] wwise_callback=grid  position_beats=1351.934  error_ms=5.000
[TIMING ] wwise_callback=beat  position_beats=1352.944  error_ms=2.000
[TIMING ] wwise_callback=grid  position_beats=1352.944  error_ms=2.000
[TIMING ] wwise_callback=beat  position_beats=1353.960  error_ms=1.000
[TIMING ] wwise_callback=grid  position_beats=1353.960  error_ms=1.000
[TIMING ] wwise_callback=beat  position_beats=1354.942  error_ms=6.000
[TIMING ] wwise_callback=grid  position_beats=1354.942  error_ms=6.000
[TIMING ] wwise_callback=bar  position_beats=1355.956  error_ms=5.000
[TIMING ] wwise_callback=beat  position_beats=1355.956  error_ms=5.000
[TIMING ] wwise_callback=grid  position_beats=1355.956  error_ms=5.000
[TIMING ] wwise_callback=beat  position_beats=1356.972  error_ms=5.000
[TIMING ] wwise_callback=grid  position_beats=1356.972  error_ms=5.000
[TIMING ] wwise_callback=beat  position_beats=1357.938  error_ms=3.000
[TIMING ] wwise_callback=grid  position_beats=1357.938  error_ms=3.000
[TIMING ] wwise_callback=beat  position_beats=1358.954  error_ms=2.000
[TIMING ] wwise_callback=grid  position_beats=1358.954  error_ms=2.000
[TIMING ] wwise_callback=bar  position_beats=1359.979  error_ms=6.000
[TIMING ] wwise_callback=beat  position_beats=1359.979  error_ms=6.000
[TIMING ] wwise_callback=grid  position_beats=1359.979  error_ms=6.000
[AUDIO  ] arrangement=layer  enabled=true  requested_at=1360.012
[TIMING ] wwise_callback=beat  position_beats=1360.939  error_ms=1.000
[TIMING ] wwise_callback=grid  position_beats=1360.939  error_ms=1.000
[TIMING ] wwise_callback=beat  position_beats=1361.953  error_ms=0.000
[TIMING ] wwise_callback=grid  position_beats=1361.953  error_ms=0.000
[TIMING ] wwise_callback=beat  position_beats=1362.937  error_ms=6.000
[TIMING ] wwise_callback=grid  position_beats=1362.937  error_ms=6.000
[TIMING ] wwise_callback=bar  position_beats=1363.953  error_ms=5.000
[TIMING ] wwise_callback=beat  position_beats=1363.953  error_ms=5.000
[TIMING ] wwise_callback=grid  position_beats=1363.953  error_ms=5.000
[TIMING ] wwise_callback=beat  position_beats=1364.967  error_ms=4.000
[TIMING ] wwise_callback=grid  position_beats=1364.967  error_ms=4.000
[TIMING ] wwise_callback=beat  position_beats=1365.933  error_ms=2.000
[TIMING ] wwise_callback=grid  position_beats=1365.933  error_ms=2.000
[TIMING ] wwise_callback=beat  position_beats=1366.949  error_ms=2.000
[TIMING ] wwise_callback=grid  position_beats=1366.949  error_ms=2.000
[TIMING ] wwise_callback=bar  position_beats=1367.965  error_ms=1.000
[TIMING ] wwise_callback=beat  position_beats=1367.965  error_ms=1.000
[TIMING ] wwise_callback=grid  position_beats=1367.965  error_ms=1.000
[TIMING ] wwise_callback=beat  position_beats=1368.949  error_ms=6.000
[TIMING ] wwise_callback=grid  position_beats=1368.949  error_ms=6.000
[TIMING ] wwise_callback=beat  position_beats=1369.954  error_ms=2.000
[TIMING ] wwise_callback=grid  position_beats=1369.954  error_ms=2.000
[TIMING ] wwise_callback=beat  position_beats=1370.981  error_ms=7.000
[TIMING ] wwise_callback=grid  position_beats=1370.981  error_ms=7.000
[TIMING ] wwise_callback=bar  position_beats=1371.937  error_ms=0.000
[TIMING ] wwise_callback=beat  position_beats=1371.937  error_ms=0.000
[TIMING ] wwise_callback=grid  position_beats=1371.937  error_ms=0.000
[TIMING ] wwise_callback=beat  position_beats=1372.968  error_ms=6.000
[TIMING ] wwise_callback=grid  position_beats=1372.968  error_ms=6.000
[TIMING ] wwise_callback=beat  position_beats=1373.937  error_ms=5.000
[TIMING ] wwise_callback=grid  position_beats=1373.937  error_ms=5.000
[TIMING ] wwise_callback=beat  position_beats=1374.951  error_ms=4.000
[TIMING ] wwise_callback=grid  position_beats=1374.951  error_ms=4.000
[TIMING ] wwise_segment=wrapped  segment_ms=14769.000  elapsed_ms=635067.000
[AUDIO  ] arrangement=transition  section=alternate  requested_at=1376.012
[TIMING ] wwise_callback=beat  position_beats=1376.937  error_ms=2.000
[TIMING ] wwise_callback=grid  position_beats=1376.937  error_ms=2.000
[TIMING ] wwise_callback=beat  position_beats=1377.951  error_ms=1.000
[TIMING ] wwise_callback=grid  position_beats=1377.951  error_ms=1.000
[TIMING ] wwise_callback=beat  position_beats=1378.970  error_ms=3.000
[TIMING ] wwise_callback=grid  position_beats=1378.970  error_ms=3.000
[TIMING ] wwise_callback=bar  position_beats=1379.938  error_ms=2.000
[TIMING ] wwise_callback=beat  position_beats=1379.938  error_ms=2.000
[TIMING ] wwise_callback=grid  position_beats=1379.938  error_ms=2.000
[TIMING ] wwise_callback=beat  position_beats=1380.952  error_ms=1.000
[TIMING ] wwise_callback=grid  position_beats=1380.952  error_ms=1.000
[TIMING ] wwise_callback=beat  position_beats=1381.966  error_ms=0.000
[TIMING ] wwise_callback=grid  position_beats=1381.966  error_ms=0.000
[TIMING ] wwise_callback=beat  position_beats=1382.948  error_ms=5.000
[TIMING ] wwise_callback=grid  position_beats=1382.948  error_ms=5.000
[TIMING ] wwise_callback=bar  position_beats=1383.966  error_ms=5.000
[TIMING ] wwise_callback=beat  position_beats=1383.966  error_ms=5.000
[TIMING ] wwise_callback=grid  position_beats=1383.966  error_ms=5.000
[TIMING ] wwise_callback=beat  position_beats=1384.932  error_ms=3.000
[TIMING ] wwise_callback=grid  position_beats=1384.932  error_ms=3.000
[TIMING ] wwise_callback=beat  position_beats=1385.951  error_ms=2.000
[TIMING ] wwise_callback=grid  position_beats=1385.951  error_ms=2.000
[TIMING ] wwise_callback=beat  position_beats=1386.963  error_ms=0.000
[TIMING ] wwise_callback=grid  position_beats=1386.963  error_ms=0.000
[TIMING ] wwise_callback=bar  position_beats=1387.933  error_ms=2.000
[TIMING ] wwise_callback=beat  position_beats=1387.933  error_ms=2.000
[TIMING ] wwise_callback=grid  position_beats=1387.933  error_ms=2.000
[TIMING ] wwise_callback=beat  position_beats=1388.949  error_ms=1.000
[TIMING ] wwise_callback=grid  position_beats=1388.949  error_ms=1.000
[TIMING ] wwise_callback=beat  position_beats=1389.963  error_ms=0.000
[TIMING ] wwise_callback=grid  position_beats=1389.963  error_ms=0.000
[TIMING ] wwise_callback=beat  position_beats=1390.947  error_ms=6.000
[TIMING ] wwise_callback=grid  position_beats=1390.947  error_ms=6.000
[TIMING ] wwise_callback=bar  position_beats=1391.961  error_ms=5.000
[TIMING ] wwise_callback=beat  position_beats=1391.961  error_ms=5.000
[TIMING ] wwise_callback=grid  position_beats=1391.961  error_ms=5.000
[AUDIO  ] arrangement=layer  enabled=false  requested_at=1392.011
[TIMING ] wwise_callback=beat  position_beats=1392.977  error_ms=4.000
[TIMING ] wwise_callback=grid  position_beats=1392.977  error_ms=4.000
[TIMING ] wwise_callback=beat  position_beats=1393.946  error_ms=3.000
[TIMING ] wwise_callback=grid  position_beats=1393.946  error_ms=3.000
[TIMING ] wwise_callback=beat  position_beats=1394.964  error_ms=2.000
[TIMING ] wwise_callback=grid  position_beats=1394.964  error_ms=2.000
[TIMING ] wwise_callback=bar  position_beats=1395.933  error_ms=3.000
[TIMING ] wwise_callback=beat  position_beats=1395.933  error_ms=3.000
[TIMING ] wwise_callback=grid  position_beats=1395.933  error_ms=3.000
[TIMING ] wwise_callback=beat  position_beats=1396.949  error_ms=3.000
[TIMING ] wwise_callback=grid  position_beats=1396.949  error_ms=3.000
[TIMING ] wwise_callback=beat  position_beats=1397.965  error_ms=2.000
[TIMING ] wwise_callback=grid  position_beats=1397.965  error_ms=2.000
[TIMING ] wwise_callback=beat  position_beats=1398.931  error_ms=0.000
[TIMING ] wwise_callback=grid  position_beats=1398.931  error_ms=0.000
[TIMING ] wwise_callback=bar  position_beats=1399.960  error_ms=6.000
[TIMING ] wwise_callback=beat  position_beats=1399.960  error_ms=6.000
[TIMING ] wwise_callback=grid  position_beats=1399.960  error_ms=6.000
[TIMING ] wwise_callback=beat  position_beats=1400.976  error_ms=6.000
[TIMING ] wwise_callback=grid  position_beats=1400.976  error_ms=6.000
[TIMING ] wwise_callback=beat  position_beats=1401.943  error_ms=4.000
[TIMING ] wwise_callback=grid  position_beats=1401.943  error_ms=4.000
[TIMING ] wwise_callback=beat  position_beats=1402.959  error_ms=3.000
[TIMING ] wwise_callback=grid  position_beats=1402.959  error_ms=3.000
[TIMING ] wwise_callback=bar  position_beats=1403.979  error_ms=2.000
[TIMING ] wwise_callback=beat  position_beats=1403.979  error_ms=2.000
[TIMING ] wwise_callback=grid  position_beats=1403.979  error_ms=2.000
[TIMING ] wwise_callback=beat  position_beats=1404.948  error_ms=4.000
[TIMING ] wwise_callback=grid  position_beats=1404.948  error_ms=4.000
[TIMING ] wwise_callback=beat  position_beats=1405.962  error_ms=3.000
[TIMING ] wwise_callback=grid  position_beats=1405.962  error_ms=3.000
[TIMING ] wwise_callback=beat  position_beats=1406.930  error_ms=2.000
[TIMING ] wwise_callback=grid  position_beats=1406.930  error_ms=2.000
[TIMING ] wwise_segment=wrapped  segment_ms=14769.000  elapsed_ms=649836.000
[AUDIO  ] arrangement=transition  section=loop  requested_at=1408.009
[TIMING ] wwise_callback=beat  position_beats=1408.961  error_ms=0.000
[TIMING ] wwise_callback=grid  position_beats=1408.961  error_ms=0.000
[TIMING ] wwise_callback=beat  position_beats=1409.944  error_ms=6.000
[TIMING ] wwise_callback=grid  position_beats=1409.944  error_ms=6.000
[TIMING ] wwise_callback=beat  position_beats=1410.958  error_ms=5.000
[TIMING ] wwise_callback=grid  position_beats=1410.958  error_ms=5.000
[TIMING ] wwise_callback=bar  position_beats=1411.974  error_ms=4.000
[TIMING ] wwise_callback=beat  position_beats=1411.974  error_ms=4.000
[TIMING ] wwise_callback=grid  position_beats=1411.974  error_ms=4.000
[TIMING ] wwise_callback=beat  position_beats=1412.949  error_ms=6.000
[TIMING ] wwise_callback=grid  position_beats=1412.949  error_ms=6.000
[TIMING ] wwise_callback=beat  position_beats=1413.963  error_ms=5.000
[TIMING ] wwise_callback=grid  position_beats=1413.963  error_ms=5.000
[TIMING ] wwise_callback=beat  position_beats=1414.932  error_ms=4.000
[TIMING ] wwise_callback=grid  position_beats=1414.932  error_ms=4.000
[TIMING ] wwise_callback=bar  position_beats=1415.946  error_ms=3.000
[TIMING ] wwise_callback=beat  position_beats=1415.946  error_ms=3.000
[TIMING ] wwise_callback=grid  position_beats=1415.946  error_ms=3.000
[TIMING ] wwise_callback=beat  position_beats=1416.962  error_ms=2.000
[TIMING ] wwise_callback=grid  position_beats=1416.962  error_ms=2.000
[TIMING ] wwise_callback=beat  position_beats=1417.931  error_ms=1.000
[TIMING ] wwise_callback=grid  position_beats=1417.931  error_ms=1.000
[TIMING ] wwise_callback=beat  position_beats=1418.945  error_ms=0.000
[TIMING ] wwise_callback=grid  position_beats=1418.945  error_ms=0.000
[TIMING ] wwise_callback=bar  position_beats=1419.976  error_ms=7.000
[TIMING ] wwise_callback=beat  position_beats=1419.976  error_ms=7.000
[TIMING ] wwise_callback=grid  position_beats=1419.976  error_ms=7.000
[TIMING ] wwise_callback=beat  position_beats=1420.944  error_ms=4.000
[TIMING ] wwise_callback=grid  position_beats=1420.944  error_ms=4.000
[TIMING ] wwise_callback=beat  position_beats=1421.950  error_ms=0.000
[TIMING ] wwise_callback=grid  position_beats=1421.950  error_ms=0.000
[TIMING ] wwise_callback=beat  position_beats=1422.979  error_ms=6.000
[TIMING ] wwise_callback=grid  position_beats=1422.979  error_ms=6.000
[TIMING ] wwise_callback=bar  position_beats=1423.945  error_ms=4.000
[TIMING ] wwise_callback=beat  position_beats=1423.945  error_ms=4.000
[TIMING ] wwise_callback=grid  position_beats=1423.945  error_ms=4.000
[AUDIO  ] arrangement=layer  enabled=true  requested_at=1424.008
[TIMING ] wwise_callback=beat  position_beats=1424.961  error_ms=4.000
[TIMING ] wwise_callback=grid  position_beats=1424.961  error_ms=4.000
[TIMING ] wwise_callback=beat  position_beats=1425.928  error_ms=2.000
[TIMING ] wwise_callback=grid  position_beats=1425.928  error_ms=2.000
[TIMING ] wwise_callback=beat  position_beats=1426.944  error_ms=1.000
[TIMING ] wwise_callback=grid  position_beats=1426.944  error_ms=1.000
[TIMING ] wwise_callback=bar  position_beats=1427.960  error_ms=1.000
[TIMING ] wwise_callback=beat  position_beats=1427.960  error_ms=1.000
[TIMING ] wwise_callback=grid  position_beats=1427.960  error_ms=1.000
[TIMING ] wwise_callback=beat  position_beats=1428.946  error_ms=6.000
[TIMING ] wwise_callback=grid  position_beats=1428.946  error_ms=6.000
[TIMING ] wwise_callback=beat  position_beats=1429.960  error_ms=5.000
[TIMING ] wwise_callback=grid  position_beats=1429.960  error_ms=5.000
[TIMING ] wwise_callback=beat  position_beats=1430.963  error_ms=0.000
[TIMING ] wwise_callback=grid  position_beats=1430.963  error_ms=0.000
[TIMING ] wwise_callback=bar  position_beats=1431.947  error_ms=6.000
[TIMING ] wwise_callback=beat  position_beats=1431.947  error_ms=6.000
[TIMING ] wwise_callback=grid  position_beats=1431.947  error_ms=6.000
[TIMING ] wwise_callback=beat  position_beats=1432.961  error_ms=5.000
[TIMING ] wwise_callback=grid  position_beats=1432.961  error_ms=5.000
[TIMING ] wwise_callback=beat  position_beats=1433.975  error_ms=4.000
[TIMING ] wwise_callback=grid  position_beats=1433.975  error_ms=4.000
[TIMING ] wwise_callback=beat  position_beats=1434.943  error_ms=3.000
[TIMING ] wwise_callback=grid  position_beats=1434.943  error_ms=3.000
[TIMING ] wwise_callback=bar  position_beats=1435.959  error_ms=2.000
[TIMING ] wwise_callback=beat  position_beats=1435.959  error_ms=2.000
[TIMING ] wwise_callback=grid  position_beats=1435.959  error_ms=2.000
[TIMING ] wwise_callback=beat  position_beats=1436.928  error_ms=1.000
[TIMING ] wwise_callback=grid  position_beats=1436.928  error_ms=1.000
[TIMING ] wwise_callback=beat  position_beats=1437.946  error_ms=0.000
[TIMING ] wwise_callback=grid  position_beats=1437.946  error_ms=0.000
[TIMING ] wwise_callback=beat  position_beats=1438.975  error_ms=6.000
[TIMING ] wwise_callback=grid  position_beats=1438.975  error_ms=6.000
[TIMING ] wwise_segment=wrapped  segment_ms=14769.000  elapsed_ms=664605.000
[AUDIO  ] arrangement=transition  section=alternate  requested_at=1440.007
[TIMING ] wwise_callback=beat  position_beats=1440.945  error_ms=0.000
[TIMING ] wwise_callback=grid  position_beats=1440.945  error_ms=0.000
[TIMING ] wwise_callback=beat  position_beats=1441.976  error_ms=6.000
[TIMING ] wwise_callback=grid  position_beats=1441.976  error_ms=6.000
[TIMING ] wwise_callback=beat  position_beats=1442.942  error_ms=4.000
[TIMING ] wwise_callback=grid  position_beats=1442.942  error_ms=4.000
[TIMING ] wwise_callback=bar  position_beats=1443.959  error_ms=4.000
[TIMING ] wwise_callback=beat  position_beats=1443.959  error_ms=4.000
[TIMING ] wwise_callback=grid  position_beats=1443.959  error_ms=4.000
[TIMING ] wwise_callback=beat  position_beats=1444.973  error_ms=3.000
[TIMING ] wwise_callback=grid  position_beats=1444.973  error_ms=3.000
[TIMING ] wwise_callback=beat  position_beats=1445.939  error_ms=1.000
[TIMING ] wwise_callback=grid  position_beats=1445.939  error_ms=1.000
[TIMING ] wwise_callback=beat  position_beats=1446.959  error_ms=0.000
[TIMING ] wwise_callback=grid  position_beats=1446.959  error_ms=0.000
[TIMING ] wwise_callback=bar  position_beats=1447.930  error_ms=2.000
[TIMING ] wwise_callback=beat  position_beats=1447.930  error_ms=2.000
[TIMING ] wwise_callback=grid  position_beats=1447.930  error_ms=2.000
[TIMING ] wwise_callback=beat  position_beats=1448.944  error_ms=1.000
[TIMING ] wwise_callback=grid  position_beats=1448.944  error_ms=1.000
[TIMING ] wwise_callback=beat  position_beats=1449.958  error_ms=0.000
[TIMING ] wwise_callback=grid  position_beats=1449.958  error_ms=0.000
[TIMING ] wwise_callback=beat  position_beats=1450.942  error_ms=6.000
[TIMING ] wwise_callback=grid  position_beats=1450.942  error_ms=6.000
[TIMING ] wwise_callback=bar  position_beats=1451.958  error_ms=5.000
[TIMING ] wwise_callback=beat  position_beats=1451.958  error_ms=5.000
[TIMING ] wwise_callback=grid  position_beats=1451.958  error_ms=5.000
[TIMING ] wwise_callback=beat  position_beats=1452.972  error_ms=4.000
[TIMING ] wwise_callback=grid  position_beats=1452.972  error_ms=4.000
[TIMING ] wwise_callback=beat  position_beats=1453.940  error_ms=3.000
[TIMING ] wwise_callback=grid  position_beats=1453.940  error_ms=3.000
[TIMING ] wwise_callback=beat  position_beats=1454.956  error_ms=3.000
[TIMING ] wwise_callback=grid  position_beats=1454.956  error_ms=3.000
[TIMING ] wwise_callback=bar  position_beats=1455.931  error_ms=5.000
[TIMING ] wwise_callback=beat  position_beats=1455.931  error_ms=5.000
[TIMING ] wwise_callback=grid  position_beats=1455.931  error_ms=5.000
[AUDIO  ] arrangement=layer  enabled=false  requested_at=1456.003
[TIMING ] wwise_callback=beat  position_beats=1456.948  error_ms=4.000
[TIMING ] wwise_callback=grid  position_beats=1456.948  error_ms=4.000
[TIMING ] wwise_callback=beat  position_beats=1457.962  error_ms=3.000
[TIMING ] wwise_callback=grid  position_beats=1457.962  error_ms=3.000
[TIMING ] wwise_callback=beat  position_beats=1458.930  error_ms=2.000
[TIMING ] wwise_callback=grid  position_beats=1458.930  error_ms=2.000
[TIMING ] wwise_callback=bar  position_beats=1459.944  error_ms=1.000
[TIMING ] wwise_callback=beat  position_beats=1459.944  error_ms=1.000
[TIMING ] wwise_callback=grid  position_beats=1459.944  error_ms=1.000
[TIMING ] wwise_callback=beat  position_beats=1460.960  error_ms=0.000
[TIMING ] wwise_callback=grid  position_beats=1460.960  error_ms=0.000
[TIMING ] wwise_callback=beat  position_beats=1461.944  error_ms=6.000
[TIMING ] wwise_callback=grid  position_beats=1461.944  error_ms=6.000
[TIMING ] wwise_callback=beat  position_beats=1462.958  error_ms=5.000
[TIMING ] wwise_callback=grid  position_beats=1462.958  error_ms=5.000
[TIMING ] wwise_callback=bar  position_beats=1463.972  error_ms=4.000
[TIMING ] wwise_callback=beat  position_beats=1463.972  error_ms=4.000
[TIMING ] wwise_callback=grid  position_beats=1463.972  error_ms=4.000
[TIMING ] wwise_callback=beat  position_beats=1464.947  error_ms=6.000
[TIMING ] wwise_callback=grid  position_beats=1464.947  error_ms=6.000
[TIMING ] wwise_callback=beat  position_beats=1465.963  error_ms=5.000
[TIMING ] wwise_callback=grid  position_beats=1465.963  error_ms=5.000
[TIMING ] wwise_callback=beat  position_beats=1466.929  error_ms=3.000
[TIMING ] wwise_callback=grid  position_beats=1466.929  error_ms=3.000
[TIMING ] wwise_callback=bar  position_beats=1467.946  error_ms=3.000
[TIMING ] wwise_callback=beat  position_beats=1467.946  error_ms=3.000
[TIMING ] wwise_callback=grid  position_beats=1467.946  error_ms=3.000
[TIMING ] wwise_callback=beat  position_beats=1468.960  error_ms=2.000
[TIMING ] wwise_callback=grid  position_beats=1468.960  error_ms=2.000
[TIMING ] wwise_callback=beat  position_beats=1469.926  error_ms=0.000
[TIMING ] wwise_callback=grid  position_beats=1469.926  error_ms=0.000
[TIMING ] wwise_callback=beat  position_beats=1470.957  error_ms=6.000
[TIMING ] wwise_callback=grid  position_beats=1470.957  error_ms=6.000
[AUDIO  ] arrangement=transition  section=loop  requested_at=1472.001
[TIMING ] wwise_segment=wrapped  segment_ms=14769.000  elapsed_ms=679374.000
[TIMING ] wwise_callback=beat  position_beats=1472.942  error_ms=4.000
[TIMING ] wwise_callback=grid  position_beats=1472.942  error_ms=4.000
[TIMING ] wwise_callback=beat  position_beats=1473.947  error_ms=0.000
[TIMING ] wwise_callback=grid  position_beats=1473.947  error_ms=0.000
[TIMING ] wwise_callback=beat  position_beats=1474.976  error_ms=6.000
[TIMING ] wwise_callback=grid  position_beats=1474.976  error_ms=6.000
[TIMING ] wwise_callback=bar  position_beats=1475.943  error_ms=4.000
[TIMING ] wwise_callback=beat  position_beats=1475.943  error_ms=4.000
[TIMING ] wwise_callback=grid  position_beats=1475.943  error_ms=4.000
[TIMING ] wwise_callback=beat  position_beats=1476.959  error_ms=3.000
[TIMING ] wwise_callback=grid  position_beats=1476.959  error_ms=3.000
[TIMING ] wwise_callback=beat  position_beats=1477.927  error_ms=2.000
[TIMING ] wwise_callback=grid  position_beats=1477.927  error_ms=2.000
[TIMING ] wwise_callback=beat  position_beats=1478.946  error_ms=3.000
[TIMING ] wwise_callback=grid  position_beats=1478.946  error_ms=3.000
[TIMING ] wwise_callback=bar  position_beats=1479.955  error_ms=0.000
[TIMING ] wwise_callback=beat  position_beats=1479.955  error_ms=0.000
[TIMING ] wwise_callback=grid  position_beats=1479.955  error_ms=0.000
[TIMING ] wwise_callback=beat  position_beats=1480.943  error_ms=6.000
[TIMING ] wwise_callback=grid  position_beats=1480.943  error_ms=6.000
[TIMING ] wwise_callback=beat  position_beats=1481.957  error_ms=5.000
[TIMING ] wwise_callback=grid  position_beats=1481.957  error_ms=5.000
[TIMING ] wwise_callback=beat  position_beats=1482.960  error_ms=0.000
[TIMING ] wwise_callback=grid  position_beats=1482.960  error_ms=0.000
[TIMING ] wwise_callback=bar  position_beats=1483.944  error_ms=6.000
[TIMING ] wwise_callback=beat  position_beats=1483.944  error_ms=6.000
[TIMING ] wwise_callback=grid  position_beats=1483.944  error_ms=6.000
[TIMING ] wwise_callback=beat  position_beats=1484.958  error_ms=5.000
[TIMING ] wwise_callback=grid  position_beats=1484.958  error_ms=5.000
[TIMING ] wwise_callback=beat  position_beats=1485.974  error_ms=4.000
[TIMING ] wwise_callback=grid  position_beats=1485.974  error_ms=4.000
[TIMING ] wwise_callback=beat  position_beats=1486.943  error_ms=3.000
[TIMING ] wwise_callback=grid  position_beats=1486.943  error_ms=3.000
[TIMING ] wwise_callback=bar  position_beats=1487.957  error_ms=2.000
[TIMING ] wwise_callback=beat  position_beats=1487.957  error_ms=2.000
[TIMING ] wwise_callback=grid  position_beats=1487.957  error_ms=2.000
[AUDIO  ] arrangement=layer  enabled=true  requested_at=1488.002
[TIMING ] wwise_callback=beat  position_beats=1488.923  error_ms=0.000
[TIMING ] wwise_callback=grid  position_beats=1488.923  error_ms=0.000
[TIMING ] wwise_callback=beat  position_beats=1490.009  error_ms=32.000
[TIMING ] wwise_callback=grid  position_beats=1490.009  error_ms=32.000
[TIMING ] wwise_callback=beat  position_beats=1490.971  error_ms=5.000
[TIMING ] wwise_callback=grid  position_beats=1490.971  error_ms=5.000
[TIMING ] wwise_callback=bar  position_beats=1491.928  error_ms=0.000
[TIMING ] wwise_callback=beat  position_beats=1491.928  error_ms=0.000
[TIMING ] wwise_callback=grid  position_beats=1491.928  error_ms=0.000
[TIMING ] wwise_callback=beat  position_beats=1492.957  error_ms=6.000
[TIMING ] wwise_callback=grid  position_beats=1492.957  error_ms=6.000
[TIMING ] wwise_callback=beat  position_beats=1493.971  error_ms=5.000
[TIMING ] wwise_callback=grid  position_beats=1493.971  error_ms=5.000
[TIMING ] wwise_callback=beat  position_beats=1494.938  error_ms=3.000
[TIMING ] wwise_callback=grid  position_beats=1494.938  error_ms=3.000
[TIMING ] wwise_callback=bar  position_beats=1495.954  error_ms=2.000
[TIMING ] wwise_callback=beat  position_beats=1495.954  error_ms=2.000
[TIMING ] wwise_callback=grid  position_beats=1495.954  error_ms=2.000
[TIMING ] wwise_callback=beat  position_beats=1496.970  error_ms=2.000
[TIMING ] wwise_callback=grid  position_beats=1496.970  error_ms=2.000
[TIMING ] wwise_callback=beat  position_beats=1497.936  error_ms=0.000
[TIMING ] wwise_callback=grid  position_beats=1497.936  error_ms=0.000
[TIMING ] wwise_callback=beat  position_beats=1498.970  error_ms=6.000
[TIMING ] wwise_callback=grid  position_beats=1498.970  error_ms=6.000
[TIMING ] wwise_callback=bar  position_beats=1499.925  error_ms=1.000
[TIMING ] wwise_callback=beat  position_beats=1499.925  error_ms=1.000
[TIMING ] wwise_callback=grid  position_beats=1499.925  error_ms=1.000
[TIMING ] wwise_callback=beat  position_beats=1500.941  error_ms=0.000
[TIMING ] wwise_callback=grid  position_beats=1500.941  error_ms=0.000
[TIMING ] wwise_callback=beat  position_beats=1501.953  error_ms=-2.000
[TIMING ] wwise_callback=grid  position_beats=1501.953  error_ms=-2.000
[TIMING ] wwise_callback=beat  position_beats=1502.939  error_ms=5.000
[TIMING ] wwise_callback=grid  position_beats=1502.939  error_ms=5.000
[TIMING ] wwise_segment=wrapped  segment_ms=14769.000  elapsed_ms=694143.000
[AUDIO  ] arrangement=transition  section=alternate  requested_at=1504.003
[TIMING ] wwise_callback=beat  position_beats=1504.969  error_ms=3.000
[TIMING ] wwise_callback=grid  position_beats=1504.969  error_ms=3.000
[TIMING ] wwise_callback=beat  position_beats=1505.938  error_ms=2.000
[TIMING ] wwise_callback=grid  position_beats=1505.938  error_ms=2.000
[TIMING ] wwise_callback=beat  position_beats=1506.952  error_ms=1.000
[TIMING ] wwise_callback=grid  position_beats=1506.952  error_ms=1.000
[TIMING ] wwise_callback=bar  position_beats=1507.927  error_ms=3.000
[TIMING ] wwise_callback=beat  position_beats=1507.927  error_ms=3.000
[TIMING ] wwise_callback=grid  position_beats=1507.927  error_ms=3.000
[TIMING ] wwise_callback=beat  position_beats=1508.941  error_ms=2.000
[TIMING ] wwise_callback=grid  position_beats=1508.941  error_ms=2.000
[TIMING ] wwise_callback=beat  position_beats=1509.957  error_ms=1.000
[TIMING ] wwise_callback=grid  position_beats=1509.957  error_ms=1.000
[TIMING ] wwise_callback=beat  position_beats=1510.938  error_ms=6.000
[TIMING ] wwise_callback=grid  position_beats=1510.938  error_ms=6.000
[TIMING ] wwise_callback=bar  position_beats=1511.955  error_ms=6.000
[TIMING ] wwise_callback=beat  position_beats=1511.955  error_ms=6.000
[TIMING ] wwise_callback=grid  position_beats=1511.955  error_ms=6.000
[TIMING ] wwise_callback=beat  position_beats=1512.969  error_ms=5.000
[TIMING ] wwise_callback=grid  position_beats=1512.969  error_ms=5.000
[TIMING ] wwise_callback=beat  position_beats=1513.935  error_ms=3.000
[TIMING ] wwise_callback=grid  position_beats=1513.935  error_ms=3.000
[TIMING ] wwise_callback=beat  position_beats=1514.951  error_ms=2.000
[TIMING ] wwise_callback=grid  position_beats=1514.951  error_ms=2.000
[TIMING ] wwise_callback=bar  position_beats=1515.967  error_ms=2.000
[TIMING ] wwise_callback=beat  position_beats=1515.967  error_ms=2.000
[TIMING ] wwise_callback=grid  position_beats=1515.967  error_ms=2.000
[TIMING ] wwise_callback=beat  position_beats=1516.940  error_ms=3.000
[TIMING ] wwise_callback=grid  position_beats=1516.940  error_ms=3.000
[TIMING ] wwise_callback=beat  position_beats=1517.954  error_ms=2.000
[TIMING ] wwise_callback=grid  position_beats=1517.954  error_ms=2.000
[TIMING ] wwise_callback=beat  position_beats=1518.922  error_ms=1.000
[TIMING ] wwise_callback=grid  position_beats=1518.922  error_ms=1.000
[TIMING ] wwise_callback=bar  position_beats=1519.939  error_ms=0.000
[TIMING ] wwise_callback=beat  position_beats=1519.939  error_ms=0.000
[TIMING ] wwise_callback=grid  position_beats=1519.939  error_ms=0.000
[AUDIO  ] arrangement=layer  enabled=false  requested_at=1520.001
[TIMING ] wwise_callback=beat  position_beats=1520.955  error_ms=0.000
[TIMING ] wwise_callback=grid  position_beats=1520.955  error_ms=0.000
[TIMING ] wwise_callback=beat  position_beats=1521.936  error_ms=5.000
[TIMING ] wwise_callback=grid  position_beats=1521.936  error_ms=5.000
[TIMING ] wwise_callback=beat  position_beats=1522.950  error_ms=4.000
[TIMING ] wwise_callback=grid  position_beats=1522.950  error_ms=4.000
[TIMING ] wwise_callback=bar  position_beats=1523.966  error_ms=3.000
[TIMING ] wwise_callback=beat  position_beats=1523.966  error_ms=3.000
[TIMING ] wwise_callback=grid  position_beats=1523.966  error_ms=3.000
[TIMING ] wwise_callback=beat  position_beats=1524.937  error_ms=2.000
[TIMING ] wwise_callback=grid  position_beats=1524.937  error_ms=2.000
[TIMING ] wwise_callback=beat  position_beats=1525.955  error_ms=4.000
[TIMING ] wwise_callback=grid  position_beats=1525.955  error_ms=4.000
[TIMING ] wwise_callback=beat  position_beats=1526.972  error_ms=4.000
[TIMING ] wwise_callback=grid  position_beats=1526.972  error_ms=4.000
[TIMING ] wwise_callback=bar  position_beats=1527.938  error_ms=2.000
[TIMING ] wwise_callback=beat  position_beats=1527.938  error_ms=2.000
[TIMING ] wwise_callback=grid  position_beats=1527.938  error_ms=2.000
[TIMING ] wwise_callback=beat  position_beats=1528.954  error_ms=1.000
[TIMING ] wwise_callback=grid  position_beats=1528.954  error_ms=1.000
[TIMING ] wwise_callback=beat  position_beats=1529.923  error_ms=0.000
[TIMING ] wwise_callback=grid  position_beats=1529.923  error_ms=0.000
[TIMING ] wwise_callback=beat  position_beats=1530.952  error_ms=6.000
[TIMING ] wwise_callback=grid  position_beats=1530.952  error_ms=6.000
[TIMING ] wwise_callback=bar  position_beats=1531.966  error_ms=5.000
[TIMING ] wwise_callback=beat  position_beats=1531.966  error_ms=5.000
[TIMING ] wwise_callback=grid  position_beats=1531.966  error_ms=5.000
[TIMING ] wwise_callback=beat  position_beats=1532.939  error_ms=3.000
[TIMING ] wwise_callback=grid  position_beats=1532.939  error_ms=3.000
[TIMING ] wwise_callback=beat  position_beats=1533.953  error_ms=3.000
[TIMING ] wwise_callback=grid  position_beats=1533.953  error_ms=3.000
[TIMING ] wwise_callback=beat  position_beats=1534.973  error_ms=6.000
[TIMING ] wwise_callback=grid  position_beats=1534.973  error_ms=6.000
[TIMING ] wwise_segment=wrapped  segment_ms=14769.000  elapsed_ms=708912.000
[AUDIO  ] arrangement=transition  section=loop  requested_at=1536.000
[TIMING ] wwise_callback=beat  position_beats=1536.953  error_ms=3.000
[TIMING ] wwise_callback=grid  position_beats=1536.953  error_ms=3.000
[TIMING ] wwise_callback=beat  position_beats=1537.967  error_ms=2.000
[TIMING ] wwise_callback=grid  position_beats=1537.967  error_ms=2.000
[TIMING ] wwise_callback=beat  position_beats=1538.934  error_ms=0.000
[TIMING ] wwise_callback=grid  position_beats=1538.934  error_ms=0.000
[TIMING ] wwise_callback=bar  position_beats=1539.952  error_ms=0.000
[TIMING ] wwise_callback=beat  position_beats=1539.952  error_ms=0.000
[TIMING ] wwise_callback=grid  position_beats=1539.952  error_ms=0.000
[TIMING ] wwise_callback=beat  position_beats=1540.934  error_ms=5.000
[TIMING ] wwise_callback=grid  position_beats=1540.934  error_ms=5.000
[TIMING ] wwise_callback=beat  position_beats=1541.952  error_ms=4.000
[TIMING ] wwise_callback=grid  position_beats=1541.952  error_ms=4.000
[TIMING ] wwise_callback=beat  position_beats=1542.966  error_ms=3.000
[TIMING ] wwise_callback=grid  position_beats=1542.966  error_ms=3.000
[TIMING ] wwise_callback=bar  position_beats=1543.936  error_ms=5.000
[TIMING ] wwise_callback=beat  position_beats=1543.936  error_ms=5.000
[TIMING ] wwise_callback=grid  position_beats=1543.936  error_ms=5.000
[TIMING ] wwise_callback=beat  position_beats=1544.953  error_ms=4.000
[TIMING ] wwise_callback=grid  position_beats=1544.953  error_ms=4.000
[TIMING ] wwise_callback=beat  position_beats=1545.967  error_ms=3.000
[TIMING ] wwise_callback=grid  position_beats=1545.967  error_ms=3.000
[TIMING ] wwise_callback=beat  position_beats=1546.935  error_ms=2.000
[TIMING ] wwise_callback=grid  position_beats=1546.935  error_ms=2.000
[TIMING ] wwise_callback=bar  position_beats=1547.949  error_ms=1.000
[TIMING ] wwise_callback=beat  position_beats=1547.949  error_ms=1.000
[TIMING ] wwise_callback=grid  position_beats=1547.949  error_ms=1.000
[TIMING ] wwise_callback=beat  position_beats=1548.965  error_ms=0.000
[TIMING ] wwise_callback=grid  position_beats=1548.965  error_ms=0.000
[TIMING ] wwise_callback=beat  position_beats=1549.949  error_ms=6.000
[TIMING ] wwise_callback=grid  position_beats=1549.949  error_ms=6.000
[TIMING ] wwise_callback=beat  position_beats=1550.967  error_ms=5.000
[TIMING ] wwise_callback=grid  position_beats=1550.967  error_ms=5.000
[TIMING ] wwise_callback=bar  position_beats=1551.923  error_ms=0.000
[TIMING ] wwise_callback=beat  position_beats=1551.923  error_ms=0.000
[TIMING ] wwise_callback=grid  position_beats=1551.923  error_ms=0.000
[AUDIO  ] arrangement=layer  enabled=true  requested_at=1552.007
[TIMING ] wwise_callback=beat  position_beats=1552.952  error_ms=6.000
[TIMING ] wwise_callback=grid  position_beats=1552.952  error_ms=6.000
[TIMING ] wwise_callback=beat  position_beats=1553.968  error_ms=5.000
[TIMING ] wwise_callback=grid  position_beats=1553.968  error_ms=5.000
[TIMING ] wwise_callback=beat  position_beats=1554.934  error_ms=3.000
[TIMING ] wwise_callback=grid  position_beats=1554.934  error_ms=3.000
[TIMING ] wwise_callback=bar  position_beats=1555.951  error_ms=3.000
[TIMING ] wwise_callback=beat  position_beats=1555.951  error_ms=3.000
[TIMING ] wwise_callback=grid  position_beats=1555.951  error_ms=3.000
[TIMING ] wwise_callback=beat  position_beats=1556.962  error_ms=1.000
[TIMING ] wwise_callback=grid  position_beats=1556.962  error_ms=1.000
[TIMING ] wwise_callback=beat  position_beats=1557.931  error_ms=0.000
[TIMING ] wwise_callback=grid  position_beats=1557.931  error_ms=0.000
[TIMING ] wwise_callback=beat  position_beats=1558.962  error_ms=6.000
[TIMING ] wwise_callback=grid  position_beats=1558.962  error_ms=6.000
[TIMING ] wwise_callback=bar  position_beats=1559.978  error_ms=4.000
[TIMING ] wwise_callback=beat  position_beats=1559.978  error_ms=4.000
[TIMING ] wwise_callback=grid  position_beats=1559.978  error_ms=4.000
[TIMING ] wwise_callback=beat  position_beats=1560.947  error_ms=5.000
[TIMING ] wwise_callback=grid  position_beats=1560.947  error_ms=5.000
[TIMING ] wwise_callback=beat  position_beats=1561.961  error_ms=4.000
[TIMING ] wwise_callback=grid  position_beats=1561.961  error_ms=4.000
[TIMING ] wwise_callback=beat  position_beats=1562.929  error_ms=3.000
[TIMING ] wwise_callback=grid  position_beats=1562.929  error_ms=3.000
[TIMING ] wwise_callback=bar  position_beats=1563.946  error_ms=2.000
[TIMING ] wwise_callback=beat  position_beats=1563.946  error_ms=2.000
[TIMING ] wwise_callback=grid  position_beats=1563.946  error_ms=2.000
[TIMING ] wwise_callback=beat  position_beats=1564.962  error_ms=2.000
[TIMING ] wwise_callback=grid  position_beats=1564.962  error_ms=2.000
[TIMING ] wwise_callback=beat  position_beats=1565.928  error_ms=0.000
[TIMING ] wwise_callback=grid  position_beats=1565.928  error_ms=0.000
[TIMING ] wwise_callback=beat  position_beats=1566.957  error_ms=6.000
[TIMING ] wwise_callback=grid  position_beats=1566.957  error_ms=6.000
[AUDIO  ] arrangement=transition  section=alternate  requested_at=1568.004
[TIMING ] wwise_segment=wrapped  segment_ms=14769.000  elapsed_ms=723681.000
[TIMING ] wwise_callback=beat  position_beats=1568.931  error_ms=0.000
[TIMING ] wwise_callback=grid  position_beats=1568.931  error_ms=0.000
[TIMING ] wwise_callback=beat  position_beats=1569.962  error_ms=6.000
[TIMING ] wwise_callback=grid  position_beats=1569.962  error_ms=6.000
[TIMING ] wwise_callback=beat  position_beats=1570.931  error_ms=5.000
[TIMING ] wwise_callback=grid  position_beats=1570.931  error_ms=5.000
[TIMING ] wwise_callback=bar  position_beats=1571.943  error_ms=3.000
[TIMING ] wwise_callback=beat  position_beats=1571.943  error_ms=3.000
[TIMING ] wwise_callback=grid  position_beats=1571.943  error_ms=3.000
[TIMING ] wwise_callback=beat  position_beats=1572.957  error_ms=2.000
[TIMING ] wwise_callback=grid  position_beats=1572.957  error_ms=2.000
[TIMING ] wwise_callback=beat  position_beats=1573.923  error_ms=0.000
[TIMING ] wwise_callback=grid  position_beats=1573.923  error_ms=0.000
[TIMING ] wwise_callback=beat  position_beats=1574.941  error_ms=0.000
[TIMING ] wwise_callback=grid  position_beats=1574.941  error_ms=0.000
[TIMING ] wwise_callback=bar  position_beats=1575.970  error_ms=6.000
[TIMING ] wwise_callback=beat  position_beats=1575.970  error_ms=6.000
[TIMING ] wwise_callback=grid  position_beats=1575.970  error_ms=6.000
[TIMING ] wwise_callback=beat  position_beats=1576.941  error_ms=4.000
[TIMING ] wwise_callback=grid  position_beats=1576.941  error_ms=4.000
[TIMING ] wwise_callback=beat  position_beats=1577.944  error_ms=0.000
[TIMING ] wwise_callback=grid  position_beats=1577.944  error_ms=0.000
[TIMING ] wwise_callback=beat  position_beats=1578.976  error_ms=6.000
[TIMING ] wwise_callback=grid  position_beats=1578.976  error_ms=6.000
[TIMING ] wwise_callback=bar  position_beats=1579.940  error_ms=3.000
[TIMING ] wwise_callback=beat  position_beats=1579.940  error_ms=3.000
[TIMING ] wwise_callback=grid  position_beats=1579.940  error_ms=3.000
[TIMING ] wwise_callback=beat  position_beats=1580.956  error_ms=3.000
[TIMING ] wwise_callback=grid  position_beats=1580.956  error_ms=3.000
[TIMING ] wwise_callback=beat  position_beats=1581.924  error_ms=2.000
[TIMING ] wwise_callback=grid  position_beats=1581.924  error_ms=2.000
[TIMING ] wwise_callback=beat  position_beats=1582.938  error_ms=1.000
[TIMING ] wwise_callback=grid  position_beats=1582.938  error_ms=1.000
[TIMING ] wwise_callback=bar  position_beats=1583.955  error_ms=0.000
[TIMING ] wwise_callback=beat  position_beats=1583.955  error_ms=0.000
[TIMING ] wwise_callback=grid  position_beats=1583.955  error_ms=0.000
[AUDIO  ] arrangement=layer  enabled=false  requested_at=1584.002
[TIMING ] wwise_callback=beat  position_beats=1584.940  error_ms=6.000
[TIMING ] wwise_callback=grid  position_beats=1584.940  error_ms=6.000
[TIMING ] wwise_callback=beat  position_beats=1585.957  error_ms=5.000
[TIMING ] wwise_callback=grid  position_beats=1585.957  error_ms=5.000
[TIMING ] wwise_callback=beat  position_beats=1586.958  error_ms=0.000
[TIMING ] wwise_callback=grid  position_beats=1586.958  error_ms=0.000
[TIMING ] wwise_callback=bar  position_beats=1587.941  error_ms=6.000
[TIMING ] wwise_callback=beat  position_beats=1587.941  error_ms=6.000
[TIMING ] wwise_callback=grid  position_beats=1587.941  error_ms=6.000
[TIMING ] wwise_callback=beat  position_beats=1588.957  error_ms=5.000
[TIMING ] wwise_callback=grid  position_beats=1588.957  error_ms=5.000
[TIMING ] wwise_callback=beat  position_beats=1589.971  error_ms=4.000
[TIMING ] wwise_callback=grid  position_beats=1589.971  error_ms=4.000
[TIMING ] wwise_callback=beat  position_beats=1590.940  error_ms=3.000
[TIMING ] wwise_callback=grid  position_beats=1590.940  error_ms=3.000
[TIMING ] wwise_callback=bar  position_beats=1591.956  error_ms=3.000
[TIMING ] wwise_callback=beat  position_beats=1591.956  error_ms=3.000
[TIMING ] wwise_callback=grid  position_beats=1591.956  error_ms=3.000
[TIMING ] wwise_callback=beat  position_beats=1592.920  error_ms=0.000
[TIMING ] wwise_callback=grid  position_beats=1592.920  error_ms=0.000
[TIMING ] wwise_callback=beat  position_beats=1593.941  error_ms=0.000
[TIMING ] wwise_callback=grid  position_beats=1593.941  error_ms=0.000
[TIMING ] wwise_callback=beat  position_beats=1594.972  error_ms=6.000
[TIMING ] wwise_callback=grid  position_beats=1594.972  error_ms=6.000
[TIMING ] wwise_callback=bar  position_beats=1595.925  error_ms=0.000
[TIMING ] wwise_callback=beat  position_beats=1595.925  error_ms=0.000
[TIMING ] wwise_callback=grid  position_beats=1595.925  error_ms=0.000
[TIMING ] wwise_callback=beat  position_beats=1596.941  error_ms=0.000
[TIMING ] wwise_callback=grid  position_beats=1596.941  error_ms=0.000
[TIMING ] wwise_callback=beat  position_beats=1597.973  error_ms=6.000
[TIMING ] wwise_callback=grid  position_beats=1597.973  error_ms=6.000
[TIMING ] wwise_callback=beat  position_beats=1598.939  error_ms=4.000
[TIMING ] wwise_callback=grid  position_beats=1598.939  error_ms=4.000
[TIMING ] wwise_segment=wrapped  segment_ms=14769.000  elapsed_ms=738450.000
[AUDIO  ] arrangement=transition  section=loop  requested_at=1600.001
[TIMING ] wwise_callback=beat  position_beats=1600.969  error_ms=3.000
[TIMING ] wwise_callback=grid  position_beats=1600.969  error_ms=3.000
[TIMING ] wwise_callback=beat  position_beats=1601.936  error_ms=1.000
[TIMING ] wwise_callback=grid  position_beats=1601.936  error_ms=1.000
[TIMING ] wwise_callback=beat  position_beats=1602.954  error_ms=0.000
[TIMING ] wwise_callback=grid  position_beats=1602.954  error_ms=0.000
[TIMING ] wwise_callback=bar  position_beats=1603.931  error_ms=4.000
[TIMING ] wwise_callback=beat  position_beats=1603.931  error_ms=4.000
[TIMING ] wwise_callback=grid  position_beats=1603.931  error_ms=4.000
[TIMING ] wwise_callback=beat  position_beats=1604.945  error_ms=3.000
[TIMING ] wwise_callback=grid  position_beats=1604.945  error_ms=3.000
[TIMING ] wwise_callback=beat  position_beats=1605.959  error_ms=2.000
[TIMING ] wwise_callback=grid  position_beats=1605.959  error_ms=2.000
[TIMING ] wwise_callback=beat  position_beats=1606.928  error_ms=1.000
[TIMING ] wwise_callback=grid  position_beats=1606.928  error_ms=1.000
[TIMING ] wwise_callback=bar  position_beats=1607.946  error_ms=1.000
[TIMING ] wwise_callback=beat  position_beats=1607.946  error_ms=1.000
[TIMING ] wwise_callback=grid  position_beats=1607.946  error_ms=1.000
[TIMING ] wwise_callback=beat  position_beats=1608.960  error_ms=0.000
[TIMING ] wwise_callback=grid  position_beats=1608.960  error_ms=0.000
[TIMING ] wwise_callback=beat  position_beats=1609.941  error_ms=5.000
[TIMING ] wwise_callback=grid  position_beats=1609.941  error_ms=5.000
[TIMING ] wwise_callback=beat  position_beats=1610.955  error_ms=4.000
[TIMING ] wwise_callback=grid  position_beats=1610.955  error_ms=4.000
[TIMING ] wwise_callback=bar  position_beats=1611.930  error_ms=6.000
[TIMING ] wwise_callback=beat  position_beats=1611.930  error_ms=6.000
[TIMING ] wwise_callback=grid  position_beats=1611.930  error_ms=6.000
[TIMING ] wwise_callback=beat  position_beats=1612.947  error_ms=5.000
[TIMING ] wwise_callback=grid  position_beats=1612.947  error_ms=5.000
[TIMING ] wwise_callback=beat  position_beats=1613.961  error_ms=4.000
[TIMING ] wwise_callback=grid  position_beats=1613.961  error_ms=4.000
[TIMING ] wwise_callback=beat  position_beats=1614.929  error_ms=3.000
[TIMING ] wwise_callback=grid  position_beats=1614.929  error_ms=3.000
[TIMING ] wwise_callback=bar  position_beats=1615.943  error_ms=2.000
[TIMING ] wwise_callback=beat  position_beats=1615.943  error_ms=2.000
[TIMING ] wwise_callback=grid  position_beats=1615.943  error_ms=2.000
[AUDIO  ] arrangement=layer  enabled=true  requested_at=1616.008
[TIMING ] wwise_callback=beat  position_beats=1616.959  error_ms=1.000
[TIMING ] wwise_callback=grid  position_beats=1616.959  error_ms=1.000
[TIMING ] wwise_callback=beat  position_beats=1617.928  error_ms=0.000
[TIMING ] wwise_callback=grid  position_beats=1617.928  error_ms=0.000
[TIMING ] wwise_callback=beat  position_beats=1618.957  error_ms=6.000
[TIMING ] wwise_callback=grid  position_beats=1618.957  error_ms=6.000
[TIMING ] wwise_callback=bar  position_beats=1619.971  error_ms=5.000
[TIMING ] wwise_callback=beat  position_beats=1619.971  error_ms=5.000
[TIMING ] wwise_callback=grid  position_beats=1619.971  error_ms=5.000
[TIMING ] wwise_callback=beat  position_beats=1620.931  error_ms=0.000
[TIMING ] wwise_callback=grid  position_beats=1620.931  error_ms=0.000
[TIMING ] wwise_callback=beat  position_beats=1621.962  error_ms=6.000
[TIMING ] wwise_callback=grid  position_beats=1621.962  error_ms=6.000
[TIMING ] wwise_callback=beat  position_beats=1622.928  error_ms=4.000
[TIMING ] wwise_callback=grid  position_beats=1622.928  error_ms=4.000
[TIMING ] wwise_callback=bar  position_beats=1623.944  error_ms=4.000
[TIMING ] wwise_callback=beat  position_beats=1623.944  error_ms=4.000
[TIMING ] wwise_callback=grid  position_beats=1623.944  error_ms=4.000
[TIMING ] wwise_callback=beat  position_beats=1624.958  error_ms=3.000
[TIMING ] wwise_callback=grid  position_beats=1624.958  error_ms=3.000
[TIMING ] wwise_callback=beat  position_beats=1625.925  error_ms=1.000
[TIMING ] wwise_callback=grid  position_beats=1625.925  error_ms=1.000
[TIMING ] wwise_callback=beat  position_beats=1626.943  error_ms=1.000
[TIMING ] wwise_callback=grid  position_beats=1626.943  error_ms=1.000
[TIMING ] wwise_callback=bar  position_beats=1627.957  error_ms=0.000
[TIMING ] wwise_callback=beat  position_beats=1627.957  error_ms=0.000
[TIMING ] wwise_callback=grid  position_beats=1627.957  error_ms=0.000
[TIMING ] wwise_callback=beat  position_beats=1628.943  error_ms=5.000
[TIMING ] wwise_callback=grid  position_beats=1628.943  error_ms=5.000
[TIMING ] wwise_callback=beat  position_beats=1629.944  error_ms=0.000
[TIMING ] wwise_callback=grid  position_beats=1629.944  error_ms=0.000
[TIMING ] wwise_callback=beat  position_beats=1630.975  error_ms=6.000
[TIMING ] wwise_callback=grid  position_beats=1630.975  error_ms=6.000
[TIMING ] wwise_segment=wrapped  segment_ms=14769.000  elapsed_ms=753219.000
[AUDIO  ] arrangement=transition  section=alternate  requested_at=1632.004
[TIMING ] wwise_callback=beat  position_beats=1632.958  error_ms=4.000
[TIMING ] wwise_callback=grid  position_beats=1632.958  error_ms=4.000
[TIMING ] wwise_callback=beat  position_beats=1633.926  error_ms=3.000
[TIMING ] wwise_callback=grid  position_beats=1633.926  error_ms=3.000
[TIMING ] wwise_callback=beat  position_beats=1634.940  error_ms=2.000
[TIMING ] wwise_callback=grid  position_beats=1634.940  error_ms=2.000
[TIMING ] wwise_callback=bar  position_beats=1635.954  error_ms=1.000
[TIMING ] wwise_callback=beat  position_beats=1635.954  error_ms=1.000
[TIMING ] wwise_callback=grid  position_beats=1635.954  error_ms=1.000
[TIMING ] wwise_callback=beat  position_beats=1636.940  error_ms=6.000
[TIMING ] wwise_callback=grid  position_beats=1636.940  error_ms=6.000
[TIMING ] wwise_callback=beat  position_beats=1637.956  error_ms=4.000
[TIMING ] wwise_callback=grid  position_beats=1637.956  error_ms=4.000
[TIMING ] wwise_callback=beat  position_beats=1638.959  error_ms=1.000
[TIMING ] wwise_callback=grid  position_beats=1638.959  error_ms=1.000
[TIMING ] wwise_callback=bar  position_beats=1639.941  error_ms=6.000
[TIMING ] wwise_callback=beat  position_beats=1639.941  error_ms=6.000
[TIMING ] wwise_callback=grid  position_beats=1639.941  error_ms=6.000
[TIMING ] wwise_callback=beat  position_beats=1640.957  error_ms=6.000
[TIMING ] wwise_callback=grid  position_beats=1640.957  error_ms=6.000
[TIMING ] wwise_callback=beat  position_beats=1641.973  error_ms=5.000
[TIMING ] wwise_callback=grid  position_beats=1641.973  error_ms=5.000
[TIMING ] wwise_callback=beat  position_beats=1642.939  error_ms=3.000
[TIMING ] wwise_callback=grid  position_beats=1642.939  error_ms=3.000
[TIMING ] wwise_callback=bar  position_beats=1643.964  error_ms=7.000
[TIMING ] wwise_callback=beat  position_beats=1643.964  error_ms=7.000
[TIMING ] wwise_callback=grid  position_beats=1643.964  error_ms=7.000
[TIMING ] wwise_callback=beat  position_beats=1644.922  error_ms=1.000
[TIMING ] wwise_callback=grid  position_beats=1644.922  error_ms=1.000
[TIMING ] wwise_callback=beat  position_beats=1645.942  error_ms=0.000
[TIMING ] wwise_callback=grid  position_beats=1645.942  error_ms=0.000
[TIMING ] wwise_callback=beat  position_beats=1646.969  error_ms=5.000
[TIMING ] wwise_callback=grid  position_beats=1646.969  error_ms=5.000
[TIMING ] wwise_callback=bar  position_beats=1647.927  error_ms=1.000
[TIMING ] wwise_callback=beat  position_beats=1647.927  error_ms=1.000
[TIMING ] wwise_callback=grid  position_beats=1647.927  error_ms=1.000
[AUDIO  ] arrangement=layer  enabled=false  requested_at=1648.005
[TIMING ] wwise_callback=beat  position_beats=1648.941  error_ms=0.000
[TIMING ] wwise_callback=grid  position_beats=1648.941  error_ms=0.000
[TIMING ] wwise_callback=beat  position_beats=1649.970  error_ms=6.000
[TIMING ] wwise_callback=grid  position_beats=1649.970  error_ms=6.000
[TIMING ] wwise_callback=beat  position_beats=1650.939  error_ms=5.000
[TIMING ] wwise_callback=grid  position_beats=1650.939  error_ms=5.000
[TIMING ] wwise_callback=bar  position_beats=1651.955  error_ms=4.000
[TIMING ] wwise_callback=beat  position_beats=1651.955  error_ms=4.000
[TIMING ] wwise_callback=grid  position_beats=1651.955  error_ms=4.000
[TIMING ] wwise_callback=beat  position_beats=1652.967  error_ms=2.000
[TIMING ] wwise_callback=grid  position_beats=1652.967  error_ms=2.000
[TIMING ] wwise_callback=beat  position_beats=1653.933  error_ms=0.000
[TIMING ] wwise_callback=grid  position_beats=1653.933  error_ms=0.000
[TIMING ] wwise_callback=beat  position_beats=1654.967  error_ms=6.000
[TIMING ] wwise_callback=grid  position_beats=1654.967  error_ms=6.000
[TIMING ] wwise_callback=bar  position_beats=1655.922  error_ms=1.000
[TIMING ] wwise_callback=beat  position_beats=1655.922  error_ms=1.000
[TIMING ] wwise_callback=grid  position_beats=1655.922  error_ms=1.000
[TIMING ] wwise_callback=beat  position_beats=1656.938  error_ms=0.000
[TIMING ] wwise_callback=grid  position_beats=1656.938  error_ms=0.000
[TIMING ] wwise_callback=beat  position_beats=1657.954  error_ms=0.000
[TIMING ] wwise_callback=grid  position_beats=1657.954  error_ms=0.000
[TIMING ] wwise_callback=beat  position_beats=1658.936  error_ms=5.000
[TIMING ] wwise_callback=grid  position_beats=1658.936  error_ms=5.000
[TIMING ] wwise_callback=bar  position_beats=1659.950  error_ms=4.000
[TIMING ] wwise_callback=beat  position_beats=1659.950  error_ms=4.000
[TIMING ] wwise_callback=grid  position_beats=1659.950  error_ms=4.000
[TIMING ] wwise_callback=beat  position_beats=1660.966  error_ms=3.000
[TIMING ] wwise_callback=grid  position_beats=1660.966  error_ms=3.000
[TIMING ] wwise_callback=beat  position_beats=1661.932  error_ms=1.000
[TIMING ] wwise_callback=grid  position_beats=1661.932  error_ms=1.000
[TIMING ] wwise_callback=beat  position_beats=1662.949  error_ms=1.000
[TIMING ] wwise_callback=grid  position_beats=1662.949  error_ms=1.000
[TIMING ] wwise_segment=wrapped  segment_ms=14769.000  elapsed_ms=767988.000
[AUDIO  ] arrangement=transition  section=loop  requested_at=1664.010
[TIMING ] wwise_callback=beat  position_beats=1664.937  error_ms=2.000
[TIMING ] wwise_callback=grid  position_beats=1664.937  error_ms=2.000
[TIMING ] wwise_callback=beat  position_beats=1665.951  error_ms=1.000
[TIMING ] wwise_callback=grid  position_beats=1665.951  error_ms=1.000
[TIMING ] wwise_callback=beat  position_beats=1666.933  error_ms=6.000
[TIMING ] wwise_callback=grid  position_beats=1666.933  error_ms=6.000
[TIMING ] wwise_callback=bar  position_beats=1667.949  error_ms=5.000
[TIMING ] wwise_callback=beat  position_beats=1667.949  error_ms=5.000
[TIMING ] wwise_callback=grid  position_beats=1667.949  error_ms=5.000
[TIMING ] wwise_callback=beat  position_beats=1668.965  error_ms=5.000
[TIMING ] wwise_callback=grid  position_beats=1668.965  error_ms=5.000
[TIMING ] wwise_callback=beat  position_beats=1669.932  error_ms=3.000
[TIMING ] wwise_callback=grid  position_beats=1669.932  error_ms=3.000
[TIMING ] wwise_callback=beat  position_beats=1670.946  error_ms=2.000
[TIMING ] wwise_callback=grid  position_beats=1670.946  error_ms=2.000
[TIMING ] wwise_callback=bar  position_beats=1671.962  error_ms=1.000
[TIMING ] wwise_callback=beat  position_beats=1671.962  error_ms=1.000
[TIMING ] wwise_callback=grid  position_beats=1671.962  error_ms=1.000
[TIMING ] wwise_callback=beat  position_beats=1672.937  error_ms=3.000
[TIMING ] wwise_callback=grid  position_beats=1672.937  error_ms=3.000
[TIMING ] wwise_callback=beat  position_beats=1673.951  error_ms=2.000
[TIMING ] wwise_callback=grid  position_beats=1673.951  error_ms=2.000
[TIMING ] wwise_callback=beat  position_beats=1674.919  error_ms=1.000
[TIMING ] wwise_callback=grid  position_beats=1674.919  error_ms=1.000
[TIMING ] wwise_callback=bar  position_beats=1675.933  error_ms=0.000
[TIMING ] wwise_callback=beat  position_beats=1675.933  error_ms=0.000
[TIMING ] wwise_callback=grid  position_beats=1675.933  error_ms=0.000
[TIMING ] wwise_callback=beat  position_beats=1676.967  error_ms=7.000
[TIMING ] wwise_callback=grid  position_beats=1676.967  error_ms=7.000
[TIMING ] wwise_callback=beat  position_beats=1677.933  error_ms=5.000
[TIMING ] wwise_callback=grid  position_beats=1677.933  error_ms=5.000
[TIMING ] wwise_callback=beat  position_beats=1678.947  error_ms=4.000
[TIMING ] wwise_callback=grid  position_beats=1678.947  error_ms=4.000
[TIMING ] wwise_callback=bar  position_beats=1679.961  error_ms=3.000
[TIMING ] wwise_callback=beat  position_beats=1679.961  error_ms=3.000
[TIMING ] wwise_callback=grid  position_beats=1679.961  error_ms=3.000
[AUDIO  ] arrangement=layer  enabled=true  requested_at=1680.011
[TIMING ] wwise_callback=beat  position_beats=1680.934  error_ms=1.000
[TIMING ] wwise_callback=grid  position_beats=1680.934  error_ms=1.000
[TIMING ] wwise_callback=beat  position_beats=1681.952  error_ms=4.000
[TIMING ] wwise_callback=grid  position_beats=1681.952  error_ms=4.000
[TIMING ] wwise_callback=beat  position_beats=1682.966  error_ms=3.000
[TIMING ] wwise_callback=grid  position_beats=1682.966  error_ms=3.000
[TIMING ] wwise_callback=bar  position_beats=1683.941  error_ms=5.000
[TIMING ] wwise_callback=beat  position_beats=1683.941  error_ms=5.000
[TIMING ] wwise_callback=grid  position_beats=1683.941  error_ms=5.000
[TIMING ] wwise_callback=beat  position_beats=1684.957  error_ms=5.000
[TIMING ] wwise_callback=grid  position_beats=1684.957  error_ms=5.000
[TIMING ] wwise_callback=beat  position_beats=1685.924  error_ms=3.000
[TIMING ] wwise_callback=grid  position_beats=1685.924  error_ms=3.000
[TIMING ] wwise_callback=beat  position_beats=1686.940  error_ms=2.000
[TIMING ] wwise_callback=grid  position_beats=1686.940  error_ms=2.000
[TIMING ] wwise_callback=bar  position_beats=1687.954  error_ms=1.000
[TIMING ] wwise_callback=beat  position_beats=1687.954  error_ms=1.000
[TIMING ] wwise_callback=grid  position_beats=1687.954  error_ms=1.000
[TIMING ] wwise_callback=beat  position_beats=1688.927  error_ms=0.000
[TIMING ] wwise_callback=grid  position_beats=1688.927  error_ms=0.000
[TIMING ] wwise_callback=beat  position_beats=1689.954  error_ms=6.000
[TIMING ] wwise_callback=grid  position_beats=1689.954  error_ms=6.000
[TIMING ] wwise_callback=beat  position_beats=1690.959  error_ms=1.000
[TIMING ] wwise_callback=grid  position_beats=1690.959  error_ms=1.000
[TIMING ] wwise_callback=bar  position_beats=1691.927  error_ms=0.000
[TIMING ] wwise_callback=beat  position_beats=1691.927  error_ms=0.000
[TIMING ] wwise_callback=grid  position_beats=1691.927  error_ms=0.000
[TIMING ] wwise_callback=beat  position_beats=1692.957  error_ms=6.000
[TIMING ] wwise_callback=grid  position_beats=1692.957  error_ms=6.000
[TIMING ] wwise_callback=beat  position_beats=1693.971  error_ms=5.000
[TIMING ] wwise_callback=grid  position_beats=1693.971  error_ms=5.000
[TIMING ] wwise_callback=beat  position_beats=1694.937  error_ms=3.000
[TIMING ] wwise_callback=grid  position_beats=1694.937  error_ms=3.000
[TIMING ] wwise_segment=wrapped  segment_ms=14769.000  elapsed_ms=782757.000
[AUDIO  ] arrangement=transition  section=alternate  requested_at=1696.003
[TIMING ] wwise_callback=beat  position_beats=1696.922  error_ms=1.000
[TIMING ] wwise_callback=grid  position_beats=1696.922  error_ms=1.000
[TIMING ] wwise_callback=beat  position_beats=1697.940  error_ms=0.000
[TIMING ] wwise_callback=grid  position_beats=1697.940  error_ms=0.000
[TIMING ] wwise_callback=beat  position_beats=1698.969  error_ms=6.000
[TIMING ] wwise_callback=grid  position_beats=1698.969  error_ms=6.000
[TIMING ] wwise_callback=bar  position_beats=1699.925  error_ms=1.000
[TIMING ] wwise_callback=beat  position_beats=1699.925  error_ms=1.000
[TIMING ] wwise_callback=grid  position_beats=1699.925  error_ms=1.000
[TIMING ] wwise_callback=beat  position_beats=1700.941  error_ms=0.000
[TIMING ] wwise_callback=grid  position_beats=1700.941  error_ms=0.000
[TIMING ] wwise_callback=beat  position_beats=1701.970  error_ms=6.000
[TIMING ] wwise_callback=grid  position_beats=1701.970  error_ms=6.000
[TIMING ] wwise_callback=beat  position_beats=1702.938  error_ms=5.000
[TIMING ] wwise_callback=grid  position_beats=1702.938  error_ms=5.000
[TIMING ] wwise_callback=bar  position_beats=1703.952  error_ms=4.000
[TIMING ] wwise_callback=beat  position_beats=1703.952  error_ms=4.000
[TIMING ] wwise_callback=grid  position_beats=1703.952  error_ms=4.000
[TIMING ] wwise_callback=beat  position_beats=1704.969  error_ms=3.000
[TIMING ] wwise_callback=grid  position_beats=1704.969  error_ms=3.000
[TIMING ] wwise_callback=beat  position_beats=1705.937  error_ms=2.000
[TIMING ] wwise_callback=grid  position_beats=1705.937  error_ms=2.000
[TIMING ] wwise_callback=beat  position_beats=1706.955  error_ms=1.000
[TIMING ] wwise_callback=grid  position_beats=1706.955  error_ms=1.000
[TIMING ] wwise_callback=bar  position_beats=1707.924  error_ms=2.000
[TIMING ] wwise_callback=beat  position_beats=1707.924  error_ms=2.000
[TIMING ] wwise_callback=grid  position_beats=1707.924  error_ms=2.000
[TIMING ] wwise_callback=beat  position_beats=1708.940  error_ms=2.000
[TIMING ] wwise_callback=grid  position_beats=1708.940  error_ms=2.000
[TIMING ] wwise_callback=beat  position_beats=1709.956  error_ms=1.000
[TIMING ] wwise_callback=grid  position_beats=1709.956  error_ms=1.000
[TIMING ] wwise_callback=beat  position_beats=1710.938  error_ms=6.000
[TIMING ] wwise_callback=grid  position_beats=1710.938  error_ms=6.000
[TIMING ] wwise_callback=bar  position_beats=1711.954  error_ms=6.000
[TIMING ] wwise_callback=beat  position_beats=1711.954  error_ms=6.000
[TIMING ] wwise_callback=grid  position_beats=1711.954  error_ms=6.000
[AUDIO  ] arrangement=layer  enabled=false  requested_at=1712.014
[TIMING ] wwise_callback=beat  position_beats=1712.968  error_ms=5.000
[TIMING ] wwise_callback=grid  position_beats=1712.968  error_ms=5.000
[TIMING ] wwise_callback=beat  position_beats=1713.934  error_ms=3.000
[TIMING ] wwise_callback=grid  position_beats=1713.934  error_ms=3.000
[TIMING ] wwise_callback=beat  position_beats=1714.950  error_ms=2.000
[TIMING ] wwise_callback=grid  position_beats=1714.950  error_ms=2.000
[TIMING ] wwise_callback=bar  position_beats=1715.925  error_ms=4.000
[TIMING ] wwise_callback=beat  position_beats=1715.925  error_ms=4.000
[TIMING ] wwise_callback=grid  position_beats=1715.925  error_ms=4.000
[TIMING ] wwise_callback=beat  position_beats=1716.939  error_ms=3.000
[TIMING ] wwise_callback=grid  position_beats=1716.939  error_ms=3.000
[TIMING ] wwise_callback=beat  position_beats=1717.953  error_ms=2.000
[TIMING ] wwise_callback=grid  position_beats=1717.953  error_ms=2.000
[TIMING ] wwise_callback=beat  position_beats=1718.922  error_ms=1.000
[TIMING ] wwise_callback=grid  position_beats=1718.922  error_ms=1.000
[TIMING ] wwise_callback=bar  position_beats=1719.938  error_ms=0.000
[TIMING ] wwise_callback=beat  position_beats=1719.938  error_ms=0.000
[TIMING ] wwise_callback=grid  position_beats=1719.938  error_ms=0.000
[TIMING ] wwise_callback=beat  position_beats=1720.967  error_ms=6.000
[TIMING ] wwise_callback=grid  position_beats=1720.967  error_ms=6.000
[TIMING ] wwise_callback=beat  position_beats=1721.936  error_ms=5.000
[TIMING ] wwise_callback=grid  position_beats=1721.936  error_ms=5.000
[TIMING ] wwise_callback=beat  position_beats=1722.950  error_ms=4.000
[TIMING ] wwise_callback=grid  position_beats=1722.950  error_ms=4.000
[TIMING ] wwise_callback=bar  position_beats=1723.966  error_ms=3.000
[TIMING ] wwise_callback=beat  position_beats=1723.966  error_ms=3.000
[TIMING ] wwise_callback=grid  position_beats=1723.966  error_ms=3.000
[TIMING ] wwise_callback=beat  position_beats=1724.941  error_ms=5.000
[TIMING ] wwise_callback=grid  position_beats=1724.941  error_ms=5.000
[TIMING ] wwise_callback=beat  position_beats=1725.955  error_ms=4.000
[TIMING ] wwise_callback=grid  position_beats=1725.955  error_ms=4.000
[TIMING ] wwise_callback=beat  position_beats=1726.921  error_ms=2.000
[TIMING ] wwise_callback=grid  position_beats=1726.921  error_ms=2.000
[TIMING ] wwise_segment=wrapped  segment_ms=14769.000  elapsed_ms=797526.000
[AUDIO  ] arrangement=transition  section=loop  requested_at=1728.013
[TIMING ] wwise_callback=beat  position_beats=1728.951  error_ms=1.000
[TIMING ] wwise_callback=grid  position_beats=1728.951  error_ms=1.000
[TIMING ] wwise_callback=beat  position_beats=1729.972  error_ms=24.000
[TIMING ] wwise_callback=grid  position_beats=1729.972  error_ms=24.000
[TIMING ] wwise_callback=beat  position_beats=1730.938  error_ms=0.000
[TIMING ] wwise_callback=grid  position_beats=1730.938  error_ms=0.000
[TIMING ] wwise_callback=bar  position_beats=1731.967  error_ms=6.000
[TIMING ] wwise_callback=beat  position_beats=1731.967  error_ms=6.000
[TIMING ] wwise_callback=grid  position_beats=1731.967  error_ms=6.000
[TIMING ] wwise_callback=beat  position_beats=1732.938  error_ms=5.000
[TIMING ] wwise_callback=grid  position_beats=1732.938  error_ms=5.000
[TIMING ] wwise_callback=beat  position_beats=1733.941  error_ms=0.000
[TIMING ] wwise_callback=grid  position_beats=1733.941  error_ms=0.000
[TIMING ] wwise_callback=beat  position_beats=1734.972  error_ms=6.000
[TIMING ] wwise_callback=grid  position_beats=1734.972  error_ms=6.000
[TIMING ] wwise_callback=bar  position_beats=1735.941  error_ms=5.000
[TIMING ] wwise_callback=beat  position_beats=1735.941  error_ms=5.000
[TIMING ] wwise_callback=grid  position_beats=1735.941  error_ms=5.000
[TIMING ] wwise_callback=beat  position_beats=1736.955  error_ms=4.000
[TIMING ] wwise_callback=grid  position_beats=1736.955  error_ms=4.000
[TIMING ] wwise_callback=beat  position_beats=1737.921  error_ms=2.000
[TIMING ] wwise_callback=grid  position_beats=1737.921  error_ms=2.000
[TIMING ] wwise_callback=beat  position_beats=1738.935  error_ms=1.000
[TIMING ] wwise_callback=grid  position_beats=1738.935  error_ms=1.000
[TIMING ] wwise_callback=bar  position_beats=1739.953  error_ms=1.000
[TIMING ] wwise_callback=beat  position_beats=1739.953  error_ms=1.000
[TIMING ] wwise_callback=grid  position_beats=1739.953  error_ms=1.000
[TIMING ] wwise_callback=beat  position_beats=1740.937  error_ms=6.000
[TIMING ] wwise_callback=grid  position_beats=1740.937  error_ms=6.000
[TIMING ] wwise_callback=beat  position_beats=1741.953  error_ms=5.000
[TIMING ] wwise_callback=grid  position_beats=1741.953  error_ms=5.000
[TIMING ] wwise_callback=beat  position_beats=1742.956  error_ms=1.000
[TIMING ] wwise_callback=grid  position_beats=1742.956  error_ms=1.000
[TIMING ] wwise_callback=bar  position_beats=1743.938  error_ms=6.000
[TIMING ] wwise_callback=beat  position_beats=1743.938  error_ms=6.000
[TIMING ] wwise_callback=grid  position_beats=1743.938  error_ms=6.000
[AUDIO  ] arrangement=layer  enabled=true  requested_at=1744.003
[TIMING ] wwise_callback=beat  position_beats=1744.954  error_ms=5.000
[TIMING ] wwise_callback=grid  position_beats=1744.954  error_ms=5.000
[TIMING ] wwise_callback=beat  position_beats=1745.968  error_ms=4.000
[TIMING ] wwise_callback=grid  position_beats=1745.968  error_ms=4.000
[TIMING ] wwise_callback=beat  position_beats=1746.937  error_ms=3.000
[TIMING ] wwise_callback=grid  position_beats=1746.937  error_ms=3.000
[TIMING ] wwise_callback=bar  position_beats=1747.951  error_ms=2.000
[TIMING ] wwise_callback=beat  position_beats=1747.951  error_ms=2.000
[TIMING ] wwise_callback=grid  position_beats=1747.951  error_ms=2.000
[TIMING ] wwise_callback=beat  position_beats=1748.919  error_ms=1.000
[TIMING ] wwise_callback=grid  position_beats=1748.919  error_ms=1.000
[TIMING ] wwise_callback=beat  position_beats=1749.937  error_ms=0.000
[TIMING ] wwise_callback=grid  position_beats=1749.937  error_ms=0.000
[TIMING ] wwise_callback=beat  position_beats=1750.969  error_ms=6.000
[TIMING ] wwise_callback=grid  position_beats=1750.969  error_ms=6.000
[TIMING ] wwise_callback=bar  position_beats=1751.924  error_ms=1.000
[TIMING ] wwise_callback=beat  position_beats=1751.924  error_ms=1.000
[TIMING ] wwise_callback=grid  position_beats=1751.924  error_ms=1.000
[TIMING ] wwise_callback=beat  position_beats=1752.938  error_ms=0.000
[TIMING ] wwise_callback=grid  position_beats=1752.938  error_ms=0.000
[TIMING ] wwise_callback=beat  position_beats=1753.970  error_ms=6.000
[TIMING ] wwise_callback=grid  position_beats=1753.970  error_ms=6.000
[TIMING ] wwise_callback=beat  position_beats=1754.938  error_ms=5.000
[TIMING ] wwise_callback=grid  position_beats=1754.938  error_ms=5.000
[TIMING ] wwise_callback=bar  position_beats=1755.948  error_ms=2.000
[TIMING ] wwise_callback=beat  position_beats=1755.948  error_ms=2.000
[TIMING ] wwise_callback=grid  position_beats=1755.948  error_ms=2.000
[TIMING ] wwise_callback=beat  position_beats=1756.964  error_ms=2.000
[TIMING ] wwise_callback=grid  position_beats=1756.964  error_ms=2.000
[TIMING ] wwise_callback=beat  position_beats=1757.930  error_ms=0.000
[TIMING ] wwise_callback=grid  position_beats=1757.930  error_ms=0.000
[TIMING ] wwise_callback=beat  position_beats=1758.964  error_ms=6.000
[TIMING ] wwise_callback=grid  position_beats=1758.964  error_ms=6.000
[TIMING ] wwise_segment=wrapped  segment_ms=14769.000  elapsed_ms=812295.000
[AUDIO  ] arrangement=transition  section=alternate  requested_at=1760.006
[TIMING ] wwise_callback=beat  position_beats=1760.935  error_ms=0.000
[TIMING ] wwise_callback=grid  position_beats=1760.935  error_ms=0.000
[TIMING ] wwise_callback=beat  position_beats=1761.951  error_ms=0.000
[TIMING ] wwise_callback=grid  position_beats=1761.951  error_ms=0.000
[TIMING ] wwise_callback=beat  position_beats=1762.933  error_ms=5.000
[TIMING ] wwise_callback=grid  position_beats=1762.933  error_ms=5.000
[TIMING ] wwise_callback=bar  position_beats=1763.947  error_ms=4.000
[TIMING ] wwise_callback=beat  position_beats=1763.947  error_ms=4.000
[TIMING ] wwise_callback=grid  position_beats=1763.947  error_ms=4.000
[TIMING ] wwise_callback=beat  position_beats=1764.963  error_ms=3.000
[TIMING ] wwise_callback=grid  position_beats=1764.963  error_ms=3.000
[TIMING ] wwise_callback=beat  position_beats=1765.932  error_ms=2.000
[TIMING ] wwise_callback=grid  position_beats=1765.932  error_ms=2.000
[TIMING ] wwise_callback=beat  position_beats=1766.946  error_ms=1.000
[TIMING ] wwise_callback=grid  position_beats=1766.946  error_ms=1.000
[TIMING ] wwise_callback=bar  position_beats=1767.918  error_ms=2.000
[TIMING ] wwise_callback=beat  position_beats=1767.918  error_ms=2.000
[TIMING ] wwise_callback=grid  position_beats=1767.918  error_ms=2.000
[TIMING ] wwise_callback=beat  position_beats=1768.935  error_ms=2.000
[TIMING ] wwise_callback=grid  position_beats=1768.935  error_ms=2.000
[TIMING ] wwise_callback=beat  position_beats=1769.951  error_ms=1.000
[TIMING ] wwise_callback=grid  position_beats=1769.951  error_ms=1.000
[TIMING ] wwise_callback=beat  position_beats=1770.932  error_ms=6.000
[TIMING ] wwise_callback=grid  position_beats=1770.932  error_ms=6.000
[TIMING ] wwise_callback=bar  position_beats=1771.946  error_ms=5.000
[TIMING ] wwise_callback=beat  position_beats=1771.946  error_ms=5.000
[TIMING ] wwise_callback=grid  position_beats=1771.946  error_ms=5.000
[TIMING ] wwise_callback=beat  position_beats=1772.962  error_ms=5.000
[TIMING ] wwise_callback=grid  position_beats=1772.962  error_ms=5.000
[TIMING ] wwise_callback=beat  position_beats=1773.929  error_ms=3.000
[TIMING ] wwise_callback=grid  position_beats=1773.929  error_ms=3.000
[TIMING ] wwise_callback=beat  position_beats=1774.945  error_ms=2.000
[TIMING ] wwise_callback=grid  position_beats=1774.945  error_ms=2.000
[TIMING ] wwise_callback=bar  position_beats=1775.959  error_ms=1.000
[TIMING ] wwise_callback=beat  position_beats=1775.959  error_ms=1.000
[TIMING ] wwise_callback=grid  position_beats=1775.959  error_ms=1.000
[AUDIO  ] arrangement=layer  enabled=false  requested_at=1776.007
[TIMING ] wwise_callback=beat  position_beats=1776.936  error_ms=4.000
[TIMING ] wwise_callback=grid  position_beats=1776.936  error_ms=4.000
[TIMING ] wwise_callback=beat  position_beats=1777.948  error_ms=2.000
[TIMING ] wwise_callback=grid  position_beats=1777.948  error_ms=2.000
[TIMING ] wwise_callback=beat  position_beats=1778.916  error_ms=1.000
[TIMING ] wwise_callback=grid  position_beats=1778.916  error_ms=1.000
[TIMING ] wwise_callback=bar  position_beats=1779.933  error_ms=0.000
[TIMING ] wwise_callback=beat  position_beats=1779.933  error_ms=0.000
[TIMING ] wwise_callback=grid  position_beats=1779.933  error_ms=0.000
[TIMING ] wwise_callback=beat  position_beats=1780.962  error_ms=6.000
[TIMING ] wwise_callback=grid  position_beats=1780.962  error_ms=6.000
[TIMING ] wwise_callback=beat  position_beats=1781.930  error_ms=5.000
[TIMING ] wwise_callback=grid  position_beats=1781.930  error_ms=5.000
[TIMING ] wwise_callback=beat  position_beats=1782.944  error_ms=4.000
[TIMING ] wwise_callback=grid  position_beats=1782.944  error_ms=4.000
[TIMING ] wwise_callback=bar  position_beats=1783.960  error_ms=3.000
[TIMING ] wwise_callback=beat  position_beats=1783.960  error_ms=3.000
[TIMING ] wwise_callback=grid  position_beats=1783.960  error_ms=3.000
[TIMING ] wwise_callback=beat  position_beats=1784.931  error_ms=2.000
[TIMING ] wwise_callback=grid  position_beats=1784.931  error_ms=2.000
[TIMING ] wwise_callback=beat  position_beats=1785.949  error_ms=4.000
[TIMING ] wwise_callback=grid  position_beats=1785.949  error_ms=4.000
[TIMING ] wwise_callback=beat  position_beats=1786.963  error_ms=3.000
[TIMING ] wwise_callback=grid  position_beats=1786.963  error_ms=3.000
[TIMING ] wwise_callback=bar  position_beats=1787.932  error_ms=2.000
[TIMING ] wwise_callback=beat  position_beats=1787.932  error_ms=2.000
[TIMING ] wwise_callback=grid  position_beats=1787.932  error_ms=2.000
[TIMING ] wwise_callback=beat  position_beats=1788.948  error_ms=1.000
[TIMING ] wwise_callback=grid  position_beats=1788.948  error_ms=1.000
[TIMING ] wwise_callback=beat  position_beats=1789.929  error_ms=6.000
[TIMING ] wwise_callback=grid  position_beats=1789.929  error_ms=6.000
[TIMING ] wwise_callback=beat  position_beats=1790.943  error_ms=5.000
[TIMING ] wwise_callback=grid  position_beats=1790.943  error_ms=5.000
[TIMING ] wwise_segment=wrapped  segment_ms=14769.000  elapsed_ms=827064.000
[AUDIO  ] arrangement=transition  section=loop  requested_at=1792.007
[TIMING ] wwise_callback=beat  position_beats=1792.930  error_ms=3.000
[TIMING ] wwise_callback=grid  position_beats=1792.930  error_ms=3.000
[TIMING ] wwise_callback=beat  position_beats=1793.955  error_ms=8.000
[TIMING ] wwise_callback=grid  position_beats=1793.955  error_ms=8.000
[TIMING ] wwise_callback=beat  position_beats=1794.965  error_ms=5.000
[TIMING ] wwise_callback=grid  position_beats=1794.965  error_ms=5.000
[TIMING ] wwise_callback=bar  position_beats=1795.931  error_ms=3.000
[TIMING ] wwise_callback=beat  position_beats=1795.931  error_ms=3.000
[TIMING ] wwise_callback=grid  position_beats=1795.931  error_ms=3.000
[TIMING ] wwise_callback=beat  position_beats=1796.945  error_ms=2.000
[TIMING ] wwise_callback=grid  position_beats=1796.945  error_ms=2.000
[TIMING ] wwise_callback=beat  position_beats=1797.959  error_ms=0.000
[TIMING ] wwise_callback=grid  position_beats=1797.959  error_ms=0.000
[TIMING ] wwise_callback=beat  position_beats=1798.941  error_ms=5.000
[TIMING ] wwise_callback=grid  position_beats=1798.941  error_ms=5.000
[TIMING ] wwise_callback=bar  position_beats=1799.955  error_ms=4.000
[TIMING ] wwise_callback=beat  position_beats=1799.955  error_ms=4.000
[TIMING ] wwise_callback=grid  position_beats=1799.955  error_ms=4.000
[TIMING ] wwise_callback=beat  position_beats=1800.923  error_ms=3.000
[TIMING ] wwise_callback=grid  position_beats=1800.923  error_ms=3.000
[TIMING ] wwise_callback=beat  position_beats=1801.941  error_ms=2.000
[TIMING ] wwise_callback=grid  position_beats=1801.941  error_ms=2.000
[TIMING ] wwise_callback=beat  position_beats=1802.955  error_ms=1.000
[TIMING ] wwise_callback=grid  position_beats=1802.955  error_ms=1.000
[TIMING ] wwise_callback=bar  position_beats=1803.928  error_ms=3.000
[TIMING ] wwise_callback=beat  position_beats=1803.928  error_ms=3.000
[TIMING ] wwise_callback=grid  position_beats=1803.928  error_ms=3.000
[TIMING ] wwise_callback=beat  position_beats=1804.942  error_ms=2.000
[TIMING ] wwise_callback=grid  position_beats=1804.942  error_ms=2.000
[TIMING ] wwise_callback=beat  position_beats=1805.956  error_ms=1.000
[TIMING ] wwise_callback=grid  position_beats=1805.956  error_ms=1.000
[TIMING ] wwise_callback=beat  position_beats=1806.925  error_ms=0.000
[TIMING ] wwise_callback=grid  position_beats=1806.925  error_ms=0.000
[TIMING ] wwise_callback=bar  position_beats=1807.956  error_ms=6.000
[TIMING ] wwise_callback=beat  position_beats=1807.956  error_ms=6.000
[TIMING ] wwise_callback=grid  position_beats=1807.956  error_ms=6.000
[AUDIO  ] arrangement=layer  enabled=true  requested_at=1808.001
[TIMING ] wwise_callback=beat  position_beats=1808.970  error_ms=5.000
[TIMING ] wwise_callback=grid  position_beats=1808.970  error_ms=5.000
[TIMING ] wwise_callback=beat  position_beats=1809.936  error_ms=3.000
[TIMING ] wwise_callback=grid  position_beats=1809.936  error_ms=3.000
[TIMING ] wwise_callback=beat  position_beats=1810.957  error_ms=3.000
[TIMING ] wwise_callback=grid  position_beats=1810.957  error_ms=3.000
[TIMING ] wwise_callback=bar  position_beats=1811.925  error_ms=4.000
[TIMING ] wwise_callback=beat  position_beats=1811.925  error_ms=4.000
[TIMING ] wwise_callback=grid  position_beats=1811.925  error_ms=4.000
[TIMING ] wwise_callback=beat  position_beats=1812.941  error_ms=3.000
[TIMING ] wwise_callback=grid  position_beats=1812.941  error_ms=3.000
[TIMING ] wwise_callback=beat  position_beats=1813.958  error_ms=3.000
[TIMING ] wwise_callback=grid  position_beats=1813.958  error_ms=3.000
[TIMING ] wwise_callback=beat  position_beats=1814.924  error_ms=1.000
[TIMING ] wwise_callback=grid  position_beats=1814.924  error_ms=1.000
[TIMING ] wwise_callback=bar  position_beats=1815.938  error_ms=0.000
[TIMING ] wwise_callback=beat  position_beats=1815.938  error_ms=0.000
[TIMING ] wwise_callback=grid  position_beats=1815.938  error_ms=0.000
[TIMING ] wwise_callback=beat  position_beats=1816.956  error_ms=0.000
[TIMING ] wwise_callback=grid  position_beats=1816.956  error_ms=0.000
[TIMING ] wwise_callback=beat  position_beats=1817.938  error_ms=5.000
[TIMING ] wwise_callback=grid  position_beats=1817.938  error_ms=5.000
[TIMING ] wwise_callback=beat  position_beats=1818.952  error_ms=4.000
[TIMING ] wwise_callback=grid  position_beats=1818.952  error_ms=4.000
[TIMING ] wwise_callback=bar  position_beats=1819.970  error_ms=3.000
[TIMING ] wwise_callback=beat  position_beats=1819.970  error_ms=3.000
[TIMING ] wwise_callback=grid  position_beats=1819.970  error_ms=3.000
[TIMING ] wwise_callback=beat  position_beats=1820.941  error_ms=5.000
[TIMING ] wwise_callback=grid  position_beats=1820.941  error_ms=5.000
[TIMING ] wwise_callback=beat  position_beats=1821.957  error_ms=4.000
[TIMING ] wwise_callback=grid  position_beats=1821.957  error_ms=4.000
[TIMING ] wwise_callback=beat  position_beats=1822.925  error_ms=3.000
[TIMING ] wwise_callback=grid  position_beats=1822.925  error_ms=3.000
[TIMING ] wwise_segment=wrapped  segment_ms=14769.000  elapsed_ms=841833.000
[AUDIO  ] arrangement=transition  section=alternate  requested_at=1824.000
[TIMING ] wwise_callback=beat  position_beats=1824.953  error_ms=1.000
[TIMING ] wwise_callback=grid  position_beats=1824.953  error_ms=1.000
[TIMING ] wwise_callback=beat  position_beats=1825.922  error_ms=0.000
[TIMING ] wwise_callback=grid  position_beats=1825.922  error_ms=0.000
[TIMING ] wwise_callback=beat  position_beats=1826.951  error_ms=6.000
[TIMING ] wwise_callback=grid  position_beats=1826.951  error_ms=6.000
[TIMING ] wwise_callback=bar  position_beats=1827.965  error_ms=4.000
[TIMING ] wwise_callback=beat  position_beats=1827.965  error_ms=4.000
[TIMING ] wwise_callback=grid  position_beats=1827.965  error_ms=4.000
[TIMING ] wwise_callback=beat  position_beats=1828.927  error_ms=0.000
[TIMING ] wwise_callback=grid  position_beats=1828.927  error_ms=0.000
[TIMING ] wwise_callback=beat  position_beats=1829.956  error_ms=6.000
[TIMING ] wwise_callback=grid  position_beats=1829.956  error_ms=6.000
[TIMING ] wwise_callback=beat  position_beats=1830.923  error_ms=4.000
[TIMING ] wwise_callback=grid  position_beats=1830.923  error_ms=4.000
[TIMING ] wwise_callback=bar  position_beats=1831.937  error_ms=3.000
[TIMING ] wwise_callback=beat  position_beats=1831.937  error_ms=3.000
[TIMING ] wwise_callback=grid  position_beats=1831.937  error_ms=3.000
[TIMING ] wwise_callback=beat  position_beats=1832.955  error_ms=3.000
[TIMING ] wwise_callback=grid  position_beats=1832.955  error_ms=3.000
[TIMING ] wwise_callback=beat  position_beats=1833.921  error_ms=1.000
[TIMING ] wwise_callback=grid  position_beats=1833.921  error_ms=1.000
[TIMING ] wwise_callback=beat  position_beats=1834.939  error_ms=2.000
[TIMING ] wwise_callback=grid  position_beats=1834.939  error_ms=2.000
[TIMING ] wwise_callback=bar  position_beats=1835.951  error_ms=0.000
[TIMING ] wwise_callback=beat  position_beats=1835.951  error_ms=0.000
[TIMING ] wwise_callback=grid  position_beats=1835.951  error_ms=0.000
[TIMING ] wwise_callback=beat  position_beats=1836.937  error_ms=5.000
[TIMING ] wwise_callback=grid  position_beats=1836.937  error_ms=5.000
[TIMING ] wwise_callback=beat  position_beats=1837.940  error_ms=0.000
[TIMING ] wwise_callback=grid  position_beats=1837.940  error_ms=0.000
[TIMING ] wwise_callback=beat  position_beats=1838.969  error_ms=6.000
[TIMING ] wwise_callback=grid  position_beats=1838.969  error_ms=6.000
[TIMING ] wwise_callback=bar  position_beats=1839.938  error_ms=5.000
[TIMING ] wwise_callback=beat  position_beats=1839.938  error_ms=5.000
[TIMING ] wwise_callback=grid  position_beats=1839.938  error_ms=5.000
[AUDIO  ] arrangement=layer  enabled=false  requested_at=1840.014
[TIMING ] wwise_callback=beat  position_beats=1840.952  error_ms=4.000
[TIMING ] wwise_callback=grid  position_beats=1840.952  error_ms=4.000
[TIMING ] wwise_callback=beat  position_beats=1841.918  error_ms=2.000
[TIMING ] wwise_callback=grid  position_beats=1841.918  error_ms=2.000
[TIMING ] wwise_callback=beat  position_beats=1842.934  error_ms=1.000
[TIMING ] wwise_callback=grid  position_beats=1842.934  error_ms=1.000
[TIMING ] wwise_callback=bar  position_beats=1843.951  error_ms=1.000
[TIMING ] wwise_callback=beat  position_beats=1843.951  error_ms=1.000
[TIMING ] wwise_callback=grid  position_beats=1843.951  error_ms=1.000
[TIMING ] wwise_callback=beat  position_beats=1844.936  error_ms=6.000
[TIMING ] wwise_callback=grid  position_beats=1844.936  error_ms=6.000
[TIMING ] wwise_callback=beat  position_beats=1845.950  error_ms=5.000
[TIMING ] wwise_callback=grid  position_beats=1845.950  error_ms=5.000
[TIMING ] wwise_callback=beat  position_beats=1846.956  error_ms=1.000
[TIMING ] wwise_callback=grid  position_beats=1846.956  error_ms=1.000
[TIMING ] wwise_callback=bar  position_beats=1847.937  error_ms=6.000
[TIMING ] wwise_callback=beat  position_beats=1847.937  error_ms=6.000
[TIMING ] wwise_callback=grid  position_beats=1847.937  error_ms=6.000
[TIMING ] wwise_callback=beat  position_beats=1848.951  error_ms=5.000
[TIMING ] wwise_callback=grid  position_beats=1848.951  error_ms=5.000
[TIMING ] wwise_callback=beat  position_beats=1849.965  error_ms=4.000
[TIMING ] wwise_callback=grid  position_beats=1849.965  error_ms=4.000
[TIMING ] wwise_callback=beat  position_beats=1850.934  error_ms=3.000
[TIMING ] wwise_callback=grid  position_beats=1850.934  error_ms=3.000
[TIMING ] wwise_callback=bar  position_beats=1851.950  error_ms=2.000
[TIMING ] wwise_callback=beat  position_beats=1851.950  error_ms=2.000
[TIMING ] wwise_callback=grid  position_beats=1851.950  error_ms=2.000
[TIMING ] wwise_callback=beat  position_beats=1852.918  error_ms=1.000
[TIMING ] wwise_callback=grid  position_beats=1852.918  error_ms=1.000
[TIMING ] wwise_callback=beat  position_beats=1853.937  error_ms=0.000
[TIMING ] wwise_callback=grid  position_beats=1853.937  error_ms=0.000
[TIMING ] wwise_callback=beat  position_beats=1854.966  error_ms=6.000
[TIMING ] wwise_callback=grid  position_beats=1854.966  error_ms=6.000
[TIMING ] wwise_segment=wrapped  segment_ms=14769.000  elapsed_ms=856602.000
[AUDIO  ] arrangement=transition  section=loop  requested_at=1856.012
[TIMING ] wwise_callback=beat  position_beats=1856.935  error_ms=0.000
[TIMING ] wwise_callback=grid  position_beats=1856.935  error_ms=0.000
[TIMING ] wwise_callback=beat  position_beats=1857.967  error_ms=6.000
[TIMING ] wwise_callback=grid  position_beats=1857.967  error_ms=6.000
[TIMING ] wwise_callback=beat  position_beats=1858.933  error_ms=4.000
[TIMING ] wwise_callback=grid  position_beats=1858.933  error_ms=4.000
[TIMING ] wwise_callback=bar  position_beats=1859.949  error_ms=4.000
[TIMING ] wwise_callback=beat  position_beats=1859.949  error_ms=4.000
[TIMING ] wwise_callback=grid  position_beats=1859.949  error_ms=4.000
[TIMING ] wwise_callback=beat  position_beats=1860.963  error_ms=3.000
[TIMING ] wwise_callback=grid  position_beats=1860.963  error_ms=3.000
[TIMING ] wwise_callback=beat  position_beats=1861.929  error_ms=1.000
[TIMING ] wwise_callback=grid  position_beats=1861.929  error_ms=1.000
[TIMING ] wwise_callback=beat  position_beats=1862.950  error_ms=1.000
[TIMING ] wwise_callback=grid  position_beats=1862.950  error_ms=1.000
[TIMING ] wwise_callback=bar  position_beats=1863.921  error_ms=2.000
[TIMING ] wwise_callback=beat  position_beats=1863.921  error_ms=2.000
[TIMING ] wwise_callback=grid  position_beats=1863.921  error_ms=2.000
[TIMING ] wwise_callback=beat  position_beats=1864.935  error_ms=1.000
[TIMING ] wwise_callback=grid  position_beats=1864.935  error_ms=1.000
[TIMING ] wwise_callback=beat  position_beats=1865.951  error_ms=1.000
[TIMING ] wwise_callback=grid  position_beats=1865.951  error_ms=1.000
[TIMING ] wwise_callback=beat  position_beats=1866.932  error_ms=6.000
[TIMING ] wwise_callback=grid  position_beats=1866.932  error_ms=6.000
[TIMING ] wwise_callback=bar  position_beats=1867.948  error_ms=5.000
[TIMING ] wwise_callback=beat  position_beats=1867.948  error_ms=5.000
[TIMING ] wwise_callback=grid  position_beats=1867.948  error_ms=5.000
[TIMING ] wwise_callback=beat  position_beats=1868.962  error_ms=4.000
[TIMING ] wwise_callback=grid  position_beats=1868.962  error_ms=4.000
[TIMING ] wwise_callback=beat  position_beats=1869.931  error_ms=3.000
[TIMING ] wwise_callback=grid  position_beats=1869.931  error_ms=3.000
[TIMING ] wwise_callback=beat  position_beats=1870.945  error_ms=2.000
[TIMING ] wwise_callback=grid  position_beats=1870.945  error_ms=2.000
[TIMING ] wwise_callback=bar  position_beats=1871.920  error_ms=4.000
[TIMING ] wwise_callback=beat  position_beats=1871.920  error_ms=4.000
[TIMING ] wwise_callback=grid  position_beats=1871.920  error_ms=4.000
[AUDIO  ] arrangement=layer  enabled=true  requested_at=1872.009
[TIMING ] wwise_callback=beat  position_beats=1872.936  error_ms=3.000
[TIMING ] wwise_callback=grid  position_beats=1872.936  error_ms=3.000
[TIMING ] wwise_callback=beat  position_beats=1873.950  error_ms=2.000
[TIMING ] wwise_callback=grid  position_beats=1873.950  error_ms=2.000
[TIMING ] wwise_callback=beat  position_beats=1874.919  error_ms=1.000
[TIMING ] wwise_callback=grid  position_beats=1874.919  error_ms=1.000
[TIMING ] wwise_callback=bar  position_beats=1875.933  error_ms=0.000
[TIMING ] wwise_callback=beat  position_beats=1875.933  error_ms=0.000
[TIMING ] wwise_callback=grid  position_beats=1875.933  error_ms=0.000
[TIMING ] wwise_callback=beat  position_beats=1876.957  error_ms=3.000
[TIMING ] wwise_callback=grid  position_beats=1876.957  error_ms=3.000
[TIMING ] wwise_callback=beat  position_beats=1877.926  error_ms=2.000
[TIMING ] wwise_callback=grid  position_beats=1877.926  error_ms=2.000
[TIMING ] wwise_callback=beat  position_beats=1878.940  error_ms=1.000
[TIMING ] wwise_callback=grid  position_beats=1878.940  error_ms=1.000
[TIMING ] wwise_callback=bar  position_beats=1879.954  error_ms=0.000
[TIMING ] wwise_callback=beat  position_beats=1879.954  error_ms=0.000
[TIMING ] wwise_callback=grid  position_beats=1879.954  error_ms=0.000
[TIMING ] wwise_callback=beat  position_beats=1880.929  error_ms=2.000
[TIMING ] wwise_callback=grid  position_beats=1880.929  error_ms=2.000
[TIMING ] wwise_callback=beat  position_beats=1881.945  error_ms=1.000
[TIMING ] wwise_callback=grid  position_beats=1881.945  error_ms=1.000
[TIMING ] wwise_callback=beat  position_beats=1882.926  error_ms=6.000
[TIMING ] wwise_callback=grid  position_beats=1882.926  error_ms=6.000
[TIMING ] wwise_callback=bar  position_beats=1883.940  error_ms=5.000
[TIMING ] wwise_callback=beat  position_beats=1883.940  error_ms=5.000
[TIMING ] wwise_callback=grid  position_beats=1883.940  error_ms=5.000
[TIMING ] wwise_callback=beat  position_beats=1884.957  error_ms=5.000
[TIMING ] wwise_callback=grid  position_beats=1884.957  error_ms=5.000
[TIMING ] wwise_callback=beat  position_beats=1885.923  error_ms=3.000
[TIMING ] wwise_callback=grid  position_beats=1885.923  error_ms=3.000
[TIMING ] wwise_callback=beat  position_beats=1886.939  error_ms=2.000
[TIMING ] wwise_callback=grid  position_beats=1886.939  error_ms=2.000
[TIMING ] wwise_segment=wrapped  segment_ms=14769.000  elapsed_ms=871371.000
[AUDIO  ] arrangement=transition  section=alternate  requested_at=1888.001
[TIMING ] wwise_callback=beat  position_beats=1888.924  error_ms=0.000
[TIMING ] wwise_callback=grid  position_beats=1888.924  error_ms=0.000
[TIMING ] wwise_callback=beat  position_beats=1889.942  error_ms=2.000
[TIMING ] wwise_callback=grid  position_beats=1889.942  error_ms=2.000
[TIMING ] wwise_callback=beat  position_beats=1890.958  error_ms=2.000
[TIMING ] wwise_callback=grid  position_beats=1890.958  error_ms=2.000
[TIMING ] wwise_callback=bar  position_beats=1891.925  error_ms=0.000
[TIMING ] wwise_callback=beat  position_beats=1891.925  error_ms=0.000
[TIMING ] wwise_callback=grid  position_beats=1891.925  error_ms=0.000
[TIMING ] wwise_callback=beat  position_beats=1892.956  error_ms=6.000
[TIMING ] wwise_callback=grid  position_beats=1892.956  error_ms=6.000
[TIMING ] wwise_callback=beat  position_beats=1893.924  error_ms=5.000
[TIMING ] wwise_callback=grid  position_beats=1893.924  error_ms=5.000
[TIMING ] wwise_callback=beat  position_beats=1894.938  error_ms=4.000
[TIMING ] wwise_callback=grid  position_beats=1894.938  error_ms=4.000
[TIMING ] wwise_callback=bar  position_beats=1895.952  error_ms=3.000
[TIMING ] wwise_callback=beat  position_beats=1895.952  error_ms=3.000
[TIMING ] wwise_callback=grid  position_beats=1895.952  error_ms=3.000
[TIMING ] wwise_callback=beat  position_beats=1896.925  error_ms=2.000
[TIMING ] wwise_callback=grid  position_beats=1896.925  error_ms=2.000
[TIMING ] wwise_callback=beat  position_beats=1897.939  error_ms=1.000
[TIMING ] wwise_callback=grid  position_beats=1897.939  error_ms=1.000
[TIMING ] wwise_callback=beat  position_beats=1898.958  error_ms=3.000
[TIMING ] wwise_callback=grid  position_beats=1898.958  error_ms=3.000
[TIMING ] wwise_callback=bar  position_beats=1899.926  error_ms=2.000
[TIMING ] wwise_callback=beat  position_beats=1899.926  error_ms=2.000
[TIMING ] wwise_callback=grid  position_beats=1899.926  error_ms=2.000
[TIMING ] wwise_callback=beat  position_beats=1900.940  error_ms=1.000
[TIMING ] wwise_callback=grid  position_beats=1900.940  error_ms=1.000
[TIMING ] wwise_callback=beat  position_beats=1901.956  error_ms=0.000
[TIMING ] wwise_callback=grid  position_beats=1901.956  error_ms=0.000
[TIMING ] wwise_callback=beat  position_beats=1902.938  error_ms=5.000
[TIMING ] wwise_callback=grid  position_beats=1902.938  error_ms=5.000
[TIMING ] wwise_callback=bar  position_beats=1903.954  error_ms=5.000
[TIMING ] wwise_callback=beat  position_beats=1903.954  error_ms=5.000
[TIMING ] wwise_callback=grid  position_beats=1903.954  error_ms=5.000
[AUDIO  ] arrangement=layer  enabled=false  requested_at=1904.015
[TIMING ] wwise_callback=beat  position_beats=1904.920  error_ms=3.000
[TIMING ] wwise_callback=grid  position_beats=1904.920  error_ms=3.000
[TIMING ] wwise_callback=beat  position_beats=1905.938  error_ms=2.000
[TIMING ] wwise_callback=grid  position_beats=1905.938  error_ms=2.000
[TIMING ] wwise_callback=beat  position_beats=1906.955  error_ms=2.000
[TIMING ] wwise_callback=grid  position_beats=1906.955  error_ms=2.000
[TIMING ] wwise_callback=bar  position_beats=1907.925  error_ms=3.000
[TIMING ] wwise_callback=beat  position_beats=1907.925  error_ms=3.000
[TIMING ] wwise_callback=grid  position_beats=1907.925  error_ms=3.000
[TIMING ] wwise_callback=beat  position_beats=1908.939  error_ms=2.000
[TIMING ] wwise_callback=grid  position_beats=1908.939  error_ms=2.000
[TIMING ] wwise_callback=beat  position_beats=1909.953  error_ms=1.000
[TIMING ] wwise_callback=grid  position_beats=1909.953  error_ms=1.000
[TIMING ] wwise_callback=beat  position_beats=1910.922  error_ms=0.000
[TIMING ] wwise_callback=grid  position_beats=1910.922  error_ms=0.000
[TIMING ] wwise_callback=bar  position_beats=1911.953  error_ms=6.000
[TIMING ] wwise_callback=beat  position_beats=1911.953  error_ms=6.000
[TIMING ] wwise_callback=grid  position_beats=1911.953  error_ms=6.000
[TIMING ] wwise_callback=beat  position_beats=1912.967  error_ms=5.000
[TIMING ] wwise_callback=grid  position_beats=1912.967  error_ms=5.000
[TIMING ] wwise_callback=beat  position_beats=1913.936  error_ms=4.000
[TIMING ] wwise_callback=grid  position_beats=1913.936  error_ms=4.000
[TIMING ] wwise_callback=beat  position_beats=1914.954  error_ms=3.000
[TIMING ] wwise_callback=grid  position_beats=1914.954  error_ms=3.000
[TIMING ] wwise_callback=bar  position_beats=1915.925  error_ms=5.000
[TIMING ] wwise_callback=beat  position_beats=1915.925  error_ms=5.000
[TIMING ] wwise_callback=grid  position_beats=1915.925  error_ms=5.000
[TIMING ] wwise_callback=beat  position_beats=1916.932  error_ms=0.000
[TIMING ] wwise_callback=grid  position_beats=1916.932  error_ms=0.000
[TIMING ] wwise_callback=beat  position_beats=1917.955  error_ms=3.000
[TIMING ] wwise_callback=grid  position_beats=1917.955  error_ms=3.000
[TIMING ] wwise_callback=beat  position_beats=1918.923  error_ms=2.000
[TIMING ] wwise_callback=grid  position_beats=1918.923  error_ms=2.000
[TIMING ] wwise_segment=wrapped  segment_ms=14769.000  elapsed_ms=886140.000
[AUDIO  ] arrangement=transition  section=loop  requested_at=1920.011
[TIMING ] wwise_callback=beat  position_beats=1920.958  error_ms=2.000
[TIMING ] wwise_callback=grid  position_beats=1920.958  error_ms=2.000
[TIMING ] wwise_callback=beat  position_beats=1921.924  error_ms=0.000
[TIMING ] wwise_callback=grid  position_beats=1921.924  error_ms=0.000
[TIMING ] wwise_callback=beat  position_beats=1922.936  error_ms=-2.000
[TIMING ] wwise_callback=grid  position_beats=1922.936  error_ms=-2.000
[TIMING ] wwise_callback=bar  position_beats=1923.913  error_ms=1.000
[TIMING ] wwise_callback=beat  position_beats=1923.913  error_ms=1.000
[TIMING ] wwise_callback=grid  position_beats=1923.913  error_ms=1.000
[TIMING ] wwise_callback=beat  position_beats=1924.927  error_ms=0.000
[TIMING ] wwise_callback=grid  position_beats=1924.927  error_ms=0.000
[TIMING ] wwise_callback=beat  position_beats=1925.939  error_ms=-3.000
[TIMING ] wwise_callback=grid  position_beats=1925.939  error_ms=-3.000
[TIMING ] wwise_callback=beat  position_beats=1926.927  error_ms=5.000
[TIMING ] wwise_callback=grid  position_beats=1926.927  error_ms=5.000
[TIMING ] wwise_callback=bar  position_beats=1927.941  error_ms=4.000
[TIMING ] wwise_callback=beat  position_beats=1927.941  error_ms=4.000
[TIMING ] wwise_callback=grid  position_beats=1927.941  error_ms=4.000
[TIMING ] wwise_callback=beat  position_beats=1928.955  error_ms=3.000
[TIMING ] wwise_callback=grid  position_beats=1928.955  error_ms=3.000
[TIMING ] wwise_callback=beat  position_beats=1929.923  error_ms=2.000
[TIMING ] wwise_callback=grid  position_beats=1929.923  error_ms=2.000
[TIMING ] wwise_callback=beat  position_beats=1930.942  error_ms=2.000
[TIMING ] wwise_callback=grid  position_beats=1930.942  error_ms=2.000
[TIMING ] wwise_callback=bar  position_beats=1931.953  error_ms=0.000
[TIMING ] wwise_callback=beat  position_beats=1931.953  error_ms=0.000
[TIMING ] wwise_callback=grid  position_beats=1931.953  error_ms=0.000
[TIMING ] wwise_callback=beat  position_beats=1932.928  error_ms=2.000
[TIMING ] wwise_callback=grid  position_beats=1932.928  error_ms=2.000
[TIMING ] wwise_callback=beat  position_beats=1933.942  error_ms=1.000
[TIMING ] wwise_callback=grid  position_beats=1933.942  error_ms=1.000
[TIMING ] wwise_callback=beat  position_beats=1934.924  error_ms=6.000
[TIMING ] wwise_callback=grid  position_beats=1934.924  error_ms=6.000
[TIMING ] wwise_callback=bar  position_beats=1935.942  error_ms=6.000
[TIMING ] wwise_callback=beat  position_beats=1935.942  error_ms=6.000
[TIMING ] wwise_callback=grid  position_beats=1935.942  error_ms=6.000
[AUDIO  ] arrangement=layer  enabled=true  requested_at=1936.003
[TIMING ] wwise_callback=beat  position_beats=1936.956  error_ms=5.000
[TIMING ] wwise_callback=grid  position_beats=1936.956  error_ms=5.000
[TIMING ] wwise_callback=beat  position_beats=1937.923  error_ms=3.000
[TIMING ] wwise_callback=grid  position_beats=1937.923  error_ms=3.000
[TIMING ] wwise_callback=beat  position_beats=1938.937  error_ms=2.000
[TIMING ] wwise_callback=grid  position_beats=1938.937  error_ms=2.000
[TIMING ] wwise_callback=bar  position_beats=1939.955  error_ms=2.000
[TIMING ] wwise_callback=beat  position_beats=1939.955  error_ms=2.000
[TIMING ] wwise_callback=grid  position_beats=1939.955  error_ms=2.000
[TIMING ] wwise_callback=beat  position_beats=1940.923  error_ms=0.000
[TIMING ] wwise_callback=grid  position_beats=1940.923  error_ms=0.000
[TIMING ] wwise_callback=beat  position_beats=1941.942  error_ms=2.000
[TIMING ] wwise_callback=grid  position_beats=1941.942  error_ms=2.000
[TIMING ] wwise_callback=beat  position_beats=1942.958  error_ms=2.000
[TIMING ] wwise_callback=grid  position_beats=1942.958  error_ms=2.000
[TIMING ] wwise_callback=bar  position_beats=1943.924  error_ms=0.000
[TIMING ] wwise_callback=beat  position_beats=1943.924  error_ms=0.000
[TIMING ] wwise_callback=grid  position_beats=1943.924  error_ms=0.000
[TIMING ] wwise_callback=beat  position_beats=1944.943  error_ms=0.000
[TIMING ] wwise_callback=grid  position_beats=1944.943  error_ms=0.000
[TIMING ] wwise_callback=beat  position_beats=1945.924  error_ms=5.000
[TIMING ] wwise_callback=grid  position_beats=1945.924  error_ms=5.000
[TIMING ] wwise_callback=beat  position_beats=1946.938  error_ms=4.000
[TIMING ] wwise_callback=grid  position_beats=1946.938  error_ms=4.000
[TIMING ] wwise_callback=bar  position_beats=1947.952  error_ms=3.000
[TIMING ] wwise_callback=beat  position_beats=1947.952  error_ms=3.000
[TIMING ] wwise_callback=grid  position_beats=1947.952  error_ms=3.000
[TIMING ] wwise_callback=beat  position_beats=1948.925  error_ms=2.000
[TIMING ] wwise_callback=grid  position_beats=1948.925  error_ms=2.000
WwiseGodot: (LOG) Sound engine terminated successfully.
[AUDIO  ] wwise_spike=stopped
[TIMING ] wwise_spike=complete  callbacks=4211  mean_error_ms=3.004  p95_abs_error_ms=6.000  max_abs_error_ms=40.000
[TIMING ] callback_jitter_ms=2.400  clock_drift_ms=-13.556  clock_drift_ppm=-15.062
[TIMING ] boundaries=1949  missed=0  duplicates=0  beat_callbacks=1890  callback_missed=60  callback_duplicates=0
[TIMING ] position_samples=129829  position_discontinuities=2  rejected_samples=5442  backward_samples=5442  max_delta_error_ms=30.478
=== done ===
