Godot Engine v4.6.3.stable.mono.official.7d41c59c4 - https://godotengine.org

WwiseGodot: (LOG) Sound engine initialized successfully.
WwiseGodot: (LOG) WwiseGodot: Wwise(R) SDK v2025.1.9 Build 9197.
[AUDIO  ] wwise_spike=started  playing_id=1
[AUDIO  ] wwise_spike=running  duration_seconds=900.0  evidence=C:\Users\Tim\Development\Godot\rhythm-game-prototype\spikes\wwise\evidence\editor/wwise-timing-2026-08-19T13-43-49
[TIMING ] wwise_callback=sync_point  position_beats=0.009  error_ms=4.000
[TIMING ] wwise_callback=sync_point  position_beats=0.009  error_ms=4.000
[TIMING ] wwise_callback=entry  position_beats=0.009  error_ms=4.000
[TIMING ] wwise_callback=bar  position_beats=0.009  error_ms=4.000
[TIMING ] wwise_callback=beat  position_beats=0.009  error_ms=4.000
[TIMING ] wwise_callback=grid  position_beats=0.009  error_ms=4.000
[TIMING ] wwise_callback=beat  position_beats=0.981  error_ms=5.000
[TIMING ] wwise_callback=grid  position_beats=0.981  error_ms=5.000
[TIMING ] wwise_callback=beat  position_beats=1.998  error_ms=5.000
[TIMING ] wwise_callback=grid  position_beats=1.998  error_ms=5.000
[TIMING ] wwise_callback=beat  position_beats=2.966  error_ms=4.000
[TIMING ] wwise_callback=grid  position_beats=2.966  error_ms=4.000
[TIMING ] wwise_callback=bar  position_beats=3.980  error_ms=2.000
[TIMING ] wwise_callback=beat  position_beats=3.980  error_ms=2.000
[TIMING ] wwise_callback=grid  position_beats=3.980  error_ms=2.000
[TIMING ] wwise_callback=beat  position_beats=4.996  error_ms=2.000
[TIMING ] wwise_callback=grid  position_beats=4.996  error_ms=2.000
[TIMING ] wwise_callback=beat  position_beats=5.963  error_ms=0.000
[TIMING ] wwise_callback=grid  position_beats=5.963  error_ms=0.000
[TIMING ] wwise_callback=beat  position_beats=6.992  error_ms=6.000
[TIMING ] wwise_callback=grid  position_beats=6.992  error_ms=6.000
[TIMING ] wwise_callback=bar  position_beats=8.008  error_ms=5.000
[TIMING ] wwise_callback=beat  position_beats=8.008  error_ms=5.000
[TIMING ] wwise_callback=grid  position_beats=8.008  error_ms=5.000
[TIMING ] wwise_callback=beat  position_beats=8.968  error_ms=0.000
[TIMING ] wwise_callback=grid  position_beats=8.968  error_ms=0.000
[TIMING ] wwise_callback=beat  position_beats=9.997  error_ms=6.000
[TIMING ] wwise_callback=grid  position_beats=9.997  error_ms=6.000
[TIMING ] wwise_callback=beat  position_beats=10.965  error_ms=5.000
[TIMING ] wwise_callback=grid  position_beats=10.965  error_ms=5.000
[TIMING ] wwise_callback=bar  position_beats=11.975  error_ms=2.000
[TIMING ] wwise_callback=beat  position_beats=11.975  error_ms=2.000
[TIMING ] wwise_callback=grid  position_beats=11.975  error_ms=2.000
[TIMING ] wwise_callback=beat  position_beats=12.991  error_ms=1.000
[TIMING ] wwise_callback=grid  position_beats=12.991  error_ms=1.000
[TIMING ] wwise_callback=beat  position_beats=13.962  error_ms=1.000
[TIMING ] wwise_callback=grid  position_beats=13.962  error_ms=1.000
[TIMING ] wwise_callback=beat  position_beats=14.989  error_ms=6.000
[TIMING ] wwise_callback=grid  position_beats=14.989  error_ms=6.000
[AUDIO  ] arrangement=layer  enabled=true  requested_at=16.003
[TIMING ] wwise_callback=bar  position_beats=16.003  error_ms=5.000
[TIMING ] wwise_callback=beat  position_beats=16.003  error_ms=5.000
[TIMING ] wwise_callback=grid  position_beats=16.003  error_ms=5.000
[TIMING ] wwise_callback=beat  position_beats=16.976  error_ms=4.000
[TIMING ] wwise_callback=grid  position_beats=16.976  error_ms=4.000
[TIMING ] wwise_callback=beat  position_beats=17.994  error_ms=6.000
[TIMING ] wwise_callback=grid  position_beats=17.994  error_ms=6.000
[TIMING ] wwise_callback=beat  position_beats=19.008  error_ms=5.000
[TIMING ] wwise_callback=grid  position_beats=19.008  error_ms=5.000
[TIMING ] wwise_callback=bar  position_beats=19.977  error_ms=4.000
[TIMING ] wwise_callback=beat  position_beats=19.977  error_ms=4.000
[TIMING ] wwise_callback=grid  position_beats=19.977  error_ms=4.000
[TIMING ] wwise_callback=beat  position_beats=20.991  error_ms=3.000
[TIMING ] wwise_callback=grid  position_beats=20.991  error_ms=3.000
[TIMING ] wwise_callback=beat  position_beats=21.959  error_ms=2.000
[TIMING ] wwise_callback=grid  position_beats=21.959  error_ms=2.000
[TIMING ] wwise_callback=beat  position_beats=22.973  error_ms=0.000
[TIMING ] wwise_callback=grid  position_beats=22.973  error_ms=0.000
[TIMING ] wwise_callback=bar  position_beats=23.989  error_ms=0.000
[TIMING ] wwise_callback=beat  position_beats=23.989  error_ms=0.000
[TIMING ] wwise_callback=grid  position_beats=23.989  error_ms=0.000
[TIMING ] wwise_callback=beat  position_beats=24.975  error_ms=5.000
[TIMING ] wwise_callback=grid  position_beats=24.975  error_ms=5.000
[TIMING ] wwise_callback=beat  position_beats=25.989  error_ms=5.000
[TIMING ] wwise_callback=grid  position_beats=25.989  error_ms=5.000
[TIMING ] wwise_callback=beat  position_beats=26.994  error_ms=0.000
[TIMING ] wwise_callback=grid  position_beats=26.994  error_ms=0.000
[TIMING ] wwise_callback=bar  position_beats=27.976  error_ms=5.000
[TIMING ] wwise_callback=beat  position_beats=27.976  error_ms=5.000
[TIMING ] wwise_callback=grid  position_beats=27.976  error_ms=5.000
[TIMING ] wwise_callback=beat  position_beats=28.992  error_ms=5.000
[TIMING ] wwise_callback=grid  position_beats=28.992  error_ms=5.000
[TIMING ] wwise_callback=beat  position_beats=30.006  error_ms=4.000
[TIMING ] wwise_callback=grid  position_beats=30.006  error_ms=4.000
[TIMING ] wwise_callback=beat  position_beats=30.972  error_ms=2.000
[TIMING ] wwise_callback=grid  position_beats=30.972  error_ms=2.000
[AUDIO  ] arrangement=transition  section=alternate  requested_at=32.004
[TIMING ] wwise_segment=wrapped  segment_ms=14769.000  elapsed_ms=14769.000
[TIMING ] wwise_callback=beat  position_beats=32.955  error_ms=0.000
[TIMING ] wwise_callback=grid  position_beats=32.955  error_ms=0.000
[TIMING ] wwise_callback=beat  position_beats=33.988  error_ms=6.000
[TIMING ] wwise_callback=grid  position_beats=33.988  error_ms=6.000
[TIMING ] wwise_callback=beat  position_beats=35.004  error_ms=5.000
[TIMING ] wwise_callback=grid  position_beats=35.004  error_ms=5.000
[TIMING ] wwise_callback=bar  position_beats=35.960  error_ms=0.000
[TIMING ] wwise_callback=beat  position_beats=35.960  error_ms=0.000
[TIMING ] wwise_callback=grid  position_beats=35.960  error_ms=0.000
[TIMING ] wwise_callback=beat  position_beats=36.989  error_ms=6.000
[TIMING ] wwise_callback=grid  position_beats=36.989  error_ms=6.000
[TIMING ] wwise_callback=beat  position_beats=38.005  error_ms=5.000
[TIMING ] wwise_callback=grid  position_beats=38.005  error_ms=5.000
[TIMING ] wwise_callback=beat  position_beats=38.974  error_ms=4.000
[TIMING ] wwise_callback=grid  position_beats=38.974  error_ms=4.000
[TIMING ] wwise_callback=bar  position_beats=39.988  error_ms=3.000
[TIMING ] wwise_callback=beat  position_beats=39.988  error_ms=3.000
[TIMING ] wwise_callback=grid  position_beats=39.988  error_ms=3.000
[TIMING ] wwise_callback=beat  position_beats=41.002  error_ms=2.000
[TIMING ] wwise_callback=grid  position_beats=41.002  error_ms=2.000
[TIMING ] wwise_callback=beat  position_beats=41.968  error_ms=0.000
[TIMING ] wwise_callback=grid  position_beats=41.968  error_ms=0.000
[TIMING ] wwise_callback=beat  position_beats=42.989  error_ms=0.000
[TIMING ] wwise_callback=grid  position_beats=42.989  error_ms=0.000
[TIMING ] wwise_callback=bar  position_beats=43.959  error_ms=1.000
[TIMING ] wwise_callback=beat  position_beats=43.959  error_ms=1.000
[TIMING ] wwise_callback=grid  position_beats=43.959  error_ms=1.000
[TIMING ] wwise_callback=beat  position_beats=44.973  error_ms=0.000
[TIMING ] wwise_callback=grid  position_beats=44.973  error_ms=0.000
[TIMING ] wwise_callback=beat  position_beats=45.989  error_ms=0.000
[TIMING ] wwise_callback=grid  position_beats=45.989  error_ms=0.000
[TIMING ] wwise_callback=beat  position_beats=46.971  error_ms=5.000
[TIMING ] wwise_callback=grid  position_beats=46.971  error_ms=5.000
[TIMING ] wwise_callback=bar  position_beats=47.987  error_ms=4.000
[TIMING ] wwise_callback=beat  position_beats=47.987  error_ms=4.000
[TIMING ] wwise_callback=grid  position_beats=47.987  error_ms=4.000
[AUDIO  ] arrangement=layer  enabled=false  requested_at=48.002
[TIMING ] wwise_callback=beat  position_beats=49.005  error_ms=5.000
[TIMING ] wwise_callback=grid  position_beats=49.005  error_ms=5.000
[TIMING ] wwise_callback=beat  position_beats=49.969  error_ms=2.000
[TIMING ] wwise_callback=grid  position_beats=49.969  error_ms=2.000
[TIMING ] wwise_callback=beat  position_beats=50.983  error_ms=1.000
[TIMING ] wwise_callback=grid  position_beats=50.983  error_ms=1.000
[TIMING ] wwise_callback=bar  position_beats=52.002  error_ms=0.000
[TIMING ] wwise_callback=beat  position_beats=52.002  error_ms=0.000
[TIMING ] wwise_callback=grid  position_beats=52.002  error_ms=0.000
[TIMING ] wwise_callback=beat  position_beats=52.975  error_ms=2.000
[TIMING ] wwise_callback=grid  position_beats=52.975  error_ms=2.000
[TIMING ] wwise_callback=beat  position_beats=53.989  error_ms=1.000
[TIMING ] wwise_callback=grid  position_beats=53.989  error_ms=1.000
[TIMING ] wwise_callback=beat  position_beats=54.957  error_ms=0.000
[TIMING ] wwise_callback=grid  position_beats=54.957  error_ms=0.000
[TIMING ] wwise_callback=bar  position_beats=55.986  error_ms=6.000
[TIMING ] wwise_callback=beat  position_beats=55.986  error_ms=6.000
[TIMING ] wwise_callback=grid  position_beats=55.986  error_ms=6.000
[TIMING ] wwise_callback=beat  position_beats=57.002  error_ms=5.000
[TIMING ] wwise_callback=grid  position_beats=57.002  error_ms=5.000
[TIMING ] wwise_callback=beat  position_beats=57.971  error_ms=4.000
[TIMING ] wwise_callback=grid  position_beats=57.971  error_ms=4.000
[TIMING ] wwise_callback=beat  position_beats=58.985  error_ms=3.000
[TIMING ] wwise_callback=grid  position_beats=58.985  error_ms=3.000
[TIMING ] wwise_callback=bar  position_beats=59.999  error_ms=2.000
[TIMING ] wwise_callback=beat  position_beats=59.999  error_ms=2.000
[TIMING ] wwise_callback=grid  position_beats=59.999  error_ms=2.000
[TIMING ] wwise_callback=beat  position_beats=60.974  error_ms=4.000
[TIMING ] wwise_callback=grid  position_beats=60.974  error_ms=4.000
[TIMING ] wwise_callback=beat  position_beats=61.990  error_ms=3.000
[TIMING ] wwise_callback=grid  position_beats=61.990  error_ms=3.000
[TIMING ] wwise_callback=beat  position_beats=62.956  error_ms=1.000
[TIMING ] wwise_callback=grid  position_beats=62.956  error_ms=1.000
[AUDIO  ] arrangement=transition  section=loop  requested_at=64.003
[TIMING ] wwise_segment=wrapped  segment_ms=14769.000  elapsed_ms=29538.000
[TIMING ] wwise_callback=beat  position_beats=64.987  error_ms=0.000
[TIMING ] wwise_callback=grid  position_beats=64.987  error_ms=0.000
[TIMING ] wwise_callback=beat  position_beats=65.968  error_ms=5.000
[TIMING ] wwise_callback=grid  position_beats=65.968  error_ms=5.000
[TIMING ] wwise_callback=beat  position_beats=66.984  error_ms=4.000
[TIMING ] wwise_callback=grid  position_beats=66.984  error_ms=4.000
[TIMING ] wwise_callback=bar  position_beats=67.998  error_ms=3.000
[TIMING ] wwise_callback=beat  position_beats=67.998  error_ms=3.000
[TIMING ] wwise_callback=grid  position_beats=67.998  error_ms=3.000
[TIMING ] wwise_callback=beat  position_beats=68.971  error_ms=2.000
[TIMING ] wwise_callback=grid  position_beats=68.971  error_ms=2.000
[TIMING ] wwise_callback=beat  position_beats=69.987  error_ms=4.000
[TIMING ] wwise_callback=grid  position_beats=69.987  error_ms=4.000
[TIMING ] wwise_callback=beat  position_beats=71.003  error_ms=3.000
[TIMING ] wwise_callback=grid  position_beats=71.003  error_ms=3.000
[TIMING ] wwise_callback=bar  position_beats=71.972  error_ms=2.000
[TIMING ] wwise_callback=beat  position_beats=71.972  error_ms=2.000
[TIMING ] wwise_callback=grid  position_beats=71.972  error_ms=2.000
[TIMING ] wwise_callback=beat  position_beats=72.986  error_ms=1.000
[TIMING ] wwise_callback=grid  position_beats=72.986  error_ms=1.000
[TIMING ] wwise_callback=beat  position_beats=73.954  error_ms=0.000
[TIMING ] wwise_callback=grid  position_beats=73.954  error_ms=0.000
[TIMING ] wwise_callback=beat  position_beats=74.983  error_ms=6.000
[TIMING ] wwise_callback=grid  position_beats=74.983  error_ms=6.000
[TIMING ] wwise_callback=bar  position_beats=76.000  error_ms=5.000
[TIMING ] wwise_callback=beat  position_beats=76.000  error_ms=5.000
[TIMING ] wwise_callback=grid  position_beats=76.000  error_ms=5.000
[TIMING ] wwise_callback=beat  position_beats=76.968  error_ms=3.000
[TIMING ] wwise_callback=grid  position_beats=76.968  error_ms=3.000
[TIMING ] wwise_callback=beat  position_beats=77.986  error_ms=4.000
[TIMING ] wwise_callback=grid  position_beats=77.986  error_ms=4.000
[TIMING ] wwise_callback=beat  position_beats=79.003  error_ms=5.000
[TIMING ] wwise_callback=grid  position_beats=79.003  error_ms=5.000
[TIMING ] wwise_callback=bar  position_beats=79.969  error_ms=3.000
[TIMING ] wwise_callback=beat  position_beats=79.969  error_ms=3.000
[TIMING ] wwise_callback=grid  position_beats=79.969  error_ms=3.000
[AUDIO  ] arrangement=layer  enabled=true  requested_at=80.001
[TIMING ] wwise_callback=beat  position_beats=80.987  error_ms=3.000
[TIMING ] wwise_callback=grid  position_beats=80.987  error_ms=3.000
[TIMING ] wwise_callback=beat  position_beats=82.001  error_ms=2.000
[TIMING ] wwise_callback=grid  position_beats=82.001  error_ms=2.000
[TIMING ] wwise_callback=beat  position_beats=82.968  error_ms=0.000
[TIMING ] wwise_callback=grid  position_beats=82.968  error_ms=0.000
[TIMING ] wwise_callback=bar  position_beats=83.984  error_ms=0.000
[TIMING ] wwise_callback=beat  position_beats=83.984  error_ms=0.000
[TIMING ] wwise_callback=grid  position_beats=83.984  error_ms=0.000
[TIMING ] wwise_callback=beat  position_beats=84.965  error_ms=5.000
[TIMING ] wwise_callback=grid  position_beats=84.965  error_ms=5.000
[TIMING ] wwise_callback=beat  position_beats=85.984  error_ms=4.000
[TIMING ] wwise_callback=grid  position_beats=85.984  error_ms=4.000
[TIMING ] wwise_callback=beat  position_beats=87.000  error_ms=4.000
[TIMING ] wwise_callback=grid  position_beats=87.000  error_ms=4.000
[TIMING ] wwise_callback=bar  position_beats=87.970  error_ms=5.000
[TIMING ] wwise_callback=beat  position_beats=87.970  error_ms=5.000
[TIMING ] wwise_callback=grid  position_beats=87.970  error_ms=5.000
[TIMING ] wwise_callback=beat  position_beats=88.987  error_ms=5.000
[TIMING ] wwise_callback=grid  position_beats=88.987  error_ms=5.000
[TIMING ] wwise_callback=beat  position_beats=90.003  error_ms=4.000
[TIMING ] wwise_callback=grid  position_beats=90.003  error_ms=4.000
[TIMING ] wwise_callback=beat  position_beats=90.978  error_ms=6.000
[TIMING ] wwise_callback=grid  position_beats=90.978  error_ms=6.000
[TIMING ] wwise_callback=bar  position_beats=91.998  error_ms=8.000
[TIMING ] wwise_callback=beat  position_beats=91.998  error_ms=8.000
[TIMING ] wwise_callback=grid  position_beats=91.998  error_ms=8.000
[TIMING ] wwise_callback=beat  position_beats=92.999  error_ms=1.000
[TIMING ] wwise_callback=grid  position_beats=92.999  error_ms=1.000
[TIMING ] wwise_callback=beat  position_beats=93.981  error_ms=6.000
[TIMING ] wwise_callback=grid  position_beats=93.981  error_ms=6.000
[TIMING ] wwise_callback=beat  position_beats=94.999  error_ms=5.000
[TIMING ] wwise_callback=grid  position_beats=94.999  error_ms=5.000
[AUDIO  ] arrangement=transition  section=alternate  requested_at=96.002
[TIMING ] wwise_segment=wrapped  segment_ms=14769.000  elapsed_ms=44307.000
[TIMING ] wwise_callback=beat  position_beats=96.986  error_ms=6.000
[TIMING ] wwise_callback=grid  position_beats=96.986  error_ms=6.000
[TIMING ] wwise_callback=beat  position_beats=98.000  error_ms=5.000
[TIMING ] wwise_callback=grid  position_beats=98.000  error_ms=5.000
[TIMING ] wwise_callback=beat  position_beats=98.968  error_ms=4.000
[TIMING ] wwise_callback=grid  position_beats=98.968  error_ms=4.000
[TIMING ] wwise_callback=bar  position_beats=99.976  error_ms=0.000
[TIMING ] wwise_callback=beat  position_beats=99.976  error_ms=0.000
[TIMING ] wwise_callback=grid  position_beats=99.976  error_ms=0.000
[TIMING ] wwise_callback=beat  position_beats=100.998  error_ms=2.000
[TIMING ] wwise_callback=grid  position_beats=100.998  error_ms=2.000
[TIMING ] wwise_callback=beat  position_beats=101.967  error_ms=1.000
[TIMING ] wwise_callback=grid  position_beats=101.967  error_ms=1.000
[TIMING ] wwise_callback=beat  position_beats=102.981  error_ms=0.000
[TIMING ] wwise_callback=grid  position_beats=102.981  error_ms=0.000
[TIMING ] wwise_callback=bar  position_beats=104.014  error_ms=6.000
[TIMING ] wwise_callback=beat  position_beats=104.014  error_ms=6.000
[TIMING ] wwise_callback=grid  position_beats=104.014  error_ms=6.000
[TIMING ] wwise_callback=beat  position_beats=104.970  error_ms=1.000
[TIMING ] wwise_callback=grid  position_beats=104.970  error_ms=1.000
[TIMING ] wwise_callback=beat  position_beats=105.986  error_ms=0.000
[TIMING ] wwise_callback=grid  position_beats=105.986  error_ms=0.000
[TIMING ] wwise_callback=beat  position_beats=106.968  error_ms=5.000
[TIMING ] wwise_callback=grid  position_beats=106.968  error_ms=5.000
[TIMING ] wwise_callback=bar  position_beats=107.982  error_ms=4.000
[TIMING ] wwise_callback=beat  position_beats=107.982  error_ms=4.000
[TIMING ] wwise_callback=grid  position_beats=107.982  error_ms=4.000
[TIMING ] wwise_callback=beat  position_beats=108.998  error_ms=4.000
[TIMING ] wwise_callback=grid  position_beats=108.998  error_ms=4.000
[TIMING ] wwise_callback=beat  position_beats=109.964  error_ms=2.000
[TIMING ] wwise_callback=grid  position_beats=109.964  error_ms=2.000
[TIMING ] wwise_callback=beat  position_beats=110.980  error_ms=1.000
[TIMING ] wwise_callback=grid  position_beats=110.980  error_ms=1.000
[TIMING ] wwise_callback=bar  position_beats=111.996  error_ms=1.000
[TIMING ] wwise_callback=beat  position_beats=111.996  error_ms=1.000
[TIMING ] wwise_callback=grid  position_beats=111.996  error_ms=1.000
[AUDIO  ] arrangement=layer  enabled=false  requested_at=112.009
[TIMING ] wwise_callback=beat  position_beats=112.969  error_ms=2.000
[TIMING ] wwise_callback=grid  position_beats=112.969  error_ms=2.000
[TIMING ] wwise_callback=beat  position_beats=113.983  error_ms=1.000
[TIMING ] wwise_callback=grid  position_beats=113.983  error_ms=1.000
[TIMING ] wwise_callback=beat  position_beats=114.954  error_ms=1.000
[TIMING ] wwise_callback=grid  position_beats=114.954  error_ms=1.000
[TIMING ] wwise_callback=bar  position_beats=115.972  error_ms=1.000
[TIMING ] wwise_callback=beat  position_beats=115.972  error_ms=1.000
[TIMING ] wwise_callback=grid  position_beats=115.972  error_ms=1.000
[TIMING ] wwise_callback=beat  position_beats=116.997  error_ms=5.000
[TIMING ] wwise_callback=grid  position_beats=116.997  error_ms=5.000
[TIMING ] wwise_callback=beat  position_beats=117.966  error_ms=4.000
[TIMING ] wwise_callback=grid  position_beats=117.966  error_ms=4.000
[TIMING ] wwise_callback=beat  position_beats=118.980  error_ms=3.000
[TIMING ] wwise_callback=grid  position_beats=118.980  error_ms=3.000
[TIMING ] wwise_callback=bar  position_beats=119.996  error_ms=2.000
[TIMING ] wwise_callback=beat  position_beats=119.996  error_ms=2.000
[TIMING ] wwise_callback=grid  position_beats=119.996  error_ms=2.000
[TIMING ] wwise_callback=beat  position_beats=120.966  error_ms=0.000
[TIMING ] wwise_callback=grid  position_beats=120.966  error_ms=0.000
[TIMING ] wwise_callback=beat  position_beats=121.985  error_ms=3.000
[TIMING ] wwise_callback=grid  position_beats=121.985  error_ms=3.000
[TIMING ] wwise_callback=beat  position_beats=123.009  error_ms=7.000
[TIMING ] wwise_callback=grid  position_beats=123.009  error_ms=7.000
[TIMING ] wwise_callback=bar  position_beats=123.967  error_ms=1.000
[TIMING ] wwise_callback=beat  position_beats=123.967  error_ms=1.000
[TIMING ] wwise_callback=grid  position_beats=123.967  error_ms=1.000
[TIMING ] wwise_callback=beat  position_beats=124.983  error_ms=0.000
[TIMING ] wwise_callback=grid  position_beats=124.983  error_ms=0.000
[TIMING ] wwise_callback=beat  position_beats=125.965  error_ms=5.000
[TIMING ] wwise_callback=grid  position_beats=125.965  error_ms=5.000
[TIMING ] wwise_callback=beat  position_beats=126.979  error_ms=4.000
[TIMING ] wwise_callback=grid  position_beats=126.979  error_ms=4.000
[AUDIO  ] arrangement=transition  section=loop  requested_at=128.008
[TIMING ] wwise_segment=wrapped  segment_ms=14769.000  elapsed_ms=59076.000
[TIMING ] wwise_callback=beat  position_beats=128.966  error_ms=2.000
[TIMING ] wwise_callback=grid  position_beats=128.966  error_ms=2.000
[TIMING ] wwise_callback=beat  position_beats=129.980  error_ms=1.000
[TIMING ] wwise_callback=grid  position_beats=129.980  error_ms=1.000
[TIMING ] wwise_callback=beat  position_beats=131.000  error_ms=4.000
[TIMING ] wwise_callback=grid  position_beats=131.000  error_ms=4.000
[TIMING ] wwise_callback=bar  position_beats=131.966  error_ms=2.000
[TIMING ] wwise_callback=beat  position_beats=131.966  error_ms=2.000
[TIMING ] wwise_callback=grid  position_beats=131.966  error_ms=2.000
[TIMING ] wwise_callback=beat  position_beats=132.980  error_ms=1.000
[TIMING ] wwise_callback=grid  position_beats=132.980  error_ms=1.000
[TIMING ] wwise_callback=beat  position_beats=133.997  error_ms=1.000
[TIMING ] wwise_callback=grid  position_beats=133.997  error_ms=1.000
[TIMING ] wwise_callback=beat  position_beats=134.978  error_ms=6.000
[TIMING ] wwise_callback=grid  position_beats=134.978  error_ms=6.000
[TIMING ] wwise_callback=bar  position_beats=135.990  error_ms=3.000
[TIMING ] wwise_callback=beat  position_beats=135.990  error_ms=3.000
[TIMING ] wwise_callback=grid  position_beats=135.990  error_ms=3.000
[TIMING ] wwise_callback=beat  position_beats=136.958  error_ms=2.000
[TIMING ] wwise_callback=grid  position_beats=136.958  error_ms=2.000
[TIMING ] wwise_callback=beat  position_beats=137.977  error_ms=1.000
[TIMING ] wwise_callback=grid  position_beats=137.977  error_ms=1.000
[TIMING ] wwise_callback=beat  position_beats=138.991  error_ms=1.000
[TIMING ] wwise_callback=grid  position_beats=138.991  error_ms=1.000
[TIMING ] wwise_callback=bar  position_beats=139.961  error_ms=2.000
[TIMING ] wwise_callback=beat  position_beats=139.961  error_ms=2.000
[TIMING ] wwise_callback=grid  position_beats=139.961  error_ms=2.000
[TIMING ] wwise_callback=beat  position_beats=140.978  error_ms=1.000
[TIMING ] wwise_callback=grid  position_beats=140.978  error_ms=1.000
[TIMING ] wwise_callback=beat  position_beats=141.992  error_ms=0.000
[TIMING ] wwise_callback=grid  position_beats=141.992  error_ms=0.000
[TIMING ] wwise_callback=beat  position_beats=142.973  error_ms=5.000
[TIMING ] wwise_callback=grid  position_beats=142.973  error_ms=5.000
[TIMING ] wwise_callback=bar  position_beats=143.989  error_ms=5.000
[TIMING ] wwise_callback=beat  position_beats=143.989  error_ms=5.000
[TIMING ] wwise_callback=grid  position_beats=143.989  error_ms=5.000
[AUDIO  ] arrangement=layer  enabled=true  requested_at=144.004
[TIMING ] wwise_callback=beat  position_beats=145.005  error_ms=4.000
[TIMING ] wwise_callback=grid  position_beats=145.005  error_ms=4.000
[TIMING ] wwise_callback=beat  position_beats=145.972  error_ms=2.000
[TIMING ] wwise_callback=grid  position_beats=145.972  error_ms=2.000
[TIMING ] wwise_callback=beat  position_beats=146.994  error_ms=2.000
[TIMING ] wwise_callback=grid  position_beats=146.994  error_ms=2.000
[TIMING ] wwise_callback=bar  position_beats=147.961  error_ms=3.000
[TIMING ] wwise_callback=beat  position_beats=147.961  error_ms=3.000
[TIMING ] wwise_callback=grid  position_beats=147.961  error_ms=3.000
[TIMING ] wwise_callback=beat  position_beats=148.975  error_ms=2.000
[TIMING ] wwise_callback=grid  position_beats=148.975  error_ms=2.000
[TIMING ] wwise_callback=beat  position_beats=149.993  error_ms=2.000
[TIMING ] wwise_callback=grid  position_beats=149.993  error_ms=2.000
[TIMING ] wwise_callback=beat  position_beats=150.961  error_ms=1.000
[TIMING ] wwise_callback=grid  position_beats=150.961  error_ms=1.000
[TIMING ] wwise_callback=bar  position_beats=151.988  error_ms=6.000
[TIMING ] wwise_callback=beat  position_beats=151.988  error_ms=6.000
[TIMING ] wwise_callback=grid  position_beats=151.988  error_ms=6.000
[TIMING ] wwise_callback=beat  position_beats=153.005  error_ms=6.000
[TIMING ] wwise_callback=grid  position_beats=153.005  error_ms=6.000
[TIMING ] wwise_callback=beat  position_beats=153.971  error_ms=4.000
[TIMING ] wwise_callback=grid  position_beats=153.971  error_ms=4.000
[TIMING ] wwise_callback=beat  position_beats=154.987  error_ms=3.000
[TIMING ] wwise_callback=grid  position_beats=154.987  error_ms=3.000
[TIMING ] wwise_callback=bar  position_beats=156.008  error_ms=2.000
[TIMING ] wwise_callback=beat  position_beats=156.008  error_ms=2.000
[TIMING ] wwise_callback=grid  position_beats=156.008  error_ms=2.000
[TIMING ] wwise_callback=beat  position_beats=156.976  error_ms=4.000
[TIMING ] wwise_callback=grid  position_beats=156.976  error_ms=4.000
[TIMING ] wwise_callback=beat  position_beats=157.992  error_ms=4.000
[TIMING ] wwise_callback=grid  position_beats=157.992  error_ms=4.000
[TIMING ] wwise_callback=beat  position_beats=158.959  error_ms=2.000
[TIMING ] wwise_callback=grid  position_beats=158.959  error_ms=2.000
[AUDIO  ] arrangement=transition  section=alternate  requested_at=160.005
[TIMING ] wwise_segment=wrapped  segment_ms=14769.000  elapsed_ms=73845.000
[TIMING ] wwise_callback=beat  position_beats=160.989  error_ms=0.000
[TIMING ] wwise_callback=grid  position_beats=160.989  error_ms=0.000
[TIMING ] wwise_callback=beat  position_beats=161.972  error_ms=6.000
[TIMING ] wwise_callback=grid  position_beats=161.972  error_ms=6.000
[TIMING ] wwise_callback=beat  position_beats=162.986  error_ms=5.000
[TIMING ] wwise_callback=grid  position_beats=162.986  error_ms=5.000
[TIMING ] wwise_callback=bar  position_beats=164.003  error_ms=4.000
[TIMING ] wwise_callback=beat  position_beats=164.003  error_ms=4.000
[TIMING ] wwise_callback=grid  position_beats=164.003  error_ms=4.000
[TIMING ] wwise_callback=beat  position_beats=164.978  error_ms=6.000
[TIMING ] wwise_callback=grid  position_beats=164.978  error_ms=6.000
[TIMING ] wwise_callback=beat  position_beats=165.992  error_ms=5.000
[TIMING ] wwise_callback=grid  position_beats=165.992  error_ms=5.000
[TIMING ] wwise_callback=beat  position_beats=167.001  error_ms=23.000
[TIMING ] wwise_callback=grid  position_beats=167.001  error_ms=23.000
[TIMING ] wwise_callback=bar  position_beats=167.976  error_ms=4.000
[TIMING ] wwise_callback=beat  position_beats=167.976  error_ms=4.000
[TIMING ] wwise_callback=grid  position_beats=167.976  error_ms=4.000
[TIMING ] wwise_callback=beat  position_beats=168.992  error_ms=3.000
[TIMING ] wwise_callback=grid  position_beats=168.992  error_ms=3.000
[TIMING ] wwise_callback=beat  position_beats=169.961  error_ms=2.000
[TIMING ] wwise_callback=grid  position_beats=169.961  error_ms=2.000
[TIMING ] wwise_callback=beat  position_beats=170.975  error_ms=1.000
[TIMING ] wwise_callback=grid  position_beats=170.975  error_ms=1.000
[TIMING ] wwise_callback=bar  position_beats=171.989  error_ms=0.000
[TIMING ] wwise_callback=beat  position_beats=171.989  error_ms=0.000
[TIMING ] wwise_callback=grid  position_beats=171.989  error_ms=0.000
[TIMING ] wwise_callback=beat  position_beats=172.977  error_ms=6.000
[TIMING ] wwise_callback=grid  position_beats=172.977  error_ms=6.000
[TIMING ] wwise_callback=beat  position_beats=173.980  error_ms=1.000
[TIMING ] wwise_callback=grid  position_beats=173.980  error_ms=1.000
[TIMING ] wwise_callback=beat  position_beats=174.994  error_ms=0.000
[TIMING ] wwise_callback=grid  position_beats=174.994  error_ms=0.000
[TIMING ] wwise_callback=bar  position_beats=175.978  error_ms=6.000
[TIMING ] wwise_callback=beat  position_beats=175.978  error_ms=6.000
[TIMING ] wwise_callback=grid  position_beats=175.978  error_ms=6.000
[AUDIO  ] arrangement=layer  enabled=false  requested_at=176.006
[TIMING ] wwise_callback=beat  position_beats=176.992  error_ms=5.000
[TIMING ] wwise_callback=grid  position_beats=176.992  error_ms=5.000
[TIMING ] wwise_callback=beat  position_beats=177.964  error_ms=6.000
[TIMING ] wwise_callback=grid  position_beats=177.964  error_ms=6.000
[TIMING ] wwise_callback=beat  position_beats=178.974  error_ms=2.000
[TIMING ] wwise_callback=grid  position_beats=178.974  error_ms=2.000
[TIMING ] wwise_callback=bar  position_beats=179.990  error_ms=2.000
[TIMING ] wwise_callback=beat  position_beats=179.990  error_ms=2.000
[TIMING ] wwise_callback=grid  position_beats=179.990  error_ms=2.000
[TIMING ] wwise_callback=beat  position_beats=180.961  error_ms=0.000
[TIMING ] wwise_callback=grid  position_beats=180.961  error_ms=0.000
[TIMING ] wwise_callback=beat  position_beats=181.990  error_ms=6.000
[TIMING ] wwise_callback=grid  position_beats=181.990  error_ms=6.000
[TIMING ] wwise_callback=beat  position_beats=182.995  error_ms=2.000
[TIMING ] wwise_callback=grid  position_beats=182.995  error_ms=2.000
[TIMING ] wwise_callback=bar  position_beats=183.962  error_ms=0.000
[TIMING ] wwise_callback=beat  position_beats=183.962  error_ms=0.000
[TIMING ] wwise_callback=grid  position_beats=183.962  error_ms=0.000
[TIMING ] wwise_callback=beat  position_beats=184.991  error_ms=6.000
[TIMING ] wwise_callback=grid  position_beats=184.991  error_ms=6.000
[TIMING ] wwise_callback=beat  position_beats=186.007  error_ms=6.000
[TIMING ] wwise_callback=grid  position_beats=186.007  error_ms=6.000
[TIMING ] wwise_callback=beat  position_beats=186.973  error_ms=4.000
[TIMING ] wwise_callback=grid  position_beats=186.973  error_ms=4.000
[TIMING ] wwise_callback=bar  position_beats=187.990  error_ms=3.000
[TIMING ] wwise_callback=beat  position_beats=187.990  error_ms=3.000
[TIMING ] wwise_callback=grid  position_beats=187.990  error_ms=3.000
[TIMING ] wwise_callback=beat  position_beats=188.960  error_ms=3.000
[TIMING ] wwise_callback=grid  position_beats=188.960  error_ms=3.000
[TIMING ] wwise_callback=beat  position_beats=189.976  error_ms=1.000
[TIMING ] wwise_callback=grid  position_beats=189.976  error_ms=1.000
[TIMING ] wwise_callback=beat  position_beats=190.988  error_ms=0.000
[TIMING ] wwise_callback=grid  position_beats=190.988  error_ms=0.000
[TIMING ] wwise_segment=wrapped  segment_ms=14769.000  elapsed_ms=88614.000
[AUDIO  ] arrangement=transition  section=loop  requested_at=192.007
[TIMING ] wwise_callback=beat  position_beats=192.977  error_ms=2.000
[TIMING ] wwise_callback=grid  position_beats=192.977  error_ms=2.000
[TIMING ] wwise_callback=beat  position_beats=193.995  error_ms=2.000
[TIMING ] wwise_callback=grid  position_beats=193.995  error_ms=2.000
[TIMING ] wwise_callback=beat  position_beats=194.973  error_ms=5.000
[TIMING ] wwise_callback=grid  position_beats=194.973  error_ms=5.000
[TIMING ] wwise_callback=bar  position_beats=195.989  error_ms=5.000
[TIMING ] wwise_callback=beat  position_beats=195.989  error_ms=5.000
[TIMING ] wwise_callback=grid  position_beats=195.989  error_ms=5.000
[TIMING ] wwise_callback=beat  position_beats=196.994  error_ms=0.000
[TIMING ] wwise_callback=grid  position_beats=196.994  error_ms=0.000
[TIMING ] wwise_callback=beat  position_beats=197.969  error_ms=2.000
[TIMING ] wwise_callback=grid  position_beats=197.969  error_ms=2.000
[TIMING ] wwise_callback=beat  position_beats=198.990  error_ms=2.000
[TIMING ] wwise_callback=grid  position_beats=198.990  error_ms=2.000
[TIMING ] wwise_callback=bar  position_beats=199.960  error_ms=3.000
[TIMING ] wwise_callback=beat  position_beats=199.960  error_ms=3.000
[TIMING ] wwise_callback=grid  position_beats=199.960  error_ms=3.000
[TIMING ] wwise_callback=beat  position_beats=200.974  error_ms=2.000
[TIMING ] wwise_callback=grid  position_beats=200.974  error_ms=2.000
[TIMING ] wwise_callback=beat  position_beats=201.988  error_ms=1.000
[TIMING ] wwise_callback=grid  position_beats=201.988  error_ms=1.000
[TIMING ] wwise_callback=beat  position_beats=202.957  error_ms=0.000
[TIMING ] wwise_callback=grid  position_beats=202.957  error_ms=0.000
[TIMING ] wwise_callback=bar  position_beats=203.988  error_ms=6.000
[TIMING ] wwise_callback=beat  position_beats=203.988  error_ms=6.000
[TIMING ] wwise_callback=grid  position_beats=203.988  error_ms=6.000
[TIMING ] wwise_callback=beat  position_beats=205.004  error_ms=6.000
[TIMING ] wwise_callback=grid  position_beats=205.004  error_ms=6.000
[TIMING ] wwise_callback=beat  position_beats=205.971  error_ms=4.000
[TIMING ] wwise_callback=grid  position_beats=205.971  error_ms=4.000
[TIMING ] wwise_callback=beat  position_beats=206.985  error_ms=3.000
[TIMING ] wwise_callback=grid  position_beats=206.985  error_ms=3.000
[AUDIO  ] arrangement=layer  enabled=true  requested_at=208.003
[TIMING ] wwise_callback=bar  position_beats=208.003  error_ms=2.000
[TIMING ] wwise_callback=beat  position_beats=208.003  error_ms=2.000
[TIMING ] wwise_callback=grid  position_beats=208.003  error_ms=2.000
[TIMING ] wwise_callback=beat  position_beats=208.976  error_ms=4.000
[TIMING ] wwise_callback=grid  position_beats=208.976  error_ms=4.000
[TIMING ] wwise_callback=beat  position_beats=209.990  error_ms=3.000
[TIMING ] wwise_callback=grid  position_beats=209.990  error_ms=3.000
[TIMING ] wwise_callback=beat  position_beats=210.958  error_ms=2.000
[TIMING ] wwise_callback=grid  position_beats=210.958  error_ms=2.000
[TIMING ] wwise_callback=bar  position_beats=211.972  error_ms=1.000
[TIMING ] wwise_callback=beat  position_beats=211.972  error_ms=1.000
[TIMING ] wwise_callback=grid  position_beats=211.972  error_ms=1.000
[TIMING ] wwise_callback=beat  position_beats=212.988  error_ms=0.000
[TIMING ] wwise_callback=grid  position_beats=212.988  error_ms=0.000
[TIMING ] wwise_callback=beat  position_beats=213.970  error_ms=5.000
[TIMING ] wwise_callback=grid  position_beats=213.970  error_ms=5.000
[TIMING ] wwise_callback=beat  position_beats=214.986  error_ms=5.000
[TIMING ] wwise_callback=grid  position_beats=214.986  error_ms=5.000
[TIMING ] wwise_callback=bar  position_beats=216.000  error_ms=4.000
[TIMING ] wwise_callback=beat  position_beats=216.000  error_ms=4.000
[TIMING ] wwise_callback=grid  position_beats=216.000  error_ms=4.000
[TIMING ] wwise_callback=beat  position_beats=216.973  error_ms=5.000
[TIMING ] wwise_callback=grid  position_beats=216.973  error_ms=5.000
[TIMING ] wwise_callback=beat  position_beats=217.991  error_ms=5.000
[TIMING ] wwise_callback=grid  position_beats=217.991  error_ms=5.000
[TIMING ] wwise_callback=beat  position_beats=218.957  error_ms=3.000
[TIMING ] wwise_callback=grid  position_beats=218.957  error_ms=3.000
[TIMING ] wwise_callback=bar  position_beats=219.971  error_ms=2.000
[TIMING ] wwise_callback=beat  position_beats=219.971  error_ms=2.000
[TIMING ] wwise_callback=grid  position_beats=219.971  error_ms=2.000
[TIMING ] wwise_callback=beat  position_beats=220.990  error_ms=3.000
[TIMING ] wwise_callback=grid  position_beats=220.990  error_ms=3.000
[TIMING ] wwise_callback=beat  position_beats=221.956  error_ms=1.000
[TIMING ] wwise_callback=grid  position_beats=221.956  error_ms=1.000
[TIMING ] wwise_callback=beat  position_beats=222.974  error_ms=1.000
[TIMING ] wwise_callback=grid  position_beats=222.974  error_ms=1.000
[AUDIO  ] arrangement=transition  section=alternate  requested_at=224.004
[TIMING ] wwise_segment=wrapped  segment_ms=14769.000  elapsed_ms=103383.000
[TIMING ] wwise_callback=beat  position_beats=224.972  error_ms=5.000
[TIMING ] wwise_callback=grid  position_beats=224.972  error_ms=5.000
[TIMING ] wwise_callback=beat  position_beats=225.977  error_ms=1.000
[TIMING ] wwise_callback=grid  position_beats=225.977  error_ms=1.000
[TIMING ] wwise_callback=beat  position_beats=226.991  error_ms=0.000
[TIMING ] wwise_callback=grid  position_beats=226.991  error_ms=0.000
[TIMING ] wwise_callback=bar  position_beats=227.973  error_ms=5.000
[TIMING ] wwise_callback=beat  position_beats=227.973  error_ms=5.000
[TIMING ] wwise_callback=grid  position_beats=227.973  error_ms=5.000
[TIMING ] wwise_callback=beat  position_beats=228.989  error_ms=4.000
[TIMING ] wwise_callback=grid  position_beats=228.989  error_ms=4.000
[TIMING ] wwise_callback=beat  position_beats=229.958  error_ms=3.000
[TIMING ] wwise_callback=grid  position_beats=229.958  error_ms=3.000
[TIMING ] wwise_callback=beat  position_beats=230.972  error_ms=2.000
[TIMING ] wwise_callback=grid  position_beats=230.972  error_ms=2.000
[TIMING ] wwise_callback=bar  position_beats=231.986  error_ms=1.000
[TIMING ] wwise_callback=beat  position_beats=231.986  error_ms=1.000
[TIMING ] wwise_callback=grid  position_beats=231.986  error_ms=1.000
[TIMING ] wwise_callback=beat  position_beats=232.958  error_ms=0.000
[TIMING ] wwise_callback=grid  position_beats=232.958  error_ms=0.000
[TIMING ] wwise_callback=beat  position_beats=233.988  error_ms=6.000
[TIMING ] wwise_callback=grid  position_beats=233.988  error_ms=6.000
[TIMING ] wwise_callback=beat  position_beats=234.991  error_ms=1.000
[TIMING ] wwise_callback=grid  position_beats=234.991  error_ms=1.000
[TIMING ] wwise_callback=bar  position_beats=235.959  error_ms=0.000
[TIMING ] wwise_callback=beat  position_beats=235.959  error_ms=0.000
[TIMING ] wwise_callback=grid  position_beats=235.959  error_ms=0.000
[TIMING ] wwise_callback=beat  position_beats=236.988  error_ms=6.000
[TIMING ] wwise_callback=grid  position_beats=236.988  error_ms=6.000
[TIMING ] wwise_callback=beat  position_beats=238.005  error_ms=5.000
[TIMING ] wwise_callback=grid  position_beats=238.005  error_ms=5.000
[TIMING ] wwise_callback=beat  position_beats=238.973  error_ms=4.000
[TIMING ] wwise_callback=grid  position_beats=238.973  error_ms=4.000
[TIMING ] wwise_callback=bar  position_beats=239.987  error_ms=3.000
[TIMING ] wwise_callback=beat  position_beats=239.987  error_ms=3.000
[TIMING ] wwise_callback=grid  position_beats=239.987  error_ms=3.000
[AUDIO  ] arrangement=layer  enabled=false  requested_at=240.002
[TIMING ] wwise_callback=beat  position_beats=240.953  error_ms=1.000
[TIMING ] wwise_callback=grid  position_beats=240.953  error_ms=1.000
[TIMING ] wwise_callback=beat  position_beats=241.974  error_ms=0.000
[TIMING ] wwise_callback=grid  position_beats=241.974  error_ms=0.000
[TIMING ] wwise_callback=beat  position_beats=242.988  error_ms=0.000
[TIMING ] wwise_callback=grid  position_beats=242.988  error_ms=0.000
[TIMING ] wwise_callback=bar  position_beats=243.958  error_ms=1.000
[TIMING ] wwise_callback=beat  position_beats=243.958  error_ms=1.000
[TIMING ] wwise_callback=grid  position_beats=243.958  error_ms=1.000
[TIMING ] wwise_callback=beat  position_beats=244.975  error_ms=1.000
[TIMING ] wwise_callback=grid  position_beats=244.975  error_ms=1.000
[TIMING ] wwise_callback=beat  position_beats=245.989  error_ms=0.000
[TIMING ] wwise_callback=grid  position_beats=245.989  error_ms=0.000
[TIMING ] wwise_callback=beat  position_beats=246.970  error_ms=5.000
[TIMING ] wwise_callback=grid  position_beats=246.970  error_ms=5.000
[TIMING ] wwise_callback=bar  position_beats=247.986  error_ms=4.000
[TIMING ] wwise_callback=beat  position_beats=247.986  error_ms=4.000
[TIMING ] wwise_callback=grid  position_beats=247.986  error_ms=4.000
[TIMING ] wwise_callback=beat  position_beats=249.002  error_ms=4.000
[TIMING ] wwise_callback=grid  position_beats=249.002  error_ms=4.000
[TIMING ] wwise_callback=beat  position_beats=249.969  error_ms=2.000
[TIMING ] wwise_callback=grid  position_beats=249.969  error_ms=2.000
[TIMING ] wwise_callback=beat  position_beats=250.987  error_ms=1.000
[TIMING ] wwise_callback=grid  position_beats=250.987  error_ms=1.000
[TIMING ] wwise_callback=bar  position_beats=251.958  error_ms=3.000
[TIMING ] wwise_callback=beat  position_beats=251.958  error_ms=3.000
[TIMING ] wwise_callback=grid  position_beats=251.958  error_ms=3.000
[TIMING ] wwise_callback=beat  position_beats=252.974  error_ms=2.000
[TIMING ] wwise_callback=grid  position_beats=252.974  error_ms=2.000
[TIMING ] wwise_callback=beat  position_beats=253.988  error_ms=1.000
[TIMING ] wwise_callback=grid  position_beats=253.988  error_ms=1.000
[TIMING ] wwise_callback=beat  position_beats=254.956  error_ms=0.000
[TIMING ] wwise_callback=grid  position_beats=254.956  error_ms=0.000
[AUDIO  ] arrangement=transition  section=loop  requested_at=256.001
[TIMING ] wwise_segment=wrapped  segment_ms=14769.000  elapsed_ms=118152.000
[TIMING ] wwise_callback=beat  position_beats=257.002  error_ms=5.000
[TIMING ] wwise_callback=grid  position_beats=257.002  error_ms=5.000
[TIMING ] wwise_callback=beat  position_beats=257.970  error_ms=4.000
[TIMING ] wwise_callback=grid  position_beats=257.970  error_ms=4.000
[TIMING ] wwise_callback=beat  position_beats=258.984  error_ms=3.000
[TIMING ] wwise_callback=grid  position_beats=258.984  error_ms=3.000
[TIMING ] wwise_callback=bar  position_beats=260.003  error_ms=2.000
[TIMING ] wwise_callback=beat  position_beats=260.003  error_ms=2.000
[TIMING ] wwise_callback=grid  position_beats=260.003  error_ms=2.000
[TIMING ] wwise_callback=beat  position_beats=260.973  error_ms=4.000
[TIMING ] wwise_callback=grid  position_beats=260.973  error_ms=4.000
[TIMING ] wwise_callback=beat  position_beats=261.989  error_ms=3.000
[TIMING ] wwise_callback=grid  position_beats=261.989  error_ms=3.000
[TIMING ] wwise_callback=beat  position_beats=262.956  error_ms=1.000
[TIMING ] wwise_callback=grid  position_beats=262.956  error_ms=1.000
[TIMING ] wwise_callback=bar  position_beats=263.972  error_ms=1.000
[TIMING ] wwise_callback=beat  position_beats=263.972  error_ms=1.000
[TIMING ] wwise_callback=grid  position_beats=263.972  error_ms=1.000
[TIMING ] wwise_callback=beat  position_beats=264.986  error_ms=0.000
[TIMING ] wwise_callback=grid  position_beats=264.986  error_ms=0.000
[TIMING ] wwise_callback=beat  position_beats=265.967  error_ms=5.000
[TIMING ] wwise_callback=grid  position_beats=265.967  error_ms=5.000
[TIMING ] wwise_callback=beat  position_beats=266.983  error_ms=4.000
[TIMING ] wwise_callback=grid  position_beats=266.983  error_ms=4.000
[TIMING ] wwise_callback=bar  position_beats=267.997  error_ms=3.000
[TIMING ] wwise_callback=beat  position_beats=267.997  error_ms=3.000
[TIMING ] wwise_callback=grid  position_beats=267.997  error_ms=3.000
[TIMING ] wwise_callback=beat  position_beats=268.972  error_ms=5.000
[TIMING ] wwise_callback=grid  position_beats=268.972  error_ms=5.000
[TIMING ] wwise_callback=beat  position_beats=269.986  error_ms=4.000
[TIMING ] wwise_callback=grid  position_beats=269.986  error_ms=4.000
[TIMING ] wwise_callback=beat  position_beats=270.955  error_ms=3.000
[TIMING ] wwise_callback=grid  position_beats=270.955  error_ms=3.000
[TIMING ] wwise_callback=bar  position_beats=271.971  error_ms=2.000
[TIMING ] wwise_callback=beat  position_beats=271.971  error_ms=2.000
[TIMING ] wwise_callback=grid  position_beats=271.971  error_ms=2.000
[AUDIO  ] arrangement=layer  enabled=true  requested_at=272.001
[TIMING ] wwise_callback=beat  position_beats=272.985  error_ms=1.000
[TIMING ] wwise_callback=grid  position_beats=272.985  error_ms=1.000
[TIMING ] wwise_callback=beat  position_beats=273.956  error_ms=1.000
[TIMING ] wwise_callback=grid  position_beats=273.956  error_ms=1.000
[TIMING ] wwise_callback=beat  position_beats=274.983  error_ms=6.000
[TIMING ] wwise_callback=grid  position_beats=274.983  error_ms=6.000
[TIMING ] wwise_callback=bar  position_beats=275.999  error_ms=5.000
[TIMING ] wwise_callback=beat  position_beats=275.999  error_ms=5.000
[TIMING ] wwise_callback=grid  position_beats=275.999  error_ms=5.000
[TIMING ] wwise_callback=beat  position_beats=276.970  error_ms=3.000
[TIMING ] wwise_callback=grid  position_beats=276.970  error_ms=3.000
[TIMING ] wwise_callback=beat  position_beats=277.988  error_ms=6.000
[TIMING ] wwise_callback=grid  position_beats=277.988  error_ms=6.000
[TIMING ] wwise_callback=beat  position_beats=279.002  error_ms=5.000
[TIMING ] wwise_callback=grid  position_beats=279.002  error_ms=5.000
[TIMING ] wwise_callback=bar  position_beats=279.970  error_ms=4.000
[TIMING ] wwise_callback=beat  position_beats=279.970  error_ms=4.000
[TIMING ] wwise_callback=grid  position_beats=279.970  error_ms=4.000
[TIMING ] wwise_callback=beat  position_beats=280.987  error_ms=3.000
[TIMING ] wwise_callback=grid  position_beats=280.987  error_ms=3.000
[TIMING ] wwise_callback=beat  position_beats=281.953  error_ms=1.000
[TIMING ] wwise_callback=grid  position_beats=281.953  error_ms=1.000
[TIMING ] wwise_callback=beat  position_beats=282.967  error_ms=0.000
[TIMING ] wwise_callback=grid  position_beats=282.967  error_ms=0.000
[TIMING ] wwise_callback=bar  position_beats=283.983  error_ms=0.000
[TIMING ] wwise_callback=beat  position_beats=283.983  error_ms=0.000
[TIMING ] wwise_callback=grid  position_beats=283.983  error_ms=0.000
[TIMING ] wwise_callback=beat  position_beats=284.969  error_ms=5.000
[TIMING ] wwise_callback=grid  position_beats=284.969  error_ms=5.000
[TIMING ] wwise_callback=beat  position_beats=285.983  error_ms=4.000
[TIMING ] wwise_callback=grid  position_beats=285.983  error_ms=4.000
[TIMING ] wwise_callback=beat  position_beats=286.988  error_ms=0.000
[TIMING ] wwise_callback=grid  position_beats=286.988  error_ms=0.000
[AUDIO  ] arrangement=transition  section=alternate  requested_at=288.000
[TIMING ] wwise_segment=wrapped  segment_ms=14769.000  elapsed_ms=132921.000
[TIMING ] wwise_callback=beat  position_beats=288.984  error_ms=4.000
[TIMING ] wwise_callback=grid  position_beats=288.984  error_ms=4.000
[TIMING ] wwise_callback=beat  position_beats=290.000  error_ms=4.000
[TIMING ] wwise_callback=grid  position_beats=290.000  error_ms=4.000
[TIMING ] wwise_callback=beat  position_beats=290.966  error_ms=2.000
[TIMING ] wwise_callback=grid  position_beats=290.966  error_ms=2.000
[TIMING ] wwise_callback=bar  position_beats=291.982  error_ms=1.000
[TIMING ] wwise_callback=beat  position_beats=291.982  error_ms=1.000
[TIMING ] wwise_callback=grid  position_beats=291.982  error_ms=1.000
[TIMING ] wwise_callback=beat  position_beats=292.951  error_ms=0.000
[TIMING ] wwise_callback=grid  position_beats=292.951  error_ms=0.000
[TIMING ] wwise_callback=beat  position_beats=293.984  error_ms=6.000
[TIMING ] wwise_callback=grid  position_beats=293.984  error_ms=6.000
[TIMING ] wwise_callback=beat  position_beats=294.998  error_ms=5.000
[TIMING ] wwise_callback=grid  position_beats=294.998  error_ms=5.000
[TIMING ] wwise_callback=bar  position_beats=295.954  error_ms=0.000
[TIMING ] wwise_callback=beat  position_beats=295.954  error_ms=0.000
[TIMING ] wwise_callback=grid  position_beats=295.954  error_ms=0.000
[TIMING ] wwise_callback=beat  position_beats=296.985  error_ms=6.000
[TIMING ] wwise_callback=grid  position_beats=296.985  error_ms=6.000
[TIMING ] wwise_callback=beat  position_beats=297.999  error_ms=5.000
[TIMING ] wwise_callback=grid  position_beats=297.999  error_ms=5.000
[TIMING ] wwise_callback=beat  position_beats=298.965  error_ms=3.000
[TIMING ] wwise_callback=grid  position_beats=298.965  error_ms=3.000
[TIMING ] wwise_callback=bar  position_beats=299.982  error_ms=3.000
[TIMING ] wwise_callback=beat  position_beats=299.982  error_ms=3.000
[TIMING ] wwise_callback=grid  position_beats=299.982  error_ms=3.000
[TIMING ] wwise_callback=beat  position_beats=300.998  error_ms=2.000
[TIMING ] wwise_callback=grid  position_beats=300.998  error_ms=2.000
[TIMING ] wwise_callback=beat  position_beats=301.964  error_ms=0.000
[TIMING ] wwise_callback=grid  position_beats=301.964  error_ms=0.000
[TIMING ] wwise_callback=beat  position_beats=302.985  error_ms=0.000
[TIMING ] wwise_callback=grid  position_beats=302.985  error_ms=0.000
[TIMING ] wwise_callback=bar  position_beats=303.953  error_ms=1.000
[TIMING ] wwise_callback=beat  position_beats=303.953  error_ms=1.000
[TIMING ] wwise_callback=grid  position_beats=303.953  error_ms=1.000
[AUDIO  ] arrangement=layer  enabled=false  requested_at=304.014
[TIMING ] wwise_callback=beat  position_beats=304.967  error_ms=0.000
[TIMING ] wwise_callback=grid  position_beats=304.967  error_ms=0.000
[TIMING ] wwise_callback=beat  position_beats=305.988  error_ms=1.000
[TIMING ] wwise_callback=grid  position_beats=305.988  error_ms=1.000
[TIMING ] wwise_callback=beat  position_beats=306.965  error_ms=4.000
[TIMING ] wwise_callback=grid  position_beats=306.965  error_ms=4.000
[TIMING ] wwise_callback=bar  position_beats=307.979  error_ms=3.000
[TIMING ] wwise_callback=beat  position_beats=307.979  error_ms=3.000
[TIMING ] wwise_callback=grid  position_beats=307.979  error_ms=3.000
[TIMING ] wwise_callback=beat  position_beats=308.993  error_ms=2.000
[TIMING ] wwise_callback=grid  position_beats=308.993  error_ms=2.000
[TIMING ] wwise_callback=beat  position_beats=309.966  error_ms=3.000
[TIMING ] wwise_callback=grid  position_beats=309.966  error_ms=3.000
[TIMING ] wwise_callback=beat  position_beats=310.982  error_ms=2.000
[TIMING ] wwise_callback=grid  position_beats=310.982  error_ms=2.000
[TIMING ] wwise_callback=bar  position_beats=312.000  error_ms=1.000
[TIMING ] wwise_callback=beat  position_beats=312.000  error_ms=1.000
[TIMING ] wwise_callback=grid  position_beats=312.000  error_ms=1.000
[TIMING ] wwise_callback=beat  position_beats=312.971  error_ms=3.000
[TIMING ] wwise_callback=grid  position_beats=312.971  error_ms=3.000
[TIMING ] wwise_callback=beat  position_beats=313.985  error_ms=2.000
[TIMING ] wwise_callback=grid  position_beats=313.985  error_ms=2.000
[TIMING ] wwise_callback=beat  position_beats=314.953  error_ms=1.000
[TIMING ] wwise_callback=grid  position_beats=314.953  error_ms=1.000
[TIMING ] wwise_callback=bar  position_beats=315.969  error_ms=0.000
[TIMING ] wwise_callback=beat  position_beats=315.969  error_ms=0.000
[TIMING ] wwise_callback=grid  position_beats=315.969  error_ms=0.000
[TIMING ] wwise_callback=beat  position_beats=316.998  error_ms=6.000
[TIMING ] wwise_callback=grid  position_beats=316.998  error_ms=6.000
[TIMING ] wwise_callback=beat  position_beats=317.967  error_ms=5.000
[TIMING ] wwise_callback=grid  position_beats=317.967  error_ms=5.000
[TIMING ] wwise_callback=beat  position_beats=318.981  error_ms=4.000
[TIMING ] wwise_callback=grid  position_beats=318.981  error_ms=4.000
[AUDIO  ] arrangement=transition  section=loop  requested_at=320.012
[TIMING ] wwise_segment=wrapped  segment_ms=14769.000  elapsed_ms=147690.000
[TIMING ] wwise_callback=beat  position_beats=320.970  error_ms=5.000
[TIMING ] wwise_callback=grid  position_beats=320.970  error_ms=5.000
[TIMING ] wwise_callback=beat  position_beats=321.986  error_ms=4.000
[TIMING ] wwise_callback=grid  position_beats=321.986  error_ms=4.000
[TIMING ] wwise_callback=beat  position_beats=322.952  error_ms=2.000
[TIMING ] wwise_callback=grid  position_beats=322.952  error_ms=2.000
[TIMING ] wwise_callback=bar  position_beats=323.966  error_ms=1.000
[TIMING ] wwise_callback=beat  position_beats=323.966  error_ms=1.000
[TIMING ] wwise_callback=grid  position_beats=323.966  error_ms=1.000
[TIMING ] wwise_callback=beat  position_beats=324.983  error_ms=1.000
[TIMING ] wwise_callback=grid  position_beats=324.983  error_ms=1.000
[TIMING ] wwise_callback=beat  position_beats=325.964  error_ms=6.000
[TIMING ] wwise_callback=grid  position_beats=325.964  error_ms=6.000
[TIMING ] wwise_callback=beat  position_beats=326.980  error_ms=5.000
[TIMING ] wwise_callback=grid  position_beats=326.980  error_ms=5.000
[TIMING ] wwise_callback=bar  position_beats=327.994  error_ms=4.000
[TIMING ] wwise_callback=beat  position_beats=327.994  error_ms=4.000
[TIMING ] wwise_callback=grid  position_beats=327.994  error_ms=4.000
[TIMING ] wwise_callback=beat  position_beats=328.967  error_ms=3.000
[TIMING ] wwise_callback=grid  position_beats=328.967  error_ms=3.000
[TIMING ] wwise_callback=beat  position_beats=329.983  error_ms=5.000
[TIMING ] wwise_callback=grid  position_beats=329.983  error_ms=5.000
[TIMING ] wwise_callback=beat  position_beats=330.999  error_ms=4.000
[TIMING ] wwise_callback=grid  position_beats=330.999  error_ms=4.000
[TIMING ] wwise_callback=bar  position_beats=331.968  error_ms=3.000
[TIMING ] wwise_callback=beat  position_beats=331.968  error_ms=3.000
[TIMING ] wwise_callback=grid  position_beats=331.968  error_ms=3.000
[TIMING ] wwise_callback=beat  position_beats=332.982  error_ms=2.000
[TIMING ] wwise_callback=grid  position_beats=332.982  error_ms=2.000
[TIMING ] wwise_callback=beat  position_beats=333.950  error_ms=1.000
[TIMING ] wwise_callback=grid  position_beats=333.950  error_ms=1.000
[TIMING ] wwise_callback=beat  position_beats=334.964  error_ms=0.000
[TIMING ] wwise_callback=grid  position_beats=334.964  error_ms=0.000
[TIMING ] wwise_callback=bar  position_beats=335.996  error_ms=6.000
[TIMING ] wwise_callback=beat  position_beats=335.996  error_ms=6.000
[TIMING ] wwise_callback=grid  position_beats=335.996  error_ms=6.000
[AUDIO  ] arrangement=layer  enabled=true  requested_at=336.011
[TIMING ] wwise_callback=beat  position_beats=336.966  error_ms=5.000
[TIMING ] wwise_callback=grid  position_beats=336.966  error_ms=5.000
[TIMING ] wwise_callback=beat  position_beats=337.974  error_ms=2.000
[TIMING ] wwise_callback=grid  position_beats=337.974  error_ms=2.000
[TIMING ] wwise_callback=beat  position_beats=338.999  error_ms=6.000
[TIMING ] wwise_callback=grid  position_beats=338.999  error_ms=6.000
[TIMING ] wwise_callback=bar  position_beats=339.967  error_ms=5.000
[TIMING ] wwise_callback=beat  position_beats=339.967  error_ms=5.000
[TIMING ] wwise_callback=grid  position_beats=339.967  error_ms=5.000
[TIMING ] wwise_callback=beat  position_beats=340.983  error_ms=4.000
[TIMING ] wwise_callback=grid  position_beats=340.983  error_ms=4.000
[TIMING ] wwise_callback=beat  position_beats=341.997  error_ms=3.000
[TIMING ] wwise_callback=grid  position_beats=341.997  error_ms=3.000
[TIMING ] wwise_callback=beat  position_beats=342.964  error_ms=1.000
[TIMING ] wwise_callback=grid  position_beats=342.964  error_ms=1.000
[TIMING ] wwise_callback=bar  position_beats=343.980  error_ms=1.000
[TIMING ] wwise_callback=beat  position_beats=343.980  error_ms=1.000
[TIMING ] wwise_callback=grid  position_beats=343.980  error_ms=1.000
[TIMING ] wwise_callback=beat  position_beats=344.961  error_ms=6.000
[TIMING ] wwise_callback=grid  position_beats=344.961  error_ms=6.000
[TIMING ] wwise_callback=beat  position_beats=345.971  error_ms=1.000
[TIMING ] wwise_callback=grid  position_beats=345.971  error_ms=1.000
[TIMING ] wwise_callback=beat  position_beats=346.985  error_ms=0.000
[TIMING ] wwise_callback=grid  position_beats=346.985  error_ms=0.000
[TIMING ] wwise_callback=bar  position_beats=347.953  error_ms=0.000
[TIMING ] wwise_callback=beat  position_beats=347.953  error_ms=0.000
[TIMING ] wwise_callback=grid  position_beats=347.953  error_ms=0.000
[TIMING ] wwise_callback=beat  position_beats=348.970  error_ms=0.000
[TIMING ] wwise_callback=grid  position_beats=348.970  error_ms=0.000
[TIMING ] wwise_callback=beat  position_beats=350.001  error_ms=6.000
[TIMING ] wwise_callback=grid  position_beats=350.001  error_ms=6.000
[TIMING ] wwise_callback=beat  position_beats=350.967  error_ms=4.000
[TIMING ] wwise_callback=grid  position_beats=350.967  error_ms=4.000
[AUDIO  ] arrangement=transition  section=alternate  requested_at=352.012
[TIMING ] wwise_segment=wrapped  segment_ms=14769.000  elapsed_ms=162459.000
[TIMING ] wwise_callback=beat  position_beats=352.997  error_ms=3.000
[TIMING ] wwise_callback=grid  position_beats=352.997  error_ms=3.000
[TIMING ] wwise_callback=beat  position_beats=353.964  error_ms=1.000
[TIMING ] wwise_callback=grid  position_beats=353.964  error_ms=1.000
[TIMING ] wwise_callback=beat  position_beats=354.982  error_ms=0.000
[TIMING ] wwise_callback=grid  position_beats=354.982  error_ms=0.000
[TIMING ] wwise_callback=bar  position_beats=355.953  error_ms=2.000
[TIMING ] wwise_callback=beat  position_beats=355.953  error_ms=2.000
[TIMING ] wwise_callback=grid  position_beats=355.953  error_ms=2.000
[TIMING ] wwise_callback=beat  position_beats=356.969  error_ms=1.000
[TIMING ] wwise_callback=grid  position_beats=356.969  error_ms=1.000
[TIMING ] wwise_callback=beat  position_beats=357.983  error_ms=0.000
[TIMING ] wwise_callback=grid  position_beats=357.983  error_ms=0.000
[TIMING ] wwise_callback=beat  position_beats=358.967  error_ms=6.000
[TIMING ] wwise_callback=grid  position_beats=358.967  error_ms=6.000
[TIMING ] wwise_callback=bar  position_beats=359.981  error_ms=5.000
[TIMING ] wwise_callback=beat  position_beats=359.981  error_ms=5.000
[TIMING ] wwise_callback=grid  position_beats=359.981  error_ms=5.000
[TIMING ] wwise_callback=beat  position_beats=360.997  error_ms=4.000
[TIMING ] wwise_callback=grid  position_beats=360.997  error_ms=4.000
[TIMING ] wwise_callback=beat  position_beats=361.967  error_ms=4.000
[TIMING ] wwise_callback=grid  position_beats=361.967  error_ms=4.000
[TIMING ] wwise_callback=beat  position_beats=362.979  error_ms=2.000
[TIMING ] wwise_callback=grid  position_beats=362.979  error_ms=2.000
[TIMING ] wwise_callback=bar  position_beats=364.006  error_ms=5.000
[TIMING ] wwise_callback=beat  position_beats=364.006  error_ms=5.000
[TIMING ] wwise_callback=grid  position_beats=364.006  error_ms=5.000
[TIMING ] wwise_callback=beat  position_beats=364.968  error_ms=3.000
[TIMING ] wwise_callback=grid  position_beats=364.968  error_ms=3.000
[TIMING ] wwise_callback=beat  position_beats=365.984  error_ms=2.000
[TIMING ] wwise_callback=grid  position_beats=365.984  error_ms=2.000
[TIMING ] wwise_callback=beat  position_beats=366.953  error_ms=1.000
[TIMING ] wwise_callback=grid  position_beats=366.953  error_ms=1.000
[TIMING ] wwise_callback=bar  position_beats=367.967  error_ms=0.000
[TIMING ] wwise_callback=beat  position_beats=367.967  error_ms=0.000
[TIMING ] wwise_callback=grid  position_beats=367.967  error_ms=0.000
[AUDIO  ] arrangement=layer  enabled=false  requested_at=368.014
[TIMING ] wwise_callback=beat  position_beats=368.996  error_ms=6.000
[TIMING ] wwise_callback=grid  position_beats=368.996  error_ms=6.000
[TIMING ] wwise_callback=beat  position_beats=369.967  error_ms=6.000
[TIMING ] wwise_callback=grid  position_beats=369.967  error_ms=6.000
[TIMING ] wwise_callback=beat  position_beats=370.981  error_ms=4.000
[TIMING ] wwise_callback=grid  position_beats=370.981  error_ms=4.000
[TIMING ] wwise_callback=bar  position_beats=371.995  error_ms=3.000
[TIMING ] wwise_callback=beat  position_beats=371.995  error_ms=3.000
[TIMING ] wwise_callback=grid  position_beats=371.995  error_ms=3.000
[TIMING ] wwise_callback=beat  position_beats=372.970  error_ms=5.000
[TIMING ] wwise_callback=grid  position_beats=372.970  error_ms=5.000
[TIMING ] wwise_callback=beat  position_beats=373.984  error_ms=4.000
[TIMING ] wwise_callback=grid  position_beats=373.984  error_ms=4.000
[TIMING ] wwise_callback=beat  position_beats=374.952  error_ms=3.000
[TIMING ] wwise_callback=grid  position_beats=374.952  error_ms=3.000
[TIMING ] wwise_callback=bar  position_beats=375.968  error_ms=2.000
[TIMING ] wwise_callback=beat  position_beats=375.968  error_ms=2.000
[TIMING ] wwise_callback=grid  position_beats=375.968  error_ms=2.000
[TIMING ] wwise_callback=beat  position_beats=376.982  error_ms=1.000
[TIMING ] wwise_callback=grid  position_beats=376.982  error_ms=1.000
[TIMING ] wwise_callback=beat  position_beats=377.951  error_ms=0.000
[TIMING ] wwise_callback=grid  position_beats=377.951  error_ms=0.000
[TIMING ] wwise_callback=beat  position_beats=378.967  error_ms=0.000
[TIMING ] wwise_callback=grid  position_beats=378.967  error_ms=0.000
[TIMING ] wwise_callback=bar  position_beats=379.998  error_ms=6.000
[TIMING ] wwise_callback=beat  position_beats=379.998  error_ms=6.000
[TIMING ] wwise_callback=grid  position_beats=379.998  error_ms=6.000
[TIMING ] wwise_callback=beat  position_beats=380.969  error_ms=4.000
[TIMING ] wwise_callback=grid  position_beats=380.969  error_ms=4.000
[TIMING ] wwise_callback=beat  position_beats=381.985  error_ms=6.000
[TIMING ] wwise_callback=grid  position_beats=381.985  error_ms=6.000
[TIMING ] wwise_callback=beat  position_beats=383.001  error_ms=6.000
[TIMING ] wwise_callback=grid  position_beats=383.001  error_ms=6.000
[TIMING ] wwise_segment=wrapped  segment_ms=14769.000  elapsed_ms=177228.000
[AUDIO  ] arrangement=transition  section=loop  requested_at=384.017
[TIMING ] wwise_callback=beat  position_beats=384.984  error_ms=3.000
[TIMING ] wwise_callback=grid  position_beats=384.984  error_ms=3.000
[TIMING ] wwise_callback=beat  position_beats=385.952  error_ms=2.000
[TIMING ] wwise_callback=grid  position_beats=385.952  error_ms=2.000
[TIMING ] wwise_callback=beat  position_beats=386.966  error_ms=1.000
[TIMING ] wwise_callback=grid  position_beats=386.966  error_ms=1.000
[TIMING ] wwise_callback=bar  position_beats=387.980  error_ms=0.000
[TIMING ] wwise_callback=beat  position_beats=387.980  error_ms=0.000
[TIMING ] wwise_callback=grid  position_beats=387.980  error_ms=0.000
[TIMING ] wwise_callback=beat  position_beats=388.953  error_ms=0.000
[TIMING ] wwise_callback=grid  position_beats=388.953  error_ms=0.000
[TIMING ] wwise_callback=beat  position_beats=389.982  error_ms=5.000
[TIMING ] wwise_callback=grid  position_beats=389.982  error_ms=5.000
[TIMING ] wwise_callback=beat  position_beats=390.985  error_ms=0.000
[TIMING ] wwise_callback=grid  position_beats=390.985  error_ms=0.000
[TIMING ] wwise_callback=bar  position_beats=391.969  error_ms=6.000
[TIMING ] wwise_callback=beat  position_beats=391.969  error_ms=6.000
[TIMING ] wwise_callback=grid  position_beats=391.969  error_ms=6.000
[TIMING ] wwise_callback=beat  position_beats=392.972  error_ms=0.000
[TIMING ] wwise_callback=grid  position_beats=392.972  error_ms=0.000
[TIMING ] wwise_callback=beat  position_beats=393.990  error_ms=0.000
[TIMING ] wwise_callback=grid  position_beats=393.990  error_ms=0.000
[TIMING ] wwise_callback=beat  position_beats=394.972  error_ms=5.000
[TIMING ] wwise_callback=grid  position_beats=394.972  error_ms=5.000
[TIMING ] wwise_callback=bar  position_beats=395.986  error_ms=4.000
[TIMING ] wwise_callback=beat  position_beats=395.986  error_ms=4.000
[TIMING ] wwise_callback=grid  position_beats=395.986  error_ms=4.000
[TIMING ] wwise_callback=beat  position_beats=396.954  error_ms=3.000
[TIMING ] wwise_callback=grid  position_beats=396.954  error_ms=3.000
[TIMING ] wwise_callback=beat  position_beats=397.973  error_ms=2.000
[TIMING ] wwise_callback=grid  position_beats=397.973  error_ms=2.000
[TIMING ] wwise_callback=beat  position_beats=398.987  error_ms=1.000
[TIMING ] wwise_callback=grid  position_beats=398.987  error_ms=1.000
[TIMING ] wwise_callback=bar  position_beats=399.960  error_ms=3.000
[TIMING ] wwise_callback=beat  position_beats=399.960  error_ms=3.000
[TIMING ] wwise_callback=grid  position_beats=399.960  error_ms=3.000
[AUDIO  ] arrangement=layer  enabled=true  requested_at=400.009
[TIMING ] wwise_callback=beat  position_beats=400.974  error_ms=2.000
[TIMING ] wwise_callback=grid  position_beats=400.974  error_ms=2.000
[TIMING ] wwise_callback=beat  position_beats=401.988  error_ms=1.000
[TIMING ] wwise_callback=grid  position_beats=401.988  error_ms=1.000
[TIMING ] wwise_callback=beat  position_beats=402.956  error_ms=0.000
[TIMING ] wwise_callback=grid  position_beats=402.956  error_ms=0.000
[TIMING ] wwise_callback=bar  position_beats=403.968  error_ms=-3.000
[TIMING ] wwise_callback=beat  position_beats=403.968  error_ms=-3.000
[TIMING ] wwise_callback=grid  position_beats=403.968  error_ms=-3.000
[TIMING ] wwise_callback=beat  position_beats=405.001  error_ms=5.000
[TIMING ] wwise_callback=grid  position_beats=405.001  error_ms=5.000
[TIMING ] wwise_callback=beat  position_beats=405.968  error_ms=3.000
[TIMING ] wwise_callback=grid  position_beats=405.968  error_ms=3.000
[TIMING ] wwise_callback=beat  position_beats=406.988  error_ms=3.000
[TIMING ] wwise_callback=grid  position_beats=406.988  error_ms=3.000
[TIMING ] wwise_callback=bar  position_beats=407.959  error_ms=5.000
[TIMING ] wwise_callback=beat  position_beats=407.959  error_ms=5.000
[TIMING ] wwise_callback=grid  position_beats=407.959  error_ms=5.000
[TIMING ] wwise_callback=beat  position_beats=408.973  error_ms=3.000
[TIMING ] wwise_callback=grid  position_beats=408.973  error_ms=3.000
[TIMING ] wwise_callback=beat  position_beats=409.993  error_ms=5.000
[TIMING ] wwise_callback=grid  position_beats=409.993  error_ms=5.000
[TIMING ] wwise_callback=beat  position_beats=410.962  error_ms=4.000
[TIMING ] wwise_callback=grid  position_beats=410.962  error_ms=4.000
[TIMING ] wwise_callback=bar  position_beats=411.976  error_ms=3.000
[TIMING ] wwise_callback=beat  position_beats=411.976  error_ms=3.000
[TIMING ] wwise_callback=grid  position_beats=411.976  error_ms=3.000
[TIMING ] wwise_callback=beat  position_beats=412.994  error_ms=3.000
[TIMING ] wwise_callback=grid  position_beats=412.994  error_ms=3.000
[TIMING ] wwise_callback=beat  position_beats=413.958  error_ms=0.000
[TIMING ] wwise_callback=grid  position_beats=413.958  error_ms=0.000
[TIMING ] wwise_callback=beat  position_beats=414.974  error_ms=0.000
[TIMING ] wwise_callback=grid  position_beats=414.974  error_ms=0.000
[AUDIO  ] arrangement=transition  section=alternate  requested_at=416.008
[TIMING ] wwise_segment=wrapped  segment_ms=14769.000  elapsed_ms=191997.000
[TIMING ] wwise_callback=beat  position_beats=416.961  error_ms=0.000
[TIMING ] wwise_callback=grid  position_beats=416.961  error_ms=0.000
[TIMING ] wwise_callback=beat  position_beats=417.977  error_ms=0.000
[TIMING ] wwise_callback=grid  position_beats=417.977  error_ms=0.000
[TIMING ] wwise_callback=beat  position_beats=418.983  error_ms=16.000
[TIMING ] wwise_callback=grid  position_beats=418.983  error_ms=16.000
[TIMING ] wwise_callback=bar  position_beats=420.044  error_ms=36.000
[TIMING ] wwise_callback=beat  position_beats=420.044  error_ms=36.000
[TIMING ] wwise_callback=grid  position_beats=420.044  error_ms=36.000
[TIMING ] wwise_callback=beat  position_beats=420.983  error_ms=0.000
[TIMING ] wwise_callback=grid  position_beats=420.983  error_ms=0.000
[TIMING ] wwise_callback=beat  position_beats=421.964  error_ms=5.000
[TIMING ] wwise_callback=grid  position_beats=421.964  error_ms=5.000
[TIMING ] wwise_callback=beat  position_beats=422.972  error_ms=1.000
[TIMING ] wwise_callback=grid  position_beats=422.972  error_ms=1.000
[TIMING ] wwise_callback=bar  position_beats=423.990  error_ms=1.000
[TIMING ] wwise_callback=beat  position_beats=423.990  error_ms=1.000
[TIMING ] wwise_callback=grid  position_beats=423.990  error_ms=1.000
[TIMING ] wwise_callback=beat  position_beats=424.965  error_ms=3.000
[TIMING ] wwise_callback=grid  position_beats=424.965  error_ms=3.000
[TIMING ] wwise_callback=beat  position_beats=425.979  error_ms=2.000
[TIMING ] wwise_callback=grid  position_beats=425.979  error_ms=2.000
[TIMING ] wwise_callback=beat  position_beats=426.945  error_ms=0.000
[TIMING ] wwise_callback=grid  position_beats=426.945  error_ms=0.000
[TIMING ] wwise_callback=bar  position_beats=427.974  error_ms=6.000
[TIMING ] wwise_callback=beat  position_beats=427.974  error_ms=6.000
[TIMING ] wwise_callback=grid  position_beats=427.974  error_ms=6.000
[TIMING ] wwise_callback=beat  position_beats=428.993  error_ms=6.000
[TIMING ] wwise_callback=grid  position_beats=428.993  error_ms=6.000
[TIMING ] wwise_callback=beat  position_beats=429.959  error_ms=4.000
[TIMING ] wwise_callback=grid  position_beats=429.959  error_ms=4.000
[TIMING ] wwise_callback=beat  position_beats=430.973  error_ms=3.000
[TIMING ] wwise_callback=grid  position_beats=430.973  error_ms=3.000
[TIMING ] wwise_callback=bar  position_beats=431.989  error_ms=3.000
[TIMING ] wwise_callback=beat  position_beats=431.989  error_ms=3.000
[TIMING ] wwise_callback=grid  position_beats=431.989  error_ms=3.000
[AUDIO  ] arrangement=layer  enabled=false  requested_at=432.002
[TIMING ] wwise_callback=beat  position_beats=432.960  error_ms=1.000
[TIMING ] wwise_callback=grid  position_beats=432.960  error_ms=1.000
[TIMING ] wwise_callback=beat  position_beats=433.978  error_ms=3.000
[TIMING ] wwise_callback=grid  position_beats=433.978  error_ms=3.000
[TIMING ] wwise_callback=beat  position_beats=434.994  error_ms=3.000
[TIMING ] wwise_callback=grid  position_beats=434.994  error_ms=3.000
[TIMING ] wwise_callback=bar  position_beats=435.961  error_ms=1.000
[TIMING ] wwise_callback=beat  position_beats=435.961  error_ms=1.000
[TIMING ] wwise_callback=grid  position_beats=435.961  error_ms=1.000
[TIMING ] wwise_callback=beat  position_beats=436.975  error_ms=0.000
[TIMING ] wwise_callback=grid  position_beats=436.975  error_ms=0.000
[TIMING ] wwise_callback=beat  position_beats=437.958  error_ms=6.000
[TIMING ] wwise_callback=grid  position_beats=437.958  error_ms=6.000
[TIMING ] wwise_callback=beat  position_beats=438.974  error_ms=5.000
[TIMING ] wwise_callback=grid  position_beats=438.974  error_ms=5.000
[TIMING ] wwise_callback=bar  position_beats=439.988  error_ms=4.000
[TIMING ] wwise_callback=beat  position_beats=439.988  error_ms=4.000
[TIMING ] wwise_callback=grid  position_beats=439.988  error_ms=4.000
[TIMING ] wwise_callback=beat  position_beats=440.961  error_ms=3.000
[TIMING ] wwise_callback=grid  position_beats=440.961  error_ms=3.000
[TIMING ] wwise_callback=beat  position_beats=441.980  error_ms=2.000
[TIMING ] wwise_callback=grid  position_beats=441.980  error_ms=2.000
[TIMING ] wwise_callback=beat  position_beats=442.994  error_ms=4.000
[TIMING ] wwise_callback=grid  position_beats=442.994  error_ms=4.000
[TIMING ] wwise_callback=bar  position_beats=443.962  error_ms=3.000
[TIMING ] wwise_callback=beat  position_beats=443.962  error_ms=3.000
[TIMING ] wwise_callback=grid  position_beats=443.962  error_ms=3.000
[TIMING ] wwise_callback=beat  position_beats=444.976  error_ms=2.000
[TIMING ] wwise_callback=grid  position_beats=444.976  error_ms=2.000
[TIMING ] wwise_callback=beat  position_beats=445.990  error_ms=1.000
[TIMING ] wwise_callback=grid  position_beats=445.990  error_ms=1.000
[TIMING ] wwise_callback=beat  position_beats=446.972  error_ms=6.000
[TIMING ] wwise_callback=grid  position_beats=446.972  error_ms=6.000
[AUDIO  ] arrangement=transition  section=loop  requested_at=448.003
[TIMING ] wwise_segment=wrapped  segment_ms=14769.000  elapsed_ms=206766.000
[TIMING ] wwise_callback=beat  position_beats=448.954  error_ms=4.000
[TIMING ] wwise_callback=grid  position_beats=448.954  error_ms=4.000
[TIMING ] wwise_callback=beat  position_beats=449.972  error_ms=3.000
[TIMING ] wwise_callback=grid  position_beats=449.972  error_ms=3.000
[TIMING ] wwise_callback=beat  position_beats=450.991  error_ms=2.000
[TIMING ] wwise_callback=grid  position_beats=450.991  error_ms=2.000
[TIMING ] wwise_callback=bar  position_beats=451.959  error_ms=4.000
[TIMING ] wwise_callback=beat  position_beats=451.959  error_ms=4.000
[TIMING ] wwise_callback=grid  position_beats=451.959  error_ms=4.000
[TIMING ] wwise_callback=beat  position_beats=452.973  error_ms=3.000
[TIMING ] wwise_callback=grid  position_beats=452.973  error_ms=3.000
[TIMING ] wwise_callback=beat  position_beats=453.989  error_ms=2.000
[TIMING ] wwise_callback=grid  position_beats=453.989  error_ms=2.000
[TIMING ] wwise_callback=beat  position_beats=454.960  error_ms=2.000
[TIMING ] wwise_callback=grid  position_beats=454.960  error_ms=2.000
[TIMING ] wwise_callback=bar  position_beats=455.974  error_ms=1.000
[TIMING ] wwise_callback=beat  position_beats=455.974  error_ms=1.000
[TIMING ] wwise_callback=grid  position_beats=455.974  error_ms=1.000
[TIMING ] wwise_callback=beat  position_beats=456.990  error_ms=1.000
[TIMING ] wwise_callback=grid  position_beats=456.990  error_ms=1.000
[TIMING ] wwise_callback=beat  position_beats=457.970  error_ms=5.000
[TIMING ] wwise_callback=grid  position_beats=457.970  error_ms=5.000
[TIMING ] wwise_callback=beat  position_beats=458.990  error_ms=5.000
[TIMING ] wwise_callback=grid  position_beats=458.990  error_ms=5.000
[TIMING ] wwise_callback=bar  position_beats=459.950  error_ms=1.000
[TIMING ] wwise_callback=beat  position_beats=459.950  error_ms=1.000
[TIMING ] wwise_callback=grid  position_beats=459.950  error_ms=1.000
[TIMING ] wwise_callback=beat  position_beats=460.975  error_ms=5.000
[TIMING ] wwise_callback=grid  position_beats=460.975  error_ms=5.000
[TIMING ] wwise_callback=beat  position_beats=461.991  error_ms=5.000
[TIMING ] wwise_callback=grid  position_beats=461.991  error_ms=5.000
[TIMING ] wwise_callback=beat  position_beats=462.957  error_ms=3.000
[TIMING ] wwise_callback=grid  position_beats=462.957  error_ms=3.000
[TIMING ] wwise_callback=bar  position_beats=463.973  error_ms=2.000
[TIMING ] wwise_callback=beat  position_beats=463.973  error_ms=2.000
[TIMING ] wwise_callback=grid  position_beats=463.973  error_ms=2.000
[AUDIO  ] arrangement=layer  enabled=true  requested_at=464.004
[TIMING ] wwise_callback=beat  position_beats=464.989  error_ms=2.000
[TIMING ] wwise_callback=grid  position_beats=464.989  error_ms=2.000
[TIMING ] wwise_callback=beat  position_beats=465.956  error_ms=0.000
[TIMING ] wwise_callback=grid  position_beats=465.956  error_ms=0.000
[TIMING ] wwise_callback=beat  position_beats=466.985  error_ms=6.000
[TIMING ] wwise_callback=grid  position_beats=466.985  error_ms=6.000
[TIMING ] wwise_callback=bar  position_beats=467.992  error_ms=0.000
[TIMING ] wwise_callback=beat  position_beats=467.992  error_ms=0.000
[TIMING ] wwise_callback=grid  position_beats=467.992  error_ms=0.000
[TIMING ] wwise_callback=beat  position_beats=468.961  error_ms=0.000
[TIMING ] wwise_callback=grid  position_beats=468.961  error_ms=0.000
[TIMING ] wwise_callback=beat  position_beats=469.990  error_ms=6.000
[TIMING ] wwise_callback=grid  position_beats=469.990  error_ms=6.000
[TIMING ] wwise_callback=beat  position_beats=470.948  error_ms=0.000
[TIMING ] wwise_callback=grid  position_beats=470.948  error_ms=0.000
[TIMING ] wwise_callback=bar  position_beats=471.973  error_ms=4.000
[TIMING ] wwise_callback=beat  position_beats=471.973  error_ms=4.000
[TIMING ] wwise_callback=grid  position_beats=471.973  error_ms=4.000
[TIMING ] wwise_callback=beat  position_beats=472.989  error_ms=3.000
[TIMING ] wwise_callback=grid  position_beats=472.989  error_ms=3.000
[TIMING ] wwise_callback=beat  position_beats=473.957  error_ms=2.000
[TIMING ] wwise_callback=grid  position_beats=473.957  error_ms=2.000
[TIMING ] wwise_callback=beat  position_beats=474.971  error_ms=1.000
[TIMING ] wwise_callback=grid  position_beats=474.971  error_ms=1.000
[TIMING ] wwise_callback=bar  position_beats=475.987  error_ms=1.000
[TIMING ] wwise_callback=beat  position_beats=475.987  error_ms=1.000
[TIMING ] wwise_callback=grid  position_beats=475.987  error_ms=1.000
[TIMING ] wwise_callback=beat  position_beats=476.960  error_ms=2.000
[TIMING ] wwise_callback=grid  position_beats=476.960  error_ms=2.000
[TIMING ] wwise_callback=beat  position_beats=477.979  error_ms=2.000
[TIMING ] wwise_callback=grid  position_beats=477.979  error_ms=2.000
[TIMING ] wwise_callback=beat  position_beats=478.945  error_ms=0.000
[TIMING ] wwise_callback=grid  position_beats=478.945  error_ms=0.000
[TIMING ] wwise_segment=wrapped  segment_ms=14769.000  elapsed_ms=221535.000
[AUDIO  ] arrangement=transition  section=alternate  requested_at=480.007
[TIMING ] wwise_callback=beat  position_beats=480.988  error_ms=5.000
[TIMING ] wwise_callback=grid  position_beats=480.988  error_ms=5.000
[TIMING ] wwise_callback=beat  position_beats=481.957  error_ms=4.000
[TIMING ] wwise_callback=grid  position_beats=481.957  error_ms=4.000
[TIMING ] wwise_callback=beat  position_beats=482.973  error_ms=3.000
[TIMING ] wwise_callback=grid  position_beats=482.973  error_ms=3.000
[TIMING ] wwise_callback=bar  position_beats=483.987  error_ms=2.000
[TIMING ] wwise_callback=beat  position_beats=483.987  error_ms=2.000
[TIMING ] wwise_callback=grid  position_beats=483.987  error_ms=2.000
[TIMING ] wwise_callback=beat  position_beats=484.964  error_ms=3.000
[TIMING ] wwise_callback=grid  position_beats=484.964  error_ms=3.000
[TIMING ] wwise_callback=beat  position_beats=485.980  error_ms=5.000
[TIMING ] wwise_callback=grid  position_beats=485.980  error_ms=5.000
[TIMING ] wwise_callback=beat  position_beats=486.996  error_ms=4.000
[TIMING ] wwise_callback=grid  position_beats=486.996  error_ms=4.000
[TIMING ] wwise_callback=bar  position_beats=487.965  error_ms=3.000
[TIMING ] wwise_callback=beat  position_beats=487.965  error_ms=3.000
[TIMING ] wwise_callback=grid  position_beats=487.965  error_ms=3.000
[TIMING ] wwise_callback=beat  position_beats=488.981  error_ms=3.000
[TIMING ] wwise_callback=grid  position_beats=488.981  error_ms=3.000
[TIMING ] wwise_callback=beat  position_beats=489.947  error_ms=1.000
[TIMING ] wwise_callback=grid  position_beats=489.947  error_ms=1.000
[TIMING ] wwise_callback=beat  position_beats=490.963  error_ms=1.000
[TIMING ] wwise_callback=grid  position_beats=490.963  error_ms=1.000
[TIMING ] wwise_callback=bar  position_beats=491.979  error_ms=0.000
[TIMING ] wwise_callback=beat  position_beats=491.979  error_ms=0.000
[TIMING ] wwise_callback=grid  position_beats=491.979  error_ms=0.000
[TIMING ] wwise_callback=beat  position_beats=492.963  error_ms=5.000
[TIMING ] wwise_callback=grid  position_beats=492.963  error_ms=5.000
[TIMING ] wwise_callback=beat  position_beats=493.981  error_ms=4.000
[TIMING ] wwise_callback=grid  position_beats=493.981  error_ms=4.000
[TIMING ] wwise_callback=beat  position_beats=494.987  error_ms=2.000
[TIMING ] wwise_callback=grid  position_beats=494.987  error_ms=2.000
[TIMING ] wwise_callback=bar  position_beats=495.955  error_ms=1.000
[TIMING ] wwise_callback=beat  position_beats=495.955  error_ms=1.000
[TIMING ] wwise_callback=grid  position_beats=495.955  error_ms=1.000
[AUDIO  ] arrangement=layer  enabled=false  requested_at=496.003
[TIMING ] wwise_callback=beat  position_beats=496.971  error_ms=0.000
[TIMING ] wwise_callback=grid  position_beats=496.971  error_ms=0.000
[TIMING ] wwise_callback=beat  position_beats=498.001  error_ms=6.000
[TIMING ] wwise_callback=grid  position_beats=498.001  error_ms=6.000
[TIMING ] wwise_callback=beat  position_beats=498.967  error_ms=4.000
[TIMING ] wwise_callback=grid  position_beats=498.967  error_ms=4.000
[TIMING ] wwise_callback=bar  position_beats=499.983  error_ms=4.000
[TIMING ] wwise_callback=beat  position_beats=499.983  error_ms=4.000
[TIMING ] wwise_callback=grid  position_beats=499.983  error_ms=4.000
[TIMING ] wwise_callback=beat  position_beats=500.949  error_ms=2.000
[TIMING ] wwise_callback=grid  position_beats=500.949  error_ms=2.000
[TIMING ] wwise_callback=beat  position_beats=501.968  error_ms=1.000
[TIMING ] wwise_callback=grid  position_beats=501.968  error_ms=1.000
[TIMING ] wwise_callback=beat  position_beats=502.986  error_ms=2.000
[TIMING ] wwise_callback=grid  position_beats=502.986  error_ms=2.000
[TIMING ] wwise_callback=bar  position_beats=503.955  error_ms=2.000
[TIMING ] wwise_callback=beat  position_beats=503.955  error_ms=2.000
[TIMING ] wwise_callback=grid  position_beats=503.955  error_ms=2.000
[TIMING ] wwise_callback=beat  position_beats=504.969  error_ms=1.000
[TIMING ] wwise_callback=grid  position_beats=504.969  error_ms=1.000
[TIMING ] wwise_callback=beat  position_beats=505.985  error_ms=0.000
[TIMING ] wwise_callback=grid  position_beats=505.985  error_ms=0.000
[TIMING ] wwise_callback=beat  position_beats=506.968  error_ms=6.000
[TIMING ] wwise_callback=grid  position_beats=506.968  error_ms=6.000
[TIMING ] wwise_callback=bar  position_beats=507.982  error_ms=5.000
[TIMING ] wwise_callback=beat  position_beats=507.982  error_ms=5.000
[TIMING ] wwise_callback=grid  position_beats=507.982  error_ms=5.000
[TIMING ] wwise_callback=beat  position_beats=508.996  error_ms=4.000
[TIMING ] wwise_callback=grid  position_beats=508.996  error_ms=4.000
[TIMING ] wwise_callback=beat  position_beats=509.965  error_ms=3.000
[TIMING ] wwise_callback=grid  position_beats=509.965  error_ms=3.000
[TIMING ] wwise_callback=beat  position_beats=510.985  error_ms=3.000
[TIMING ] wwise_callback=grid  position_beats=510.985  error_ms=3.000
[AUDIO  ] arrangement=transition  section=loop  requested_at=512.010
[TIMING ] wwise_segment=wrapped  segment_ms=14769.000  elapsed_ms=236304.000
[TIMING ] wwise_callback=beat  position_beats=512.963  error_ms=0.000
[TIMING ] wwise_callback=grid  position_beats=512.963  error_ms=0.000
[TIMING ] wwise_callback=beat  position_beats=513.980  error_ms=0.000
[TIMING ] wwise_callback=grid  position_beats=513.980  error_ms=0.000
[TIMING ] wwise_callback=beat  position_beats=514.961  error_ms=5.000
[TIMING ] wwise_callback=grid  position_beats=514.961  error_ms=5.000
[TIMING ] wwise_callback=bar  position_beats=515.975  error_ms=4.000
[TIMING ] wwise_callback=beat  position_beats=515.975  error_ms=4.000
[TIMING ] wwise_callback=grid  position_beats=515.975  error_ms=4.000
[TIMING ] wwise_callback=beat  position_beats=516.991  error_ms=3.000
[TIMING ] wwise_callback=grid  position_beats=516.991  error_ms=3.000
[TIMING ] wwise_callback=beat  position_beats=517.962  error_ms=3.000
[TIMING ] wwise_callback=grid  position_beats=517.962  error_ms=3.000
[TIMING ] wwise_callback=beat  position_beats=518.976  error_ms=2.000
[TIMING ] wwise_callback=grid  position_beats=518.976  error_ms=2.000
[TIMING ] wwise_callback=bar  position_beats=519.992  error_ms=0.000
[TIMING ] wwise_callback=beat  position_beats=519.992  error_ms=0.000
[TIMING ] wwise_callback=grid  position_beats=519.992  error_ms=0.000
[TIMING ] wwise_callback=beat  position_beats=520.963  error_ms=2.000
[TIMING ] wwise_callback=grid  position_beats=520.963  error_ms=2.000
[TIMING ] wwise_callback=beat  position_beats=521.979  error_ms=1.000
[TIMING ] wwise_callback=grid  position_beats=521.979  error_ms=1.000
[TIMING ] wwise_callback=beat  position_beats=522.952  error_ms=2.000
[TIMING ] wwise_callback=grid  position_beats=522.952  error_ms=2.000
[TIMING ] wwise_callback=bar  position_beats=523.968  error_ms=2.000
[TIMING ] wwise_callback=beat  position_beats=523.968  error_ms=2.000
[TIMING ] wwise_callback=grid  position_beats=523.968  error_ms=2.000
[TIMING ] wwise_callback=beat  position_beats=524.982  error_ms=1.000
[TIMING ] wwise_callback=grid  position_beats=524.982  error_ms=1.000
[TIMING ] wwise_callback=beat  position_beats=525.950  error_ms=0.000
[TIMING ] wwise_callback=grid  position_beats=525.950  error_ms=0.000
[TIMING ] wwise_callback=beat  position_beats=526.973  error_ms=2.000
[TIMING ] wwise_callback=grid  position_beats=526.973  error_ms=2.000
[TIMING ] wwise_callback=bar  position_beats=527.987  error_ms=1.000
[TIMING ] wwise_callback=beat  position_beats=527.987  error_ms=1.000
[TIMING ] wwise_callback=grid  position_beats=527.987  error_ms=1.000
[AUDIO  ] arrangement=layer  enabled=true  requested_at=528.000
[TIMING ] wwise_callback=beat  position_beats=528.960  error_ms=2.000
[TIMING ] wwise_callback=grid  position_beats=528.960  error_ms=2.000
[TIMING ] wwise_callback=beat  position_beats=529.974  error_ms=1.000
[TIMING ] wwise_callback=grid  position_beats=529.974  error_ms=1.000
[TIMING ] wwise_callback=beat  position_beats=530.942  error_ms=0.000
[TIMING ] wwise_callback=grid  position_beats=530.942  error_ms=0.000
[TIMING ] wwise_callback=bar  position_beats=531.974  error_ms=6.000
[TIMING ] wwise_callback=beat  position_beats=531.974  error_ms=6.000
[TIMING ] wwise_callback=grid  position_beats=531.974  error_ms=6.000
[TIMING ] wwise_callback=beat  position_beats=532.988  error_ms=5.000
[TIMING ] wwise_callback=grid  position_beats=532.988  error_ms=5.000
[TIMING ] wwise_callback=beat  position_beats=533.954  error_ms=3.000
[TIMING ] wwise_callback=grid  position_beats=533.954  error_ms=3.000
[TIMING ] wwise_callback=beat  position_beats=534.966  error_ms=1.000
[TIMING ] wwise_callback=grid  position_beats=534.966  error_ms=1.000
[TIMING ] wwise_callback=bar  position_beats=535.995  error_ms=6.000
[TIMING ] wwise_callback=beat  position_beats=535.995  error_ms=6.000
[TIMING ] wwise_callback=grid  position_beats=535.995  error_ms=6.000
[TIMING ] wwise_callback=beat  position_beats=536.963  error_ms=4.000
[TIMING ] wwise_callback=grid  position_beats=536.963  error_ms=4.000
[TIMING ] wwise_callback=beat  position_beats=537.980  error_ms=5.000
[TIMING ] wwise_callback=grid  position_beats=537.980  error_ms=5.000
[TIMING ] wwise_callback=beat  position_beats=538.987  error_ms=1.000
[TIMING ] wwise_callback=grid  position_beats=538.987  error_ms=1.000
[TIMING ] wwise_callback=bar  position_beats=539.956  error_ms=0.000
[TIMING ] wwise_callback=beat  position_beats=539.956  error_ms=0.000
[TIMING ] wwise_callback=grid  position_beats=539.956  error_ms=0.000
[TIMING ] wwise_callback=beat  position_beats=540.987  error_ms=6.000
[TIMING ] wwise_callback=grid  position_beats=540.987  error_ms=6.000
[TIMING ] wwise_callback=beat  position_beats=541.938  error_ms=-3.000
[TIMING ] wwise_callback=grid  position_beats=541.938  error_ms=-3.000
[TIMING ] wwise_callback=beat  position_beats=542.967  error_ms=3.000
[TIMING ] wwise_callback=grid  position_beats=542.967  error_ms=3.000
[AUDIO  ] arrangement=transition  section=alternate  requested_at=544.012
[TIMING ] wwise_segment=wrapped  segment_ms=14769.000  elapsed_ms=251073.000
[TIMING ] wwise_callback=beat  position_beats=544.954  error_ms=3.000
[TIMING ] wwise_callback=grid  position_beats=544.954  error_ms=3.000
[TIMING ] wwise_callback=beat  position_beats=545.979  error_ms=0.000
[TIMING ] wwise_callback=grid  position_beats=545.979  error_ms=0.000
[TIMING ] wwise_callback=beat  position_beats=546.986  error_ms=2.000
[TIMING ] wwise_callback=grid  position_beats=546.986  error_ms=2.000
[TIMING ] wwise_callback=bar  position_beats=547.955  error_ms=1.000
[TIMING ] wwise_callback=beat  position_beats=547.955  error_ms=1.000
[TIMING ] wwise_callback=grid  position_beats=547.955  error_ms=1.000
[TIMING ] wwise_callback=beat  position_beats=548.969  error_ms=0.000
[TIMING ] wwise_callback=grid  position_beats=548.969  error_ms=0.000
[TIMING ] wwise_callback=beat  position_beats=549.985  error_ms=0.000
[TIMING ] wwise_callback=grid  position_beats=549.985  error_ms=0.000
[TIMING ] wwise_callback=beat  position_beats=550.967  error_ms=5.000
[TIMING ] wwise_callback=grid  position_beats=550.967  error_ms=5.000
[TIMING ] wwise_callback=bar  position_beats=551.985  error_ms=5.000
[TIMING ] wwise_callback=beat  position_beats=551.985  error_ms=5.000
[TIMING ] wwise_callback=grid  position_beats=551.985  error_ms=5.000
[TIMING ] wwise_callback=beat  position_beats=552.951  error_ms=3.000
[TIMING ] wwise_callback=grid  position_beats=552.951  error_ms=3.000
[TIMING ] wwise_callback=beat  position_beats=553.972  error_ms=2.000
[TIMING ] wwise_callback=grid  position_beats=553.972  error_ms=2.000
[TIMING ] wwise_callback=beat  position_beats=554.986  error_ms=2.000
[TIMING ] wwise_callback=grid  position_beats=554.986  error_ms=2.000
[TIMING ] wwise_callback=bar  position_beats=555.954  error_ms=3.000
[TIMING ] wwise_callback=beat  position_beats=555.954  error_ms=3.000
[TIMING ] wwise_callback=grid  position_beats=555.954  error_ms=3.000
[TIMING ] wwise_callback=beat  position_beats=556.970  error_ms=2.000
[TIMING ] wwise_callback=grid  position_beats=556.970  error_ms=2.000
[TIMING ] wwise_callback=beat  position_beats=557.986  error_ms=2.000
[TIMING ] wwise_callback=grid  position_beats=557.986  error_ms=2.000
[TIMING ] wwise_callback=beat  position_beats=558.953  error_ms=0.000
[TIMING ] wwise_callback=grid  position_beats=558.953  error_ms=0.000
[TIMING ] wwise_callback=bar  position_beats=559.982  error_ms=6.000
[TIMING ] wwise_callback=beat  position_beats=559.982  error_ms=6.000
[TIMING ] wwise_callback=grid  position_beats=559.982  error_ms=6.000
[AUDIO  ] arrangement=layer  enabled=false  requested_at=560.017
[TIMING ] wwise_callback=beat  position_beats=560.998  error_ms=5.000
[TIMING ] wwise_callback=grid  position_beats=560.998  error_ms=5.000
[TIMING ] wwise_callback=beat  position_beats=561.967  error_ms=4.000
[TIMING ] wwise_callback=grid  position_beats=561.967  error_ms=4.000
[TIMING ] wwise_callback=beat  position_beats=562.985  error_ms=3.000
[TIMING ] wwise_callback=grid  position_beats=562.985  error_ms=3.000
[TIMING ] wwise_callback=bar  position_beats=563.951  error_ms=3.000
[TIMING ] wwise_callback=beat  position_beats=563.951  error_ms=3.000
[TIMING ] wwise_callback=grid  position_beats=563.951  error_ms=3.000
[TIMING ] wwise_callback=beat  position_beats=564.963  error_ms=1.000
[TIMING ] wwise_callback=grid  position_beats=564.963  error_ms=1.000
[TIMING ] wwise_callback=beat  position_beats=565.992  error_ms=6.000
[TIMING ] wwise_callback=grid  position_beats=565.992  error_ms=6.000
[TIMING ] wwise_callback=beat  position_beats=566.961  error_ms=5.000
[TIMING ] wwise_callback=grid  position_beats=566.961  error_ms=5.000
[TIMING ] wwise_callback=bar  position_beats=567.975  error_ms=4.000
[TIMING ] wwise_callback=beat  position_beats=567.975  error_ms=4.000
[TIMING ] wwise_callback=grid  position_beats=567.975  error_ms=4.000
[TIMING ] wwise_callback=beat  position_beats=568.989  error_ms=3.000
[TIMING ] wwise_callback=grid  position_beats=568.989  error_ms=3.000
[TIMING ] wwise_callback=beat  position_beats=569.966  error_ms=6.000
[TIMING ] wwise_callback=grid  position_beats=569.966  error_ms=6.000
[TIMING ] wwise_callback=beat  position_beats=570.971  error_ms=0.000
[TIMING ] wwise_callback=grid  position_beats=570.971  error_ms=0.000
[TIMING ] wwise_callback=bar  position_beats=571.992  error_ms=0.000
[TIMING ] wwise_callback=beat  position_beats=571.992  error_ms=0.000
[TIMING ] wwise_callback=grid  position_beats=571.992  error_ms=0.000
[TIMING ] wwise_callback=beat  position_beats=572.960  error_ms=1.000
[TIMING ] wwise_callback=grid  position_beats=572.960  error_ms=1.000
[TIMING ] wwise_callback=beat  position_beats=573.985  error_ms=5.000
[TIMING ] wwise_callback=grid  position_beats=573.985  error_ms=5.000
[TIMING ] wwise_callback=beat  position_beats=574.954  error_ms=4.000
[TIMING ] wwise_callback=grid  position_beats=574.954  error_ms=4.000
[AUDIO  ] arrangement=transition  section=loop  requested_at=576.004
[TIMING ] wwise_segment=wrapped  segment_ms=14769.000  elapsed_ms=265842.000
[TIMING ] wwise_callback=beat  position_beats=576.984  error_ms=2.000
[TIMING ] wwise_callback=grid  position_beats=576.984  error_ms=2.000
[TIMING ] wwise_callback=beat  position_beats=577.952  error_ms=1.000
[TIMING ] wwise_callback=grid  position_beats=577.952  error_ms=1.000
[TIMING ] wwise_callback=beat  position_beats=578.979  error_ms=6.000
[TIMING ] wwise_callback=grid  position_beats=578.979  error_ms=6.000
[TIMING ] wwise_callback=bar  position_beats=579.997  error_ms=6.000
[TIMING ] wwise_callback=beat  position_beats=579.997  error_ms=6.000
[TIMING ] wwise_callback=grid  position_beats=579.997  error_ms=6.000
[TIMING ] wwise_callback=beat  position_beats=580.957  error_ms=1.000
[TIMING ] wwise_callback=grid  position_beats=580.957  error_ms=1.000
[TIMING ] wwise_callback=beat  position_beats=581.971  error_ms=0.000
[TIMING ] wwise_callback=grid  position_beats=581.971  error_ms=0.000
[TIMING ] wwise_callback=beat  position_beats=582.942  error_ms=0.000
[TIMING ] wwise_callback=grid  position_beats=582.942  error_ms=0.000
[TIMING ] wwise_callback=bar  position_beats=583.971  error_ms=6.000
[TIMING ] wwise_callback=beat  position_beats=583.971  error_ms=6.000
[TIMING ] wwise_callback=grid  position_beats=583.971  error_ms=6.000
[TIMING ] wwise_callback=beat  position_beats=584.987  error_ms=5.000
[TIMING ] wwise_callback=grid  position_beats=584.987  error_ms=5.000
[TIMING ] wwise_callback=beat  position_beats=585.956  error_ms=4.000
[TIMING ] wwise_callback=grid  position_beats=585.956  error_ms=4.000
[TIMING ] wwise_callback=beat  position_beats=586.970  error_ms=3.000
[TIMING ] wwise_callback=grid  position_beats=586.970  error_ms=3.000
[TIMING ] wwise_callback=bar  position_beats=587.986  error_ms=3.000
[TIMING ] wwise_callback=beat  position_beats=587.986  error_ms=3.000
[TIMING ] wwise_callback=grid  position_beats=587.986  error_ms=3.000
[TIMING ] wwise_callback=beat  position_beats=588.957  error_ms=1.000
[TIMING ] wwise_callback=grid  position_beats=588.957  error_ms=1.000
[TIMING ] wwise_callback=beat  position_beats=589.975  error_ms=3.000
[TIMING ] wwise_callback=grid  position_beats=589.975  error_ms=3.000
[TIMING ] wwise_callback=beat  position_beats=591.000  error_ms=7.000
[TIMING ] wwise_callback=grid  position_beats=591.000  error_ms=7.000
[TIMING ] wwise_callback=bar  position_beats=591.979  error_ms=11.000
[TIMING ] wwise_callback=beat  position_beats=591.979  error_ms=11.000
[TIMING ] wwise_callback=grid  position_beats=591.979  error_ms=11.000
[AUDIO  ] arrangement=layer  enabled=true  requested_at=592.001
[TIMING ] wwise_callback=beat  position_beats=592.974  error_ms=1.000
[TIMING ] wwise_callback=grid  position_beats=592.974  error_ms=1.000
[TIMING ] wwise_callback=beat  position_beats=593.953  error_ms=5.000
[TIMING ] wwise_callback=grid  position_beats=593.953  error_ms=5.000
[TIMING ] wwise_callback=beat  position_beats=594.960  error_ms=0.000
[TIMING ] wwise_callback=grid  position_beats=594.960  error_ms=0.000
[TIMING ] wwise_callback=bar  position_beats=595.987  error_ms=5.000
[TIMING ] wwise_callback=beat  position_beats=595.987  error_ms=5.000
[TIMING ] wwise_callback=grid  position_beats=595.987  error_ms=5.000
[TIMING ] wwise_callback=beat  position_beats=596.960  error_ms=4.000
[TIMING ] wwise_callback=grid  position_beats=596.960  error_ms=4.000
[TIMING ] wwise_callback=beat  position_beats=597.974  error_ms=3.000
[TIMING ] wwise_callback=grid  position_beats=597.974  error_ms=3.000
[TIMING ] wwise_callback=beat  position_beats=598.993  error_ms=5.000
[TIMING ] wwise_callback=grid  position_beats=598.993  error_ms=5.000
[TIMING ] wwise_callback=bar  position_beats=599.959  error_ms=3.000
[TIMING ] wwise_callback=beat  position_beats=599.959  error_ms=3.000
[TIMING ] wwise_callback=grid  position_beats=599.959  error_ms=3.000
[TIMING ] wwise_callback=beat  position_beats=600.975  error_ms=3.000
[TIMING ] wwise_callback=grid  position_beats=600.975  error_ms=3.000
[TIMING ] wwise_callback=beat  position_beats=601.991  error_ms=3.000
[TIMING ] wwise_callback=grid  position_beats=601.991  error_ms=3.000
[TIMING ] wwise_callback=beat  position_beats=602.960  error_ms=2.000
[TIMING ] wwise_callback=grid  position_beats=602.960  error_ms=2.000
[TIMING ] wwise_callback=bar  position_beats=603.974  error_ms=0.000
[TIMING ] wwise_callback=beat  position_beats=603.974  error_ms=0.000
[TIMING ] wwise_callback=grid  position_beats=603.974  error_ms=0.000
[TIMING ] wwise_callback=beat  position_beats=604.938  error_ms=-3.000
[TIMING ] wwise_callback=grid  position_beats=604.938  error_ms=-3.000
[TIMING ] wwise_callback=beat  position_beats=605.971  error_ms=3.000
[TIMING ] wwise_callback=grid  position_beats=605.971  error_ms=3.000
[TIMING ] wwise_callback=beat  position_beats=606.987  error_ms=2.000
[TIMING ] wwise_callback=grid  position_beats=606.987  error_ms=2.000
[TIMING ] wwise_segment=wrapped  segment_ms=14769.000  elapsed_ms=280611.000
[AUDIO  ] arrangement=transition  section=alternate  requested_at=608.004
[TIMING ] wwise_callback=beat  position_beats=608.970  error_ms=3.000
[TIMING ] wwise_callback=grid  position_beats=608.970  error_ms=3.000
[TIMING ] wwise_callback=beat  position_beats=609.986  error_ms=2.000
[TIMING ] wwise_callback=grid  position_beats=609.986  error_ms=2.000
[TIMING ] wwise_callback=beat  position_beats=610.955  error_ms=1.000
[TIMING ] wwise_callback=grid  position_beats=610.955  error_ms=1.000
[TIMING ] wwise_callback=bar  position_beats=611.969  error_ms=0.000
[TIMING ] wwise_callback=beat  position_beats=611.969  error_ms=0.000
[TIMING ] wwise_callback=grid  position_beats=611.969  error_ms=0.000
[TIMING ] wwise_callback=beat  position_beats=612.985  error_ms=0.000
[TIMING ] wwise_callback=grid  position_beats=612.985  error_ms=0.000
[TIMING ] wwise_callback=beat  position_beats=613.979  error_ms=11.000
[TIMING ] wwise_callback=grid  position_beats=613.979  error_ms=11.000
[TIMING ] wwise_callback=beat  position_beats=614.974  error_ms=0.000
[TIMING ] wwise_callback=grid  position_beats=614.974  error_ms=0.000
[TIMING ] wwise_callback=bar  position_beats=615.955  error_ms=5.000
[TIMING ] wwise_callback=beat  position_beats=615.955  error_ms=5.000
[TIMING ] wwise_callback=grid  position_beats=615.955  error_ms=5.000
[TIMING ] wwise_callback=beat  position_beats=616.969  error_ms=4.000
[TIMING ] wwise_callback=grid  position_beats=616.969  error_ms=4.000
[TIMING ] wwise_callback=beat  position_beats=617.994  error_ms=8.000
[TIMING ] wwise_callback=grid  position_beats=617.994  error_ms=8.000
[TIMING ] wwise_callback=beat  position_beats=618.952  error_ms=2.000
[TIMING ] wwise_callback=grid  position_beats=618.952  error_ms=2.000
[TIMING ] wwise_callback=bar  position_beats=619.968  error_ms=1.000
[TIMING ] wwise_callback=beat  position_beats=619.968  error_ms=1.000
[TIMING ] wwise_callback=grid  position_beats=619.968  error_ms=1.000
[TIMING ] wwise_callback=beat  position_beats=620.982  error_ms=0.000
[TIMING ] wwise_callback=grid  position_beats=620.982  error_ms=0.000
[TIMING ] wwise_callback=beat  position_beats=621.966  error_ms=6.000
[TIMING ] wwise_callback=grid  position_beats=621.966  error_ms=6.000
[TIMING ] wwise_callback=beat  position_beats=622.980  error_ms=5.000
[TIMING ] wwise_callback=grid  position_beats=622.980  error_ms=5.000
[TIMING ] wwise_callback=bar  position_beats=623.998  error_ms=4.000
[TIMING ] wwise_callback=beat  position_beats=623.998  error_ms=4.000
[TIMING ] wwise_callback=grid  position_beats=623.998  error_ms=4.000
[AUDIO  ] arrangement=layer  enabled=false  requested_at=624.011
[TIMING ] wwise_callback=beat  position_beats=624.971  error_ms=6.000
[TIMING ] wwise_callback=grid  position_beats=624.971  error_ms=6.000
[TIMING ] wwise_callback=beat  position_beats=625.985  error_ms=5.000
[TIMING ] wwise_callback=grid  position_beats=625.985  error_ms=5.000
[TIMING ] wwise_callback=beat  position_beats=626.953  error_ms=4.000
[TIMING ] wwise_callback=grid  position_beats=626.953  error_ms=4.000
[TIMING ] wwise_callback=bar  position_beats=627.967  error_ms=3.000
[TIMING ] wwise_callback=beat  position_beats=627.967  error_ms=3.000
[TIMING ] wwise_callback=grid  position_beats=627.967  error_ms=3.000
[TIMING ] wwise_callback=beat  position_beats=628.983  error_ms=2.000
[TIMING ] wwise_callback=grid  position_beats=628.983  error_ms=2.000
[TIMING ] wwise_callback=beat  position_beats=629.954  error_ms=2.000
[TIMING ] wwise_callback=grid  position_beats=629.954  error_ms=2.000
[TIMING ] wwise_callback=beat  position_beats=630.974  error_ms=4.000
[TIMING ] wwise_callback=grid  position_beats=630.974  error_ms=4.000
[TIMING ] wwise_callback=bar  position_beats=631.984  error_ms=1.000
[TIMING ] wwise_callback=beat  position_beats=631.984  error_ms=1.000
[TIMING ] wwise_callback=grid  position_beats=631.984  error_ms=1.000
[TIMING ] wwise_callback=beat  position_beats=632.955  error_ms=1.000
[TIMING ] wwise_callback=grid  position_beats=632.955  error_ms=1.000
[TIMING ] wwise_callback=beat  position_beats=633.984  error_ms=6.000
[TIMING ] wwise_callback=grid  position_beats=633.984  error_ms=6.000
[TIMING ] wwise_callback=beat  position_beats=634.942  error_ms=0.000
[TIMING ] wwise_callback=grid  position_beats=634.942  error_ms=0.000
[TIMING ] wwise_callback=bar  position_beats=635.971  error_ms=6.000
[TIMING ] wwise_callback=beat  position_beats=635.971  error_ms=6.000
[TIMING ] wwise_callback=grid  position_beats=635.971  error_ms=6.000
[TIMING ] wwise_callback=beat  position_beats=636.989  error_ms=7.000
[TIMING ] wwise_callback=grid  position_beats=636.989  error_ms=7.000
[TIMING ] wwise_callback=beat  position_beats=637.953  error_ms=4.000
[TIMING ] wwise_callback=grid  position_beats=637.953  error_ms=4.000
[TIMING ] wwise_callback=beat  position_beats=638.980  error_ms=8.000
[TIMING ] wwise_callback=grid  position_beats=638.980  error_ms=8.000
[AUDIO  ] arrangement=transition  section=loop  requested_at=640.005
[TIMING ] wwise_segment=wrapped  segment_ms=14769.000  elapsed_ms=295380.000
[TIMING ] wwise_callback=beat  position_beats=640.952  error_ms=0.000
[TIMING ] wwise_callback=grid  position_beats=640.952  error_ms=0.000
[TIMING ] wwise_callback=beat  position_beats=641.972  error_ms=3.000
[TIMING ] wwise_callback=grid  position_beats=641.972  error_ms=3.000
[TIMING ] wwise_callback=beat  position_beats=642.986  error_ms=2.000
[TIMING ] wwise_callback=grid  position_beats=642.986  error_ms=2.000
[TIMING ] wwise_callback=bar  position_beats=643.953  error_ms=0.000
[TIMING ] wwise_callback=beat  position_beats=643.953  error_ms=0.000
[TIMING ] wwise_callback=grid  position_beats=643.953  error_ms=0.000
[TIMING ] wwise_callback=beat  position_beats=644.971  error_ms=0.000
[TIMING ] wwise_callback=grid  position_beats=644.971  error_ms=0.000
[TIMING ] wwise_callback=beat  position_beats=645.953  error_ms=5.000
[TIMING ] wwise_callback=grid  position_beats=645.953  error_ms=5.000
[TIMING ] wwise_callback=beat  position_beats=646.967  error_ms=4.000
[TIMING ] wwise_callback=grid  position_beats=646.967  error_ms=4.000
[TIMING ] wwise_callback=bar  position_beats=647.981  error_ms=3.000
[TIMING ] wwise_callback=beat  position_beats=647.981  error_ms=3.000
[TIMING ] wwise_callback=grid  position_beats=647.981  error_ms=3.000
[TIMING ] wwise_callback=beat  position_beats=648.953  error_ms=2.000
[TIMING ] wwise_callback=grid  position_beats=648.953  error_ms=2.000
[TIMING ] wwise_callback=beat  position_beats=649.967  error_ms=1.000
[TIMING ] wwise_callback=grid  position_beats=649.967  error_ms=1.000
[TIMING ] wwise_callback=beat  position_beats=650.996  error_ms=8.000
[TIMING ] wwise_callback=grid  position_beats=650.996  error_ms=8.000
[TIMING ] wwise_callback=bar  position_beats=651.976  error_ms=12.000
[TIMING ] wwise_callback=beat  position_beats=651.976  error_ms=12.000
[TIMING ] wwise_callback=grid  position_beats=651.976  error_ms=12.000
[TIMING ] wwise_callback=beat  position_beats=652.981  error_ms=7.000
[TIMING ] wwise_callback=grid  position_beats=652.981  error_ms=7.000
[TIMING ] wwise_callback=beat  position_beats=653.999  error_ms=7.000
[TIMING ] wwise_callback=grid  position_beats=653.999  error_ms=7.000
[TIMING ] wwise_callback=beat  position_beats=654.959  error_ms=2.000
[TIMING ] wwise_callback=grid  position_beats=654.959  error_ms=2.000
[TIMING ] wwise_callback=bar  position_beats=655.975  error_ms=2.000
[TIMING ] wwise_callback=beat  position_beats=655.975  error_ms=2.000
[TIMING ] wwise_callback=grid  position_beats=655.975  error_ms=2.000
[AUDIO  ] arrangement=layer  enabled=true  requested_at=656.019
[TIMING ] wwise_callback=beat  position_beats=656.944  error_ms=1.000
[TIMING ] wwise_callback=grid  position_beats=656.944  error_ms=1.000
[TIMING ] wwise_callback=beat  position_beats=657.962  error_ms=0.000
[TIMING ] wwise_callback=grid  position_beats=657.962  error_ms=0.000
[TIMING ] wwise_callback=beat  position_beats=658.978  error_ms=1.000
[TIMING ] wwise_callback=grid  position_beats=658.978  error_ms=1.000
[TIMING ] wwise_callback=bar  position_beats=659.953  error_ms=3.000
[TIMING ] wwise_callback=beat  position_beats=659.953  error_ms=3.000
[TIMING ] wwise_callback=grid  position_beats=659.953  error_ms=3.000
[TIMING ] wwise_callback=beat  position_beats=660.967  error_ms=2.000
[TIMING ] wwise_callback=grid  position_beats=660.967  error_ms=2.000
[TIMING ] wwise_callback=beat  position_beats=661.981  error_ms=1.000
[TIMING ] wwise_callback=grid  position_beats=661.981  error_ms=1.000
[TIMING ] wwise_callback=beat  position_beats=662.950  error_ms=0.000
[TIMING ] wwise_callback=grid  position_beats=662.950  error_ms=0.000
[TIMING ] wwise_callback=bar  position_beats=663.975  error_ms=3.000
[TIMING ] wwise_callback=beat  position_beats=663.975  error_ms=3.000
[TIMING ] wwise_callback=grid  position_beats=663.975  error_ms=3.000
[TIMING ] wwise_callback=beat  position_beats=664.989  error_ms=2.000
[TIMING ] wwise_callback=grid  position_beats=664.989  error_ms=2.000
[TIMING ] wwise_callback=beat  position_beats=665.957  error_ms=1.000
[TIMING ] wwise_callback=grid  position_beats=665.957  error_ms=1.000
[TIMING ] wwise_callback=beat  position_beats=666.976  error_ms=0.000
[TIMING ] wwise_callback=grid  position_beats=666.976  error_ms=0.000
[TIMING ] wwise_callback=bar  position_beats=667.946  error_ms=2.000
[TIMING ] wwise_callback=beat  position_beats=667.946  error_ms=2.000
[TIMING ] wwise_callback=grid  position_beats=667.946  error_ms=2.000
[TIMING ] wwise_callback=beat  position_beats=668.962  error_ms=1.000
[TIMING ] wwise_callback=grid  position_beats=668.962  error_ms=1.000
[TIMING ] wwise_callback=beat  position_beats=669.976  error_ms=0.000
[TIMING ] wwise_callback=grid  position_beats=669.976  error_ms=0.000
[TIMING ] wwise_callback=beat  position_beats=670.947  error_ms=0.000
[TIMING ] wwise_callback=grid  position_beats=670.947  error_ms=0.000
[AUDIO  ] arrangement=transition  section=alternate  requested_at=672.000
[TIMING ] wwise_segment=wrapped  segment_ms=14769.000  elapsed_ms=310149.000
[TIMING ] wwise_callback=beat  position_beats=672.992  error_ms=5.000
[TIMING ] wwise_callback=grid  position_beats=672.992  error_ms=5.000
[TIMING ] wwise_callback=beat  position_beats=673.961  error_ms=4.000
[TIMING ] wwise_callback=grid  position_beats=673.961  error_ms=4.000
[TIMING ] wwise_callback=beat  position_beats=674.977  error_ms=4.000
[TIMING ] wwise_callback=grid  position_beats=674.977  error_ms=4.000
[TIMING ] wwise_callback=bar  position_beats=675.948  error_ms=4.000
[TIMING ] wwise_callback=beat  position_beats=675.948  error_ms=4.000
[TIMING ] wwise_callback=grid  position_beats=675.948  error_ms=4.000
[TIMING ] wwise_callback=beat  position_beats=676.964  error_ms=4.000
[TIMING ] wwise_callback=grid  position_beats=676.964  error_ms=4.000
[TIMING ] wwise_callback=beat  position_beats=677.980  error_ms=3.000
[TIMING ] wwise_callback=grid  position_beats=677.980  error_ms=3.000
[TIMING ] wwise_callback=beat  position_beats=678.946  error_ms=1.000
[TIMING ] wwise_callback=grid  position_beats=678.946  error_ms=1.000
[TIMING ] wwise_callback=bar  position_beats=679.962  error_ms=1.000
[TIMING ] wwise_callback=beat  position_beats=679.962  error_ms=1.000
[TIMING ] wwise_callback=grid  position_beats=679.962  error_ms=1.000
[TIMING ] wwise_callback=beat  position_beats=680.976  error_ms=0.000
[TIMING ] wwise_callback=grid  position_beats=680.976  error_ms=0.000
[TIMING ] wwise_callback=beat  position_beats=681.960  error_ms=6.000
[TIMING ] wwise_callback=grid  position_beats=681.960  error_ms=6.000
[TIMING ] wwise_callback=beat  position_beats=682.976  error_ms=5.000
[TIMING ] wwise_callback=grid  position_beats=682.976  error_ms=5.000
[TIMING ] wwise_callback=bar  position_beats=684.003  error_ms=10.000
[TIMING ] wwise_callback=beat  position_beats=684.003  error_ms=10.000
[TIMING ] wwise_callback=grid  position_beats=684.003  error_ms=10.000
[TIMING ] wwise_callback=beat  position_beats=684.965  error_ms=6.000
[TIMING ] wwise_callback=grid  position_beats=684.965  error_ms=6.000
[TIMING ] wwise_callback=beat  position_beats=685.979  error_ms=5.000
[TIMING ] wwise_callback=grid  position_beats=685.979  error_ms=5.000
[TIMING ] wwise_callback=beat  position_beats=686.948  error_ms=4.000
[TIMING ] wwise_callback=grid  position_beats=686.948  error_ms=4.000
[TIMING ] wwise_callback=bar  position_beats=687.966  error_ms=4.000
[TIMING ] wwise_callback=beat  position_beats=687.966  error_ms=4.000
[TIMING ] wwise_callback=grid  position_beats=687.966  error_ms=4.000
[AUDIO  ] arrangement=layer  enabled=false  requested_at=688.014
[TIMING ] wwise_callback=beat  position_beats=688.984  error_ms=5.000
[TIMING ] wwise_callback=grid  position_beats=688.984  error_ms=5.000
[TIMING ] wwise_callback=beat  position_beats=689.951  error_ms=3.000
[TIMING ] wwise_callback=grid  position_beats=689.951  error_ms=3.000
[TIMING ] wwise_callback=beat  position_beats=690.965  error_ms=2.000
[TIMING ] wwise_callback=grid  position_beats=690.965  error_ms=2.000
[TIMING ] wwise_callback=bar  position_beats=691.983  error_ms=2.000
[TIMING ] wwise_callback=beat  position_beats=691.983  error_ms=2.000
[TIMING ] wwise_callback=grid  position_beats=691.983  error_ms=2.000
[TIMING ] wwise_callback=beat  position_beats=692.960  error_ms=5.000
[TIMING ] wwise_callback=grid  position_beats=692.960  error_ms=5.000
[TIMING ] wwise_callback=beat  position_beats=693.974  error_ms=4.000
[TIMING ] wwise_callback=grid  position_beats=693.974  error_ms=4.000
[TIMING ] wwise_callback=beat  position_beats=694.988  error_ms=3.000
[TIMING ] wwise_callback=grid  position_beats=694.988  error_ms=3.000
[TIMING ] wwise_callback=bar  position_beats=695.965  error_ms=6.000
[TIMING ] wwise_callback=beat  position_beats=695.965  error_ms=6.000
[TIMING ] wwise_callback=grid  position_beats=695.965  error_ms=6.000
[TIMING ] wwise_callback=beat  position_beats=696.973  error_ms=1.000
[TIMING ] wwise_callback=grid  position_beats=696.973  error_ms=1.000
[TIMING ] wwise_callback=beat  position_beats=697.954  error_ms=6.000
[TIMING ] wwise_callback=grid  position_beats=697.954  error_ms=6.000
[TIMING ] wwise_callback=beat  position_beats=698.968  error_ms=5.000
[TIMING ] wwise_callback=grid  position_beats=698.968  error_ms=5.000
[TIMING ] wwise_callback=bar  position_beats=699.974  error_ms=0.000
[TIMING ] wwise_callback=beat  position_beats=699.974  error_ms=0.000
[TIMING ] wwise_callback=grid  position_beats=699.974  error_ms=0.000
[TIMING ] wwise_callback=beat  position_beats=700.962  error_ms=4.000
[TIMING ] wwise_callback=grid  position_beats=700.962  error_ms=4.000
[TIMING ] wwise_callback=beat  position_beats=701.971  error_ms=3.000
[TIMING ] wwise_callback=grid  position_beats=701.971  error_ms=3.000
[TIMING ] wwise_callback=beat  position_beats=702.992  error_ms=6.000
[TIMING ] wwise_callback=grid  position_beats=702.992  error_ms=6.000
[TIMING ] wwise_segment=wrapped  segment_ms=14769.000  elapsed_ms=324918.000
[AUDIO  ] arrangement=transition  section=loop  requested_at=704.006
[TIMING ] wwise_callback=beat  position_beats=704.979  error_ms=6.000
[TIMING ] wwise_callback=grid  position_beats=704.979  error_ms=6.000
[TIMING ] wwise_callback=beat  position_beats=705.993  error_ms=5.000
[TIMING ] wwise_callback=grid  position_beats=705.993  error_ms=5.000
[TIMING ] wwise_callback=beat  position_beats=706.961  error_ms=4.000
[TIMING ] wwise_callback=grid  position_beats=706.961  error_ms=4.000
[TIMING ] wwise_callback=bar  position_beats=707.977  error_ms=3.000
[TIMING ] wwise_callback=beat  position_beats=707.977  error_ms=3.000
[TIMING ] wwise_callback=grid  position_beats=707.977  error_ms=3.000
[TIMING ] wwise_callback=beat  position_beats=708.944  error_ms=1.000
[TIMING ] wwise_callback=grid  position_beats=708.944  error_ms=1.000
[TIMING ] wwise_callback=beat  position_beats=709.966  error_ms=2.000
[TIMING ] wwise_callback=grid  position_beats=709.966  error_ms=2.000
[TIMING ] wwise_callback=beat  position_beats=710.987  error_ms=4.000
[TIMING ] wwise_callback=grid  position_beats=710.987  error_ms=4.000
[TIMING ] wwise_callback=bar  position_beats=711.955  error_ms=5.000
[TIMING ] wwise_callback=beat  position_beats=711.955  error_ms=5.000
[TIMING ] wwise_callback=grid  position_beats=711.955  error_ms=5.000
[TIMING ] wwise_callback=beat  position_beats=712.971  error_ms=4.000
[TIMING ] wwise_callback=grid  position_beats=712.971  error_ms=4.000
[TIMING ] wwise_callback=beat  position_beats=713.985  error_ms=3.000
[TIMING ] wwise_callback=grid  position_beats=713.985  error_ms=3.000
[TIMING ] wwise_callback=beat  position_beats=714.952  error_ms=1.000
[TIMING ] wwise_callback=grid  position_beats=714.952  error_ms=1.000
[TIMING ] wwise_callback=bar  position_beats=715.966  error_ms=0.000
[TIMING ] wwise_callback=beat  position_beats=715.966  error_ms=0.000
[TIMING ] wwise_callback=grid  position_beats=715.966  error_ms=0.000
[TIMING ] wwise_callback=beat  position_beats=716.984  error_ms=0.000
[TIMING ] wwise_callback=grid  position_beats=716.984  error_ms=0.000
[TIMING ] wwise_callback=beat  position_beats=717.966  error_ms=5.000
[TIMING ] wwise_callback=grid  position_beats=717.966  error_ms=5.000
[TIMING ] wwise_callback=beat  position_beats=718.984  error_ms=4.000
[TIMING ] wwise_callback=grid  position_beats=718.984  error_ms=4.000
[TIMING ] wwise_callback=bar  position_beats=719.955  error_ms=6.000
[TIMING ] wwise_callback=beat  position_beats=719.955  error_ms=6.000
[TIMING ] wwise_callback=grid  position_beats=719.955  error_ms=6.000
[AUDIO  ] arrangement=layer  enabled=true  requested_at=720.009
[TIMING ] wwise_callback=beat  position_beats=720.969  error_ms=5.000
[TIMING ] wwise_callback=grid  position_beats=720.969  error_ms=5.000
[TIMING ] wwise_callback=beat  position_beats=721.985  error_ms=4.000
[TIMING ] wwise_callback=grid  position_beats=721.985  error_ms=4.000
[TIMING ] wwise_callback=beat  position_beats=722.953  error_ms=3.000
[TIMING ] wwise_callback=grid  position_beats=722.953  error_ms=3.000
[TIMING ] wwise_callback=bar  position_beats=723.967  error_ms=2.000
[TIMING ] wwise_callback=beat  position_beats=723.967  error_ms=2.000
[TIMING ] wwise_callback=grid  position_beats=723.967  error_ms=2.000
[TIMING ] wwise_callback=beat  position_beats=724.981  error_ms=1.000
[TIMING ] wwise_callback=grid  position_beats=724.981  error_ms=1.000
[TIMING ] wwise_callback=beat  position_beats=725.950  error_ms=0.000
[TIMING ] wwise_callback=grid  position_beats=725.950  error_ms=0.000
[TIMING ] wwise_callback=beat  position_beats=726.968  error_ms=0.000
[TIMING ] wwise_callback=grid  position_beats=726.968  error_ms=0.000
[TIMING ] wwise_callback=bar  position_beats=728.004  error_ms=6.000
[TIMING ] wwise_callback=beat  position_beats=728.004  error_ms=6.000
[TIMING ] wwise_callback=grid  position_beats=728.004  error_ms=6.000
[TIMING ] wwise_callback=beat  position_beats=728.957  error_ms=1.000
[TIMING ] wwise_callback=grid  position_beats=728.957  error_ms=1.000
[TIMING ] wwise_callback=beat  position_beats=729.973  error_ms=1.000
[TIMING ] wwise_callback=grid  position_beats=729.973  error_ms=1.000
[TIMING ] wwise_callback=beat  position_beats=730.968  error_ms=12.000
[TIMING ] wwise_callback=grid  position_beats=730.968  error_ms=12.000
[TIMING ] wwise_callback=bar  position_beats=731.990  error_ms=14.000
[TIMING ] wwise_callback=beat  position_beats=731.990  error_ms=14.000
[TIMING ] wwise_callback=grid  position_beats=731.990  error_ms=14.000
[TIMING ] wwise_callback=beat  position_beats=732.980  error_ms=2.000
[TIMING ] wwise_callback=grid  position_beats=732.980  error_ms=2.000
[TIMING ] wwise_callback=beat  position_beats=733.951  error_ms=2.000
[TIMING ] wwise_callback=grid  position_beats=733.951  error_ms=2.000
[TIMING ] wwise_callback=beat  position_beats=734.965  error_ms=1.000
[TIMING ] wwise_callback=grid  position_beats=734.965  error_ms=1.000
[AUDIO  ] arrangement=transition  section=alternate  requested_at=736.016
[TIMING ] wwise_segment=wrapped  segment_ms=14769.000  elapsed_ms=339687.000
[TIMING ] wwise_callback=beat  position_beats=736.956  error_ms=3.000
[TIMING ] wwise_callback=grid  position_beats=736.956  error_ms=3.000
[TIMING ] wwise_callback=beat  position_beats=737.972  error_ms=2.000
[TIMING ] wwise_callback=grid  position_beats=737.972  error_ms=2.000
[TIMING ] wwise_callback=beat  position_beats=738.939  error_ms=0.000
[TIMING ] wwise_callback=grid  position_beats=738.939  error_ms=0.000
[TIMING ] wwise_callback=bar  position_beats=739.955  error_ms=0.000
[TIMING ] wwise_callback=beat  position_beats=739.955  error_ms=0.000
[TIMING ] wwise_callback=grid  position_beats=739.955  error_ms=0.000
[TIMING ] wwise_callback=beat  position_beats=740.984  error_ms=6.000
[TIMING ] wwise_callback=grid  position_beats=740.984  error_ms=6.000
[TIMING ] wwise_callback=beat  position_beats=741.950  error_ms=4.000
[TIMING ] wwise_callback=grid  position_beats=741.950  error_ms=4.000
[TIMING ] wwise_callback=beat  position_beats=742.967  error_ms=3.000
[TIMING ] wwise_callback=grid  position_beats=742.967  error_ms=3.000
[TIMING ] wwise_callback=bar  position_beats=743.985  error_ms=4.000
[TIMING ] wwise_callback=beat  position_beats=743.985  error_ms=4.000
[TIMING ] wwise_callback=grid  position_beats=743.985  error_ms=4.000
[TIMING ] wwise_callback=beat  position_beats=744.951  error_ms=0.000
[TIMING ] wwise_callback=grid  position_beats=744.951  error_ms=0.000
[TIMING ] wwise_callback=beat  position_beats=745.967  error_ms=2.000
[TIMING ] wwise_callback=grid  position_beats=745.967  error_ms=2.000
[TIMING ] wwise_callback=beat  position_beats=746.986  error_ms=2.000
[TIMING ] wwise_callback=grid  position_beats=746.986  error_ms=2.000
[TIMING ] wwise_callback=bar  position_beats=747.952  error_ms=0.000
[TIMING ] wwise_callback=beat  position_beats=747.952  error_ms=0.000
[TIMING ] wwise_callback=grid  position_beats=747.952  error_ms=0.000
[TIMING ] wwise_callback=beat  position_beats=748.970  error_ms=1.000
[TIMING ] wwise_callback=grid  position_beats=748.970  error_ms=1.000
[TIMING ] wwise_callback=beat  position_beats=749.939  error_ms=0.000
[TIMING ] wwise_callback=grid  position_beats=749.939  error_ms=0.000
[TIMING ] wwise_callback=beat  position_beats=750.968  error_ms=6.000
[TIMING ] wwise_callback=grid  position_beats=750.968  error_ms=6.000
[TIMING ] wwise_callback=bar  position_beats=751.986  error_ms=6.000
[TIMING ] wwise_callback=beat  position_beats=751.986  error_ms=6.000
[TIMING ] wwise_callback=grid  position_beats=751.986  error_ms=6.000
[AUDIO  ] arrangement=layer  enabled=false  requested_at=752.014
[TIMING ] wwise_callback=beat  position_beats=752.955  error_ms=4.000
[TIMING ] wwise_callback=grid  position_beats=752.955  error_ms=4.000
[TIMING ] wwise_callback=beat  position_beats=753.971  error_ms=3.000
[TIMING ] wwise_callback=grid  position_beats=753.971  error_ms=3.000
[TIMING ] wwise_callback=beat  position_beats=754.989  error_ms=6.000
[TIMING ] wwise_callback=grid  position_beats=754.989  error_ms=6.000
[TIMING ] wwise_callback=bar  position_beats=755.956  error_ms=4.000
[TIMING ] wwise_callback=beat  position_beats=755.956  error_ms=4.000
[TIMING ] wwise_callback=grid  position_beats=755.956  error_ms=4.000
[TIMING ] wwise_callback=beat  position_beats=756.972  error_ms=3.000
[TIMING ] wwise_callback=grid  position_beats=756.972  error_ms=3.000
[TIMING ] wwise_callback=beat  position_beats=757.986  error_ms=2.000
[TIMING ] wwise_callback=grid  position_beats=757.986  error_ms=2.000
[TIMING ] wwise_callback=beat  position_beats=758.954  error_ms=1.000
[TIMING ] wwise_callback=grid  position_beats=758.954  error_ms=1.000
[TIMING ] wwise_callback=bar  position_beats=759.968  error_ms=0.000
[TIMING ] wwise_callback=beat  position_beats=759.968  error_ms=0.000
[TIMING ] wwise_callback=grid  position_beats=759.968  error_ms=0.000
[TIMING ] wwise_callback=beat  position_beats=760.952  error_ms=6.000
[TIMING ] wwise_callback=grid  position_beats=760.952  error_ms=6.000
[TIMING ] wwise_callback=beat  position_beats=761.970  error_ms=5.000
[TIMING ] wwise_callback=grid  position_beats=761.970  error_ms=5.000
[TIMING ] wwise_callback=beat  position_beats=762.989  error_ms=5.000
[TIMING ] wwise_callback=grid  position_beats=762.989  error_ms=5.000
[TIMING ] wwise_callback=bar  position_beats=763.957  error_ms=6.000
[TIMING ] wwise_callback=beat  position_beats=763.957  error_ms=6.000
[TIMING ] wwise_callback=grid  position_beats=763.957  error_ms=6.000
[TIMING ] wwise_callback=beat  position_beats=764.960  error_ms=0.000
[TIMING ] wwise_callback=grid  position_beats=764.960  error_ms=0.000
[TIMING ] wwise_callback=beat  position_beats=765.992  error_ms=6.000
[TIMING ] wwise_callback=grid  position_beats=765.992  error_ms=6.000
[TIMING ] wwise_callback=beat  position_beats=766.960  error_ms=5.000
[TIMING ] wwise_callback=grid  position_beats=766.960  error_ms=5.000
[TIMING ] wwise_segment=wrapped  segment_ms=14769.000  elapsed_ms=354456.000
[AUDIO  ] arrangement=transition  section=loop  requested_at=768.011
[TIMING ] wwise_callback=beat  position_beats=768.988  error_ms=3.000
[TIMING ] wwise_callback=grid  position_beats=768.988  error_ms=3.000
[TIMING ] wwise_callback=beat  position_beats=769.954  error_ms=1.000
[TIMING ] wwise_callback=grid  position_beats=769.954  error_ms=1.000
[TIMING ] wwise_callback=beat  position_beats=770.975  error_ms=1.000
[TIMING ] wwise_callback=grid  position_beats=770.975  error_ms=1.000
[TIMING ] wwise_callback=bar  position_beats=771.945  error_ms=2.000
[TIMING ] wwise_callback=beat  position_beats=771.945  error_ms=2.000
[TIMING ] wwise_callback=grid  position_beats=771.945  error_ms=2.000
[TIMING ] wwise_callback=beat  position_beats=772.959  error_ms=1.000
[TIMING ] wwise_callback=grid  position_beats=772.959  error_ms=1.000
[TIMING ] wwise_callback=beat  position_beats=773.976  error_ms=1.000
[TIMING ] wwise_callback=grid  position_beats=773.976  error_ms=1.000
[TIMING ] wwise_callback=beat  position_beats=774.957  error_ms=6.000
[TIMING ] wwise_callback=grid  position_beats=774.957  error_ms=6.000
[TIMING ] wwise_callback=bar  position_beats=775.973  error_ms=5.000
[TIMING ] wwise_callback=beat  position_beats=775.973  error_ms=5.000
[TIMING ] wwise_callback=grid  position_beats=775.973  error_ms=5.000
[TIMING ] wwise_callback=beat  position_beats=776.989  error_ms=5.000
[TIMING ] wwise_callback=grid  position_beats=776.989  error_ms=5.000
[TIMING ] wwise_callback=beat  position_beats=777.956  error_ms=3.000
[TIMING ] wwise_callback=grid  position_beats=777.956  error_ms=3.000
[TIMING ] wwise_callback=beat  position_beats=778.970  error_ms=2.000
[TIMING ] wwise_callback=grid  position_beats=778.970  error_ms=2.000
[TIMING ] wwise_callback=bar  position_beats=779.990  error_ms=1.000
[TIMING ] wwise_callback=beat  position_beats=779.990  error_ms=1.000
[TIMING ] wwise_callback=grid  position_beats=779.990  error_ms=1.000
[TIMING ] wwise_callback=beat  position_beats=780.965  error_ms=5.000
[TIMING ] wwise_callback=grid  position_beats=780.965  error_ms=5.000
[TIMING ] wwise_callback=beat  position_beats=781.975  error_ms=2.000
[TIMING ] wwise_callback=grid  position_beats=781.975  error_ms=2.000
[TIMING ] wwise_callback=beat  position_beats=782.943  error_ms=1.000
[TIMING ] wwise_callback=grid  position_beats=782.943  error_ms=1.000
[TIMING ] wwise_callback=bar  position_beats=783.966  error_ms=4.000
[TIMING ] wwise_callback=beat  position_beats=783.966  error_ms=4.000
[TIMING ] wwise_callback=grid  position_beats=783.966  error_ms=4.000
[AUDIO  ] arrangement=layer  enabled=true  requested_at=784.018
[TIMING ] wwise_callback=beat  position_beats=784.984  error_ms=4.000
[TIMING ] wwise_callback=grid  position_beats=784.984  error_ms=4.000
[TIMING ] wwise_callback=beat  position_beats=785.953  error_ms=3.000
[TIMING ] wwise_callback=grid  position_beats=785.953  error_ms=3.000
[TIMING ] wwise_callback=beat  position_beats=786.967  error_ms=2.000
[TIMING ] wwise_callback=grid  position_beats=786.967  error_ms=2.000
[TIMING ] wwise_callback=bar  position_beats=787.987  error_ms=4.000
[TIMING ] wwise_callback=beat  position_beats=787.987  error_ms=4.000
[TIMING ] wwise_callback=grid  position_beats=787.987  error_ms=4.000
[TIMING ] wwise_callback=beat  position_beats=788.956  error_ms=3.000
[TIMING ] wwise_callback=grid  position_beats=788.956  error_ms=3.000
[TIMING ] wwise_callback=beat  position_beats=789.972  error_ms=2.000
[TIMING ] wwise_callback=grid  position_beats=789.972  error_ms=2.000
[TIMING ] wwise_callback=beat  position_beats=790.941  error_ms=1.000
[TIMING ] wwise_callback=grid  position_beats=790.941  error_ms=1.000
[TIMING ] wwise_callback=bar  position_beats=791.955  error_ms=0.000
[TIMING ] wwise_callback=beat  position_beats=791.955  error_ms=0.000
[TIMING ] wwise_callback=grid  position_beats=791.955  error_ms=0.000
[TIMING ] wwise_callback=beat  position_beats=792.971  error_ms=0.000
[TIMING ] wwise_callback=grid  position_beats=792.971  error_ms=0.000
[TIMING ] wwise_callback=beat  position_beats=793.954  error_ms=6.000
[TIMING ] wwise_callback=grid  position_beats=793.954  error_ms=6.000
[TIMING ] wwise_callback=beat  position_beats=794.971  error_ms=5.000
[TIMING ] wwise_callback=grid  position_beats=794.971  error_ms=5.000
[TIMING ] wwise_callback=bar  position_beats=795.980  error_ms=2.000
[TIMING ] wwise_callback=beat  position_beats=795.980  error_ms=2.000
[TIMING ] wwise_callback=grid  position_beats=795.980  error_ms=2.000
[TIMING ] wwise_callback=beat  position_beats=796.962  error_ms=4.000
[TIMING ] wwise_callback=grid  position_beats=796.962  error_ms=4.000
[TIMING ] wwise_callback=beat  position_beats=797.963  error_ms=0.000
[TIMING ] wwise_callback=grid  position_beats=797.963  error_ms=0.000
[TIMING ] wwise_callback=beat  position_beats=798.994  error_ms=6.000
[TIMING ] wwise_callback=grid  position_beats=798.994  error_ms=6.000
[TIMING ] wwise_segment=wrapped  segment_ms=14769.000  elapsed_ms=369225.000
[AUDIO  ] arrangement=transition  section=alternate  requested_at=800.010
[TIMING ] wwise_callback=beat  position_beats=800.972  error_ms=2.000
[TIMING ] wwise_callback=grid  position_beats=800.972  error_ms=2.000
[TIMING ] wwise_callback=beat  position_beats=801.949  error_ms=5.000
[TIMING ] wwise_callback=grid  position_beats=801.949  error_ms=5.000
[TIMING ] wwise_callback=beat  position_beats=802.963  error_ms=4.000
[TIMING ] wwise_callback=grid  position_beats=802.963  error_ms=4.000
[TIMING ] wwise_callback=bar  position_beats=803.982  error_ms=5.000
[TIMING ] wwise_callback=beat  position_beats=803.982  error_ms=5.000
[TIMING ] wwise_callback=grid  position_beats=803.982  error_ms=5.000
[TIMING ] wwise_callback=beat  position_beats=804.965  error_ms=11.000
[TIMING ] wwise_callback=grid  position_beats=804.965  error_ms=11.000
[TIMING ] wwise_callback=beat  position_beats=805.973  error_ms=6.000
[TIMING ] wwise_callback=grid  position_beats=805.973  error_ms=6.000
[TIMING ] wwise_callback=beat  position_beats=806.982  error_ms=3.000
[TIMING ] wwise_callback=grid  position_beats=806.982  error_ms=3.000
[TIMING ] wwise_callback=bar  position_beats=807.949  error_ms=1.000
[TIMING ] wwise_callback=beat  position_beats=807.949  error_ms=1.000
[TIMING ] wwise_callback=grid  position_beats=807.949  error_ms=1.000
[TIMING ] wwise_callback=beat  position_beats=808.969  error_ms=3.000
[TIMING ] wwise_callback=grid  position_beats=808.969  error_ms=3.000
[TIMING ] wwise_callback=beat  position_beats=809.981  error_ms=0.000
[TIMING ] wwise_callback=grid  position_beats=809.981  error_ms=0.000
[TIMING ] wwise_callback=beat  position_beats=810.960  error_ms=4.000
[TIMING ] wwise_callback=grid  position_beats=810.960  error_ms=4.000
[TIMING ] wwise_callback=bar  position_beats=811.974  error_ms=3.000
[TIMING ] wwise_callback=beat  position_beats=811.974  error_ms=3.000
[TIMING ] wwise_callback=grid  position_beats=811.974  error_ms=3.000
[TIMING ] wwise_callback=beat  position_beats=812.941  error_ms=1.000
[TIMING ] wwise_callback=grid  position_beats=812.941  error_ms=1.000
[TIMING ] wwise_callback=beat  position_beats=813.972  error_ms=7.000
[TIMING ] wwise_callback=grid  position_beats=813.972  error_ms=7.000
[TIMING ] wwise_callback=beat  position_beats=814.986  error_ms=6.000
[TIMING ] wwise_callback=grid  position_beats=814.986  error_ms=6.000
[TIMING ] wwise_callback=bar  position_beats=815.937  error_ms=-3.000
[TIMING ] wwise_callback=beat  position_beats=815.937  error_ms=-3.000
[TIMING ] wwise_callback=grid  position_beats=815.937  error_ms=-3.000
[AUDIO  ] arrangement=layer  enabled=false  requested_at=816.004
[TIMING ] wwise_callback=beat  position_beats=816.971  error_ms=5.000
[TIMING ] wwise_callback=grid  position_beats=816.971  error_ms=5.000
[TIMING ] wwise_callback=beat  position_beats=817.978  error_ms=1.000
[TIMING ] wwise_callback=grid  position_beats=817.978  error_ms=1.000
[TIMING ] wwise_callback=beat  position_beats=818.949  error_ms=1.000
[TIMING ] wwise_callback=grid  position_beats=818.949  error_ms=1.000
[TIMING ] wwise_callback=bar  position_beats=819.984  error_ms=9.000
[TIMING ] wwise_callback=beat  position_beats=819.984  error_ms=9.000
[TIMING ] wwise_callback=grid  position_beats=819.984  error_ms=9.000
[TIMING ] wwise_callback=beat  position_beats=820.994  error_ms=6.000
[TIMING ] wwise_callback=grid  position_beats=820.994  error_ms=6.000
[TIMING ] wwise_callback=beat  position_beats=821.969  error_ms=8.000
[TIMING ] wwise_callback=grid  position_beats=821.969  error_ms=8.000
[TIMING ] wwise_callback=beat  position_beats=822.985  error_ms=6.000
[TIMING ] wwise_callback=grid  position_beats=822.985  error_ms=6.000
[TIMING ] wwise_callback=bar  position_beats=823.949  error_ms=5.000
[TIMING ] wwise_callback=beat  position_beats=823.949  error_ms=5.000
[TIMING ] wwise_callback=grid  position_beats=823.949  error_ms=5.000
[TIMING ] wwise_callback=beat  position_beats=824.963  error_ms=3.000
[TIMING ] wwise_callback=grid  position_beats=824.963  error_ms=3.000
[TIMING ] wwise_callback=beat  position_beats=825.982  error_ms=4.000
[TIMING ] wwise_callback=grid  position_beats=825.982  error_ms=4.000
[TIMING ] wwise_callback=beat  position_beats=826.948  error_ms=2.000
[TIMING ] wwise_callback=grid  position_beats=826.948  error_ms=2.000
[TIMING ] wwise_callback=bar  position_beats=827.962  error_ms=1.000
[TIMING ] wwise_callback=beat  position_beats=827.962  error_ms=1.000
[TIMING ] wwise_callback=grid  position_beats=827.962  error_ms=1.000
[TIMING ] wwise_callback=beat  position_beats=828.987  error_ms=4.000
[TIMING ] wwise_callback=grid  position_beats=828.987  error_ms=4.000
[TIMING ] wwise_callback=beat  position_beats=829.953  error_ms=2.000
[TIMING ] wwise_callback=grid  position_beats=829.953  error_ms=2.000
[TIMING ] wwise_callback=beat  position_beats=830.967  error_ms=1.000
[TIMING ] wwise_callback=grid  position_beats=830.967  error_ms=1.000
[TIMING ] wwise_segment=wrapped  segment_ms=14769.000  elapsed_ms=383994.000
[AUDIO  ] arrangement=transition  section=loop  requested_at=832.014
[TIMING ] wwise_callback=beat  position_beats=832.956  error_ms=2.000
[TIMING ] wwise_callback=grid  position_beats=832.956  error_ms=2.000
[TIMING ] wwise_callback=beat  position_beats=833.970  error_ms=1.000
[TIMING ] wwise_callback=grid  position_beats=833.970  error_ms=1.000
[TIMING ] wwise_callback=beat  position_beats=834.939  error_ms=0.000
[TIMING ] wwise_callback=grid  position_beats=834.939  error_ms=0.000
[TIMING ] wwise_callback=bar  position_beats=835.959  error_ms=1.000
[TIMING ] wwise_callback=beat  position_beats=835.959  error_ms=1.000
[TIMING ] wwise_callback=grid  position_beats=835.959  error_ms=1.000
[TIMING ] wwise_callback=beat  position_beats=836.993  error_ms=9.000
[TIMING ] wwise_callback=grid  position_beats=836.993  error_ms=9.000
[TIMING ] wwise_callback=beat  position_beats=837.953  error_ms=4.000
[TIMING ] wwise_callback=grid  position_beats=837.953  error_ms=4.000
[TIMING ] wwise_callback=beat  position_beats=838.969  error_ms=4.000
[TIMING ] wwise_callback=grid  position_beats=838.969  error_ms=4.000
[TIMING ] wwise_callback=bar  position_beats=839.987  error_ms=4.000
[TIMING ] wwise_callback=beat  position_beats=839.987  error_ms=4.000
[TIMING ] wwise_callback=grid  position_beats=839.987  error_ms=4.000
[TIMING ] wwise_callback=beat  position_beats=840.958  error_ms=4.000
[TIMING ] wwise_callback=grid  position_beats=840.958  error_ms=4.000
[TIMING ] wwise_callback=beat  position_beats=841.974  error_ms=4.000
[TIMING ] wwise_callback=grid  position_beats=841.974  error_ms=4.000
[TIMING ] wwise_callback=beat  position_beats=842.940  error_ms=2.000
[TIMING ] wwise_callback=grid  position_beats=842.940  error_ms=2.000
[TIMING ] wwise_callback=bar  position_beats=843.954  error_ms=1.000
[TIMING ] wwise_callback=beat  position_beats=843.954  error_ms=1.000
[TIMING ] wwise_callback=grid  position_beats=843.954  error_ms=1.000
[TIMING ] wwise_callback=beat  position_beats=844.977  error_ms=3.000
[TIMING ] wwise_callback=grid  position_beats=844.977  error_ms=3.000
[TIMING ] wwise_callback=beat  position_beats=845.943  error_ms=1.000
[TIMING ] wwise_callback=grid  position_beats=845.943  error_ms=1.000
[TIMING ] wwise_callback=beat  position_beats=846.957  error_ms=0.000
[TIMING ] wwise_callback=grid  position_beats=846.957  error_ms=0.000
[TIMING ] wwise_callback=bar  position_beats=847.973  error_ms=0.000
[TIMING ] wwise_callback=beat  position_beats=847.973  error_ms=0.000
[TIMING ] wwise_callback=grid  position_beats=847.973  error_ms=0.000
[AUDIO  ] arrangement=layer  enabled=true  requested_at=848.001
[TIMING ] wwise_callback=beat  position_beats=848.953  error_ms=4.000
[TIMING ] wwise_callback=grid  position_beats=848.953  error_ms=4.000
[TIMING ] wwise_callback=beat  position_beats=849.962  error_ms=0.000
[TIMING ] wwise_callback=grid  position_beats=849.962  error_ms=0.000
[TIMING ] wwise_callback=beat  position_beats=850.978  error_ms=0.000
[TIMING ] wwise_callback=grid  position_beats=850.978  error_ms=0.000
[TIMING ] wwise_callback=bar  position_beats=851.960  error_ms=5.000
[TIMING ] wwise_callback=beat  position_beats=851.960  error_ms=5.000
[TIMING ] wwise_callback=grid  position_beats=851.960  error_ms=5.000
[TIMING ] wwise_callback=beat  position_beats=852.974  error_ms=4.000
[TIMING ] wwise_callback=grid  position_beats=852.974  error_ms=4.000
[TIMING ] wwise_callback=beat  position_beats=853.942  error_ms=3.000
[TIMING ] wwise_callback=grid  position_beats=853.942  error_ms=3.000
[TIMING ] wwise_callback=beat  position_beats=854.963  error_ms=4.000
[TIMING ] wwise_callback=grid  position_beats=854.963  error_ms=4.000
[TIMING ] wwise_callback=bar  position_beats=855.977  error_ms=3.000
[TIMING ] wwise_callback=beat  position_beats=855.977  error_ms=3.000
[TIMING ] wwise_callback=grid  position_beats=855.977  error_ms=3.000
[TIMING ] wwise_callback=beat  position_beats=856.950  error_ms=1.000
[TIMING ] wwise_callback=grid  position_beats=856.950  error_ms=1.000
[TIMING ] wwise_callback=beat  position_beats=857.964  error_ms=1.000
[TIMING ] wwise_callback=grid  position_beats=857.964  error_ms=1.000
[TIMING ] wwise_callback=beat  position_beats=858.989  error_ms=6.000
[TIMING ] wwise_callback=grid  position_beats=858.989  error_ms=6.000
[TIMING ] wwise_callback=bar  position_beats=859.957  error_ms=5.000
[TIMING ] wwise_callback=beat  position_beats=859.957  error_ms=5.000
[TIMING ] wwise_callback=grid  position_beats=859.957  error_ms=5.000
[TIMING ] wwise_callback=beat  position_beats=860.965  error_ms=1.000
[TIMING ] wwise_callback=grid  position_beats=860.965  error_ms=1.000
[TIMING ] wwise_callback=beat  position_beats=861.979  error_ms=0.000
[TIMING ] wwise_callback=grid  position_beats=861.979  error_ms=0.000
[TIMING ] wwise_callback=beat  position_beats=862.962  error_ms=6.000
[TIMING ] wwise_callback=grid  position_beats=862.962  error_ms=6.000
[AUDIO  ] arrangement=transition  section=alternate  requested_at=864.000
[TIMING ] wwise_segment=wrapped  segment_ms=14769.000  elapsed_ms=398763.000
[TIMING ] wwise_callback=beat  position_beats=864.953  error_ms=8.000
[TIMING ] wwise_callback=grid  position_beats=864.953  error_ms=8.000
[TIMING ] wwise_callback=beat  position_beats=865.967  error_ms=6.000
[TIMING ] wwise_callback=grid  position_beats=865.967  error_ms=6.000
[TIMING ] wwise_callback=beat  position_beats=866.997  error_ms=12.000
[TIMING ] wwise_callback=grid  position_beats=866.997  error_ms=12.000
[TIMING ] wwise_callback=bar  position_beats=867.961  error_ms=9.000
[TIMING ] wwise_callback=beat  position_beats=867.961  error_ms=9.000
[TIMING ] wwise_callback=grid  position_beats=867.961  error_ms=9.000
[TIMING ] wwise_callback=beat  position_beats=868.968  error_ms=5.000
[TIMING ] wwise_callback=grid  position_beats=868.968  error_ms=5.000
[TIMING ] wwise_callback=beat  position_beats=869.986  error_ms=5.000
[TIMING ] wwise_callback=grid  position_beats=869.986  error_ms=5.000
[TIMING ] wwise_callback=beat  position_beats=870.946  error_ms=0.000
[TIMING ] wwise_callback=grid  position_beats=870.946  error_ms=0.000
[TIMING ] wwise_callback=bar  position_beats=871.962  error_ms=0.000
[TIMING ] wwise_callback=beat  position_beats=871.962  error_ms=0.000
[TIMING ] wwise_callback=grid  position_beats=871.962  error_ms=0.000
[TIMING ] wwise_callback=beat  position_beats=872.989  error_ms=5.000
[TIMING ] wwise_callback=grid  position_beats=872.989  error_ms=5.000
[TIMING ] wwise_callback=beat  position_beats=873.960  error_ms=5.000
[TIMING ] wwise_callback=grid  position_beats=873.960  error_ms=5.000
[TIMING ] wwise_callback=beat  position_beats=874.976  error_ms=3.000
[TIMING ] wwise_callback=grid  position_beats=874.976  error_ms=3.000
[TIMING ] wwise_callback=bar  position_beats=875.949  error_ms=5.000
[TIMING ] wwise_callback=beat  position_beats=875.949  error_ms=5.000
[TIMING ] wwise_callback=grid  position_beats=875.949  error_ms=5.000
[TIMING ] wwise_callback=beat  position_beats=876.963  error_ms=4.000
[TIMING ] wwise_callback=grid  position_beats=876.963  error_ms=4.000
[TIMING ] wwise_callback=beat  position_beats=877.977  error_ms=3.000
[TIMING ] wwise_callback=grid  position_beats=877.977  error_ms=3.000
[TIMING ] wwise_callback=beat  position_beats=878.943  error_ms=1.000
[TIMING ] wwise_callback=grid  position_beats=878.943  error_ms=1.000
[TIMING ] wwise_callback=bar  position_beats=879.962  error_ms=1.000
[TIMING ] wwise_callback=beat  position_beats=879.962  error_ms=1.000
[TIMING ] wwise_callback=grid  position_beats=879.962  error_ms=1.000
[AUDIO  ] arrangement=layer  enabled=false  requested_at=880.007
[TIMING ] wwise_callback=beat  position_beats=880.976  error_ms=0.000
[TIMING ] wwise_callback=grid  position_beats=880.976  error_ms=0.000
[TIMING ] wwise_callback=beat  position_beats=881.957  error_ms=5.000
[TIMING ] wwise_callback=grid  position_beats=881.957  error_ms=5.000
[TIMING ] wwise_callback=beat  position_beats=882.963  error_ms=0.000
[TIMING ] wwise_callback=grid  position_beats=882.963  error_ms=0.000
[TIMING ] wwise_callback=bar  position_beats=883.985  error_ms=1.000
[TIMING ] wwise_callback=beat  position_beats=883.985  error_ms=1.000
[TIMING ] wwise_callback=grid  position_beats=883.985  error_ms=1.000
[TIMING ] wwise_callback=beat  position_beats=884.962  error_ms=5.000
[TIMING ] wwise_callback=grid  position_beats=884.962  error_ms=5.000
[TIMING ] wwise_callback=beat  position_beats=885.970  error_ms=1.000
[TIMING ] wwise_callback=grid  position_beats=885.970  error_ms=1.000
[TIMING ] wwise_callback=beat  position_beats=886.951  error_ms=6.000
[TIMING ] wwise_callback=grid  position_beats=886.951  error_ms=6.000
[TIMING ] wwise_callback=bar  position_beats=888.009  error_ms=25.000
[TIMING ] wwise_callback=beat  position_beats=888.009  error_ms=25.000
[TIMING ] wwise_callback=grid  position_beats=888.009  error_ms=25.000
[TIMING ] wwise_callback=beat  position_beats=888.982  error_ms=4.000
[TIMING ] wwise_callback=grid  position_beats=888.982  error_ms=4.000
[TIMING ] wwise_callback=beat  position_beats=889.948  error_ms=2.000
[TIMING ] wwise_callback=grid  position_beats=889.948  error_ms=2.000
[TIMING ] wwise_callback=beat  position_beats=890.964  error_ms=2.000
[TIMING ] wwise_callback=grid  position_beats=890.964  error_ms=2.000
[TIMING ] wwise_callback=bar  position_beats=891.987  error_ms=5.000
[TIMING ] wwise_callback=beat  position_beats=891.987  error_ms=5.000
[TIMING ] wwise_callback=grid  position_beats=891.987  error_ms=5.000
[TIMING ] wwise_callback=beat  position_beats=892.951  error_ms=2.000
[TIMING ] wwise_callback=grid  position_beats=892.951  error_ms=2.000
[TIMING ] wwise_callback=beat  position_beats=893.971  error_ms=3.000
[TIMING ] wwise_callback=grid  position_beats=893.971  error_ms=3.000
[TIMING ] wwise_callback=beat  position_beats=894.935  error_ms=0.000
[TIMING ] wwise_callback=grid  position_beats=894.935  error_ms=0.000
[TIMING ] wwise_segment=wrapped  segment_ms=14769.000  elapsed_ms=413532.000
[AUDIO  ] arrangement=transition  section=loop  requested_at=896.001
[TIMING ] wwise_callback=beat  position_beats=896.974  error_ms=3.000
[TIMING ] wwise_callback=grid  position_beats=896.974  error_ms=3.000
[TIMING ] wwise_callback=beat  position_beats=897.938  error_ms=0.000
[TIMING ] wwise_callback=grid  position_beats=897.938  error_ms=0.000
[TIMING ] wwise_callback=beat  position_beats=898.970  error_ms=6.000
[TIMING ] wwise_callback=grid  position_beats=898.970  error_ms=6.000
[TIMING ] wwise_callback=bar  position_beats=899.984  error_ms=5.000
[TIMING ] wwise_callback=beat  position_beats=899.984  error_ms=5.000
[TIMING ] wwise_callback=grid  position_beats=899.984  error_ms=5.000
[TIMING ] wwise_callback=beat  position_beats=900.950  error_ms=1.000
[TIMING ] wwise_callback=grid  position_beats=900.950  error_ms=1.000
[TIMING ] wwise_callback=beat  position_beats=901.968  error_ms=4.000
[TIMING ] wwise_callback=grid  position_beats=901.968  error_ms=4.000
[TIMING ] wwise_callback=beat  position_beats=902.978  error_ms=0.000
[TIMING ] wwise_callback=grid  position_beats=902.978  error_ms=0.000
[TIMING ] wwise_callback=bar  position_beats=903.955  error_ms=3.000
[TIMING ] wwise_callback=beat  position_beats=903.955  error_ms=3.000
[TIMING ] wwise_callback=grid  position_beats=903.955  error_ms=3.000
[TIMING ] wwise_callback=beat  position_beats=904.969  error_ms=2.000
[TIMING ] wwise_callback=grid  position_beats=904.969  error_ms=2.000
[TIMING ] wwise_callback=beat  position_beats=905.940  error_ms=2.000
[TIMING ] wwise_callback=grid  position_beats=905.940  error_ms=2.000
[TIMING ] wwise_callback=beat  position_beats=906.952  error_ms=0.000
[TIMING ] wwise_callback=grid  position_beats=906.952  error_ms=0.000
[TIMING ] wwise_callback=bar  position_beats=907.983  error_ms=6.000
[TIMING ] wwise_callback=beat  position_beats=907.983  error_ms=6.000
[TIMING ] wwise_callback=grid  position_beats=907.983  error_ms=6.000
[TIMING ] wwise_callback=beat  position_beats=908.954  error_ms=5.000
[TIMING ] wwise_callback=grid  position_beats=908.954  error_ms=5.000
[TIMING ] wwise_callback=beat  position_beats=909.970  error_ms=4.000
[TIMING ] wwise_callback=grid  position_beats=909.970  error_ms=4.000
[TIMING ] wwise_callback=beat  position_beats=910.982  error_ms=4.000
[TIMING ] wwise_callback=grid  position_beats=910.982  error_ms=4.000
[TIMING ] wwise_callback=bar  position_beats=911.955  error_ms=5.000
[TIMING ] wwise_callback=beat  position_beats=911.955  error_ms=5.000
[TIMING ] wwise_callback=grid  position_beats=911.955  error_ms=5.000
[AUDIO  ] arrangement=layer  enabled=true  requested_at=912.002
[TIMING ] wwise_callback=beat  position_beats=912.971  error_ms=4.000
[TIMING ] wwise_callback=grid  position_beats=912.971  error_ms=4.000
[TIMING ] wwise_callback=beat  position_beats=913.985  error_ms=3.000
[TIMING ] wwise_callback=grid  position_beats=913.985  error_ms=3.000
[TIMING ] wwise_callback=beat  position_beats=914.958  error_ms=4.000
[TIMING ] wwise_callback=grid  position_beats=914.958  error_ms=4.000
[TIMING ] wwise_callback=bar  position_beats=915.969  error_ms=2.000
[TIMING ] wwise_callback=beat  position_beats=915.969  error_ms=2.000
[TIMING ] wwise_callback=grid  position_beats=915.969  error_ms=2.000
[TIMING ] wwise_callback=beat  position_beats=916.953  error_ms=8.000
[TIMING ] wwise_callback=grid  position_beats=916.953  error_ms=8.000
[TIMING ] wwise_callback=beat  position_beats=917.965  error_ms=4.000
[TIMING ] wwise_callback=grid  position_beats=917.965  error_ms=4.000
[TIMING ] wwise_callback=beat  position_beats=918.981  error_ms=3.000
[TIMING ] wwise_callback=grid  position_beats=918.981  error_ms=3.000
[TIMING ] wwise_callback=bar  position_beats=919.952  error_ms=5.000
[TIMING ] wwise_callback=beat  position_beats=919.952  error_ms=5.000
[TIMING ] wwise_callback=grid  position_beats=919.952  error_ms=5.000
[TIMING ] wwise_callback=beat  position_beats=920.974  error_ms=8.000
[TIMING ] wwise_callback=grid  position_beats=920.974  error_ms=8.000
[TIMING ] wwise_callback=beat  position_beats=921.984  error_ms=4.000
[TIMING ] wwise_callback=grid  position_beats=921.984  error_ms=4.000
[TIMING ] wwise_callback=beat  position_beats=922.950  error_ms=2.000
[TIMING ] wwise_callback=grid  position_beats=922.950  error_ms=2.000
[TIMING ] wwise_callback=bar  position_beats=923.966  error_ms=2.000
[TIMING ] wwise_callback=beat  position_beats=923.966  error_ms=2.000
[TIMING ] wwise_callback=grid  position_beats=923.966  error_ms=2.000
[TIMING ] wwise_callback=beat  position_beats=924.980  error_ms=1.000
[TIMING ] wwise_callback=grid  position_beats=924.980  error_ms=1.000
[TIMING ] wwise_callback=beat  position_beats=925.962  error_ms=6.000
[TIMING ] wwise_callback=grid  position_beats=925.962  error_ms=6.000
[TIMING ] wwise_callback=beat  position_beats=926.982  error_ms=5.000
[TIMING ] wwise_callback=grid  position_beats=926.982  error_ms=5.000
[TIMING ] wwise_segment=wrapped  segment_ms=14769.000  elapsed_ms=428301.000
[AUDIO  ] arrangement=transition  section=alternate  requested_at=928.007
[TIMING ] wwise_callback=beat  position_beats=928.961  error_ms=3.000
[TIMING ] wwise_callback=grid  position_beats=928.961  error_ms=3.000
[TIMING ] wwise_callback=beat  position_beats=929.970  error_ms=0.000
[TIMING ] wwise_callback=grid  position_beats=929.970  error_ms=0.000
[TIMING ] wwise_callback=beat  position_beats=930.950  error_ms=4.000
[TIMING ] wwise_callback=grid  position_beats=930.950  error_ms=4.000
[TIMING ] wwise_callback=bar  position_beats=931.966  error_ms=4.000
[TIMING ] wwise_callback=beat  position_beats=931.966  error_ms=4.000
[TIMING ] wwise_callback=grid  position_beats=931.966  error_ms=4.000
[TIMING ] wwise_callback=beat  position_beats=932.984  error_ms=4.000
[TIMING ] wwise_callback=grid  position_beats=932.984  error_ms=4.000
[TIMING ] wwise_callback=beat  position_beats=933.961  error_ms=7.000
[TIMING ] wwise_callback=grid  position_beats=933.961  error_ms=7.000
[TIMING ] wwise_callback=beat  position_beats=934.973  error_ms=5.000
[TIMING ] wwise_callback=grid  position_beats=934.973  error_ms=5.000
[TIMING ] wwise_callback=bar  position_beats=935.944  error_ms=5.000
[TIMING ] wwise_callback=beat  position_beats=935.944  error_ms=5.000
[TIMING ] wwise_callback=grid  position_beats=935.944  error_ms=5.000
[TIMING ] wwise_callback=beat  position_beats=936.986  error_ms=17.000
[TIMING ] wwise_callback=grid  position_beats=936.986  error_ms=17.000
[TIMING ] wwise_callback=beat  position_beats=937.970  error_ms=1.000
[TIMING ] wwise_callback=grid  position_beats=937.970  error_ms=1.000
[TIMING ] wwise_callback=beat  position_beats=938.951  error_ms=6.000
[TIMING ] wwise_callback=grid  position_beats=938.951  error_ms=6.000
[TIMING ] wwise_callback=bar  position_beats=939.967  error_ms=6.000
[TIMING ] wwise_callback=beat  position_beats=939.967  error_ms=6.000
[TIMING ] wwise_callback=grid  position_beats=939.967  error_ms=6.000
[TIMING ] wwise_callback=beat  position_beats=940.970  error_ms=0.000
[TIMING ] wwise_callback=grid  position_beats=940.970  error_ms=0.000
[TIMING ] wwise_callback=beat  position_beats=941.941  error_ms=0.000
[TIMING ] wwise_callback=grid  position_beats=941.941  error_ms=0.000
[TIMING ] wwise_callback=beat  position_beats=943.070  error_ms=51.000
[TIMING ] wwise_callback=grid  position_beats=943.070  error_ms=51.000
[TIMING ] wwise_callback=bar  position_beats=943.978  error_ms=1.000
[TIMING ] wwise_callback=beat  position_beats=943.978  error_ms=1.000
[TIMING ] wwise_callback=grid  position_beats=943.978  error_ms=1.000
[AUDIO  ] arrangement=layer  enabled=false  requested_at=944.008
[TIMING ] wwise_callback=beat  position_beats=944.953  error_ms=3.000
[TIMING ] wwise_callback=grid  position_beats=944.953  error_ms=3.000
[TIMING ] wwise_callback=beat  position_beats=945.962  error_ms=0.000
[TIMING ] wwise_callback=grid  position_beats=945.962  error_ms=0.000
[TIMING ] wwise_callback=beat  position_beats=946.946  error_ms=6.000
[TIMING ] wwise_callback=grid  position_beats=946.946  error_ms=6.000
[TIMING ] wwise_callback=bar  position_beats=947.962  error_ms=5.000
[TIMING ] wwise_callback=beat  position_beats=947.962  error_ms=5.000
[TIMING ] wwise_callback=grid  position_beats=947.962  error_ms=5.000
[TIMING ] wwise_callback=beat  position_beats=948.976  error_ms=4.000
[TIMING ] wwise_callback=grid  position_beats=948.976  error_ms=4.000
[TIMING ] wwise_callback=beat  position_beats=949.945  error_ms=3.000
[TIMING ] wwise_callback=grid  position_beats=949.945  error_ms=3.000
[TIMING ] wwise_callback=beat  position_beats=950.959  error_ms=2.000
[TIMING ] wwise_callback=grid  position_beats=950.959  error_ms=2.000
[TIMING ] wwise_callback=bar  position_beats=951.975  error_ms=1.000
[TIMING ] wwise_callback=beat  position_beats=951.975  error_ms=1.000
[TIMING ] wwise_callback=grid  position_beats=951.975  error_ms=1.000
[TIMING ] wwise_callback=beat  position_beats=952.945  error_ms=0.000
[TIMING ] wwise_callback=grid  position_beats=952.945  error_ms=0.000
[TIMING ] wwise_callback=beat  position_beats=953.964  error_ms=2.000
[TIMING ] wwise_callback=grid  position_beats=953.964  error_ms=2.000
[TIMING ] wwise_callback=beat  position_beats=954.978  error_ms=1.000
[TIMING ] wwise_callback=grid  position_beats=954.978  error_ms=1.000
[TIMING ] wwise_callback=bar  position_beats=955.946  error_ms=0.000
[TIMING ] wwise_callback=beat  position_beats=955.946  error_ms=0.000
[TIMING ] wwise_callback=grid  position_beats=955.946  error_ms=0.000
[TIMING ] wwise_callback=beat  position_beats=956.978  error_ms=6.000
[TIMING ] wwise_callback=grid  position_beats=956.978  error_ms=6.000
[TIMING ] wwise_callback=beat  position_beats=957.950  error_ms=7.000
[TIMING ] wwise_callback=grid  position_beats=957.950  error_ms=7.000
[TIMING ] wwise_callback=beat  position_beats=958.962  error_ms=5.000
[TIMING ] wwise_callback=grid  position_beats=958.962  error_ms=5.000
[TIMING ] wwise_segment=wrapped  segment_ms=14769.000  elapsed_ms=443070.000
[AUDIO  ] arrangement=transition  section=loop  requested_at=960.013
[TIMING ] wwise_callback=beat  position_beats=960.953  error_ms=6.000
[TIMING ] wwise_callback=grid  position_beats=960.953  error_ms=6.000
[TIMING ] wwise_callback=beat  position_beats=961.957  error_ms=1.000
[TIMING ] wwise_callback=grid  position_beats=961.957  error_ms=1.000
[TIMING ] wwise_callback=beat  position_beats=962.990  error_ms=8.000
[TIMING ] wwise_callback=grid  position_beats=962.990  error_ms=8.000
[TIMING ] wwise_callback=bar  position_beats=963.969  error_ms=12.000
[TIMING ] wwise_callback=beat  position_beats=963.969  error_ms=12.000
[TIMING ] wwise_callback=grid  position_beats=963.969  error_ms=12.000
[TIMING ] wwise_callback=beat  position_beats=964.966  error_ms=3.000
[TIMING ] wwise_callback=grid  position_beats=964.966  error_ms=3.000
[TIMING ] wwise_callback=beat  position_beats=965.984  error_ms=4.000
[TIMING ] wwise_callback=grid  position_beats=965.984  error_ms=4.000
[TIMING ] wwise_callback=beat  position_beats=966.948  error_ms=1.000
[TIMING ] wwise_callback=grid  position_beats=966.948  error_ms=1.000
[TIMING ] wwise_callback=bar  position_beats=967.967  error_ms=1.000
[TIMING ] wwise_callback=beat  position_beats=967.967  error_ms=1.000
[TIMING ] wwise_callback=grid  position_beats=967.967  error_ms=1.000
[TIMING ] wwise_callback=beat  position_beats=968.948  error_ms=6.000
[TIMING ] wwise_callback=grid  position_beats=968.948  error_ms=6.000
[TIMING ] wwise_callback=beat  position_beats=969.971  error_ms=9.000
[TIMING ] wwise_callback=grid  position_beats=969.971  error_ms=9.000
[TIMING ] wwise_callback=beat  position_beats=970.972  error_ms=1.000
[TIMING ] wwise_callback=grid  position_beats=970.972  error_ms=1.000
[TIMING ] wwise_callback=bar  position_beats=971.940  error_ms=1.000
[TIMING ] wwise_callback=beat  position_beats=971.940  error_ms=1.000
[TIMING ] wwise_callback=grid  position_beats=971.940  error_ms=1.000
[TIMING ] wwise_callback=beat  position_beats=972.959  error_ms=1.000
[TIMING ] wwise_callback=grid  position_beats=972.959  error_ms=1.000
[TIMING ] wwise_callback=beat  position_beats=973.973  error_ms=0.000
[TIMING ] wwise_callback=grid  position_beats=973.973  error_ms=0.000
[TIMING ] wwise_callback=beat  position_beats=974.948  error_ms=2.000
[TIMING ] wwise_callback=grid  position_beats=974.948  error_ms=2.000
[TIMING ] wwise_callback=bar  position_beats=975.962  error_ms=1.000
[TIMING ] wwise_callback=beat  position_beats=975.962  error_ms=1.000
[TIMING ] wwise_callback=grid  position_beats=975.962  error_ms=1.000
[AUDIO  ] arrangement=layer  enabled=true  requested_at=976.009
[TIMING ] wwise_callback=beat  position_beats=976.978  error_ms=0.000
[TIMING ] wwise_callback=grid  position_beats=976.978  error_ms=0.000
[TIMING ] wwise_callback=beat  position_beats=977.959  error_ms=5.000
[TIMING ] wwise_callback=grid  position_beats=977.959  error_ms=5.000
[TIMING ] wwise_callback=beat  position_beats=978.976  error_ms=2.000
[TIMING ] wwise_callback=grid  position_beats=978.976  error_ms=2.000
[TIMING ] wwise_callback=bar  position_beats=979.948  error_ms=6.000
[TIMING ] wwise_callback=beat  position_beats=979.948  error_ms=6.000
[TIMING ] wwise_callback=grid  position_beats=979.948  error_ms=6.000
[TIMING ] wwise_callback=beat  position_beats=980.962  error_ms=5.000
[TIMING ] wwise_callback=grid  position_beats=980.962  error_ms=5.000
[TIMING ] wwise_callback=beat  position_beats=981.979  error_ms=4.000
[TIMING ] wwise_callback=grid  position_beats=981.979  error_ms=4.000
[TIMING ] wwise_callback=beat  position_beats=982.947  error_ms=3.000
[TIMING ] wwise_callback=grid  position_beats=982.947  error_ms=3.000
[TIMING ] wwise_callback=bar  position_beats=983.961  error_ms=2.000
[TIMING ] wwise_callback=beat  position_beats=983.961  error_ms=2.000
[TIMING ] wwise_callback=grid  position_beats=983.961  error_ms=2.000
[TIMING ] wwise_callback=beat  position_beats=984.977  error_ms=2.000
[TIMING ] wwise_callback=grid  position_beats=984.977  error_ms=2.000
[TIMING ] wwise_callback=beat  position_beats=985.946  error_ms=1.000
[TIMING ] wwise_callback=grid  position_beats=985.946  error_ms=1.000
[TIMING ] wwise_callback=beat  position_beats=986.962  error_ms=0.000
[TIMING ] wwise_callback=grid  position_beats=986.962  error_ms=0.000
[TIMING ] wwise_callback=bar  position_beats=987.993  error_ms=7.000
[TIMING ] wwise_callback=beat  position_beats=987.993  error_ms=7.000
[TIMING ] wwise_callback=grid  position_beats=987.993  error_ms=7.000
[TIMING ] wwise_callback=beat  position_beats=988.953  error_ms=2.000
[TIMING ] wwise_callback=grid  position_beats=988.953  error_ms=2.000
[TIMING ] wwise_callback=beat  position_beats=989.969  error_ms=2.000
[TIMING ] wwise_callback=grid  position_beats=989.969  error_ms=2.000
[TIMING ] wwise_callback=beat  position_beats=990.935  error_ms=0.000
[TIMING ] wwise_callback=grid  position_beats=990.935  error_ms=0.000
[TIMING ] wwise_segment=wrapped  segment_ms=14769.000  elapsed_ms=457839.000
[AUDIO  ] arrangement=transition  section=alternate  requested_at=992.012
[TIMING ] wwise_callback=beat  position_beats=992.979  error_ms=4.000
[TIMING ] wwise_callback=grid  position_beats=992.979  error_ms=4.000
[TIMING ] wwise_callback=beat  position_beats=993.945  error_ms=2.000
[TIMING ] wwise_callback=grid  position_beats=993.945  error_ms=2.000
[TIMING ] wwise_callback=beat  position_beats=994.959  error_ms=1.000
[TIMING ] wwise_callback=grid  position_beats=994.959  error_ms=1.000
[TIMING ] wwise_callback=bar  position_beats=995.982  error_ms=3.000
[TIMING ] wwise_callback=beat  position_beats=995.982  error_ms=3.000
[TIMING ] wwise_callback=grid  position_beats=995.982  error_ms=3.000
[TIMING ] wwise_callback=beat  position_beats=996.954  error_ms=4.000
[TIMING ] wwise_callback=grid  position_beats=996.954  error_ms=4.000
[TIMING ] wwise_callback=beat  position_beats=997.968  error_ms=3.000
[TIMING ] wwise_callback=grid  position_beats=997.968  error_ms=3.000
[TIMING ] wwise_callback=beat  position_beats=998.937  error_ms=2.000
[TIMING ] wwise_callback=grid  position_beats=998.937  error_ms=2.000
[TIMING ] wwise_callback=bar  position_beats=999.949  error_ms=0.000
[TIMING ] wwise_callback=beat  position_beats=999.949  error_ms=0.000
[TIMING ] wwise_callback=grid  position_beats=999.949  error_ms=0.000
[TIMING ] wwise_callback=beat  position_beats=1000.969  error_ms=1.000
[TIMING ] wwise_callback=grid  position_beats=1000.969  error_ms=1.000
[TIMING ] wwise_callback=beat  position_beats=1001.938  error_ms=0.000
[TIMING ] wwise_callback=grid  position_beats=1001.938  error_ms=0.000
[TIMING ] wwise_callback=beat  position_beats=1002.967  error_ms=6.000
[TIMING ] wwise_callback=grid  position_beats=1002.967  error_ms=6.000
[TIMING ] wwise_callback=bar  position_beats=1003.981  error_ms=5.000
[TIMING ] wwise_callback=beat  position_beats=1003.981  error_ms=5.000
[TIMING ] wwise_callback=grid  position_beats=1003.981  error_ms=5.000
[TIMING ] wwise_callback=beat  position_beats=1004.954  error_ms=4.000
[TIMING ] wwise_callback=grid  position_beats=1004.954  error_ms=4.000
[TIMING ] wwise_callback=beat  position_beats=1005.972  error_ms=6.000
[TIMING ] wwise_callback=grid  position_beats=1005.972  error_ms=6.000
[TIMING ] wwise_callback=beat  position_beats=1006.986  error_ms=5.000
[TIMING ] wwise_callback=grid  position_beats=1006.986  error_ms=5.000
[TIMING ] wwise_callback=bar  position_beats=1007.955  error_ms=4.000
[TIMING ] wwise_callback=beat  position_beats=1007.955  error_ms=4.000
[TIMING ] wwise_callback=grid  position_beats=1007.955  error_ms=4.000
[AUDIO  ] arrangement=layer  enabled=false  requested_at=1008.000
[TIMING ] wwise_callback=beat  position_beats=1008.962  error_ms=0.000
[TIMING ] wwise_callback=grid  position_beats=1008.962  error_ms=0.000
[TIMING ] wwise_callback=beat  position_beats=1009.946  error_ms=6.000
[TIMING ] wwise_callback=grid  position_beats=1009.946  error_ms=6.000
[TIMING ] wwise_callback=beat  position_beats=1010.962  error_ms=5.000
[TIMING ] wwise_callback=grid  position_beats=1010.962  error_ms=5.000
[TIMING ] wwise_callback=bar  position_beats=1011.976  error_ms=4.000
[TIMING ] wwise_callback=beat  position_beats=1011.976  error_ms=4.000
[TIMING ] wwise_callback=grid  position_beats=1011.976  error_ms=4.000
[TIMING ] wwise_callback=beat  position_beats=1012.949  error_ms=3.000
[TIMING ] wwise_callback=grid  position_beats=1012.949  error_ms=3.000
[TIMING ] wwise_callback=beat  position_beats=1013.963  error_ms=2.000
[TIMING ] wwise_callback=grid  position_beats=1013.963  error_ms=2.000
[TIMING ] wwise_callback=beat  position_beats=1014.983  error_ms=5.000
[TIMING ] wwise_callback=grid  position_beats=1014.983  error_ms=5.000
[TIMING ] wwise_callback=bar  position_beats=1015.949  error_ms=3.000
[TIMING ] wwise_callback=beat  position_beats=1015.949  error_ms=3.000
[TIMING ] wwise_callback=grid  position_beats=1015.949  error_ms=3.000
[TIMING ] wwise_callback=beat  position_beats=1016.963  error_ms=2.000
[TIMING ] wwise_callback=grid  position_beats=1016.963  error_ms=2.000
[TIMING ] wwise_callback=beat  position_beats=1017.977  error_ms=1.000
[TIMING ] wwise_callback=grid  position_beats=1017.977  error_ms=1.000
[TIMING ] wwise_callback=beat  position_beats=1018.946  error_ms=0.000
[TIMING ] wwise_callback=grid  position_beats=1018.946  error_ms=0.000
[TIMING ] wwise_callback=bar  position_beats=1019.964  error_ms=0.000
[TIMING ] wwise_callback=beat  position_beats=1019.964  error_ms=0.000
[TIMING ] wwise_callback=grid  position_beats=1019.964  error_ms=0.000
[TIMING ] wwise_callback=beat  position_beats=1020.946  error_ms=5.000
[TIMING ] wwise_callback=grid  position_beats=1020.946  error_ms=5.000
[TIMING ] wwise_callback=beat  position_beats=1021.964  error_ms=4.000
[TIMING ] wwise_callback=grid  position_beats=1021.964  error_ms=4.000
[TIMING ] wwise_callback=beat  position_beats=1022.978  error_ms=3.000
[TIMING ] wwise_callback=grid  position_beats=1022.978  error_ms=3.000
[TIMING ] wwise_segment=wrapped  segment_ms=14769.000  elapsed_ms=472608.000
[AUDIO  ] arrangement=transition  section=loop  requested_at=1024.001
[TIMING ] wwise_callback=beat  position_beats=1024.954  error_ms=0.000
[TIMING ] wwise_callback=grid  position_beats=1024.954  error_ms=0.000
[TIMING ] wwise_callback=beat  position_beats=1025.985  error_ms=6.000
[TIMING ] wwise_callback=grid  position_beats=1025.985  error_ms=6.000
[TIMING ] wwise_callback=beat  position_beats=1026.954  error_ms=5.000
[TIMING ] wwise_callback=grid  position_beats=1026.954  error_ms=5.000
[TIMING ] wwise_callback=bar  position_beats=1027.968  error_ms=4.000
[TIMING ] wwise_callback=beat  position_beats=1027.968  error_ms=4.000
[TIMING ] wwise_callback=grid  position_beats=1027.968  error_ms=4.000
[TIMING ] wwise_callback=beat  position_beats=1028.982  error_ms=3.000
[TIMING ] wwise_callback=grid  position_beats=1028.982  error_ms=3.000
[TIMING ] wwise_callback=beat  position_beats=1029.950  error_ms=2.000
[TIMING ] wwise_callback=grid  position_beats=1029.950  error_ms=2.000
[TIMING ] wwise_callback=beat  position_beats=1030.969  error_ms=1.000
[TIMING ] wwise_callback=grid  position_beats=1030.969  error_ms=1.000
[TIMING ] wwise_callback=bar  position_beats=1031.939  error_ms=2.000
[TIMING ] wwise_callback=beat  position_beats=1031.939  error_ms=2.000
[TIMING ] wwise_callback=grid  position_beats=1031.939  error_ms=2.000
[TIMING ] wwise_callback=beat  position_beats=1032.956  error_ms=2.000
[TIMING ] wwise_callback=grid  position_beats=1032.956  error_ms=2.000
[TIMING ] wwise_callback=beat  position_beats=1033.967  error_ms=0.000
[TIMING ] wwise_callback=grid  position_beats=1033.967  error_ms=0.000
[TIMING ] wwise_callback=beat  position_beats=1034.942  error_ms=2.000
[TIMING ] wwise_callback=grid  position_beats=1034.942  error_ms=2.000
[TIMING ] wwise_callback=bar  position_beats=1035.959  error_ms=1.000
[TIMING ] wwise_callback=beat  position_beats=1035.959  error_ms=1.000
[TIMING ] wwise_callback=grid  position_beats=1035.959  error_ms=1.000
[TIMING ] wwise_callback=beat  position_beats=1036.972  error_ms=0.000
[TIMING ] wwise_callback=grid  position_beats=1036.972  error_ms=0.000
[TIMING ] wwise_callback=beat  position_beats=1037.945  error_ms=1.000
[TIMING ] wwise_callback=grid  position_beats=1037.945  error_ms=1.000
[TIMING ] wwise_callback=beat  position_beats=1038.972  error_ms=6.000
[TIMING ] wwise_callback=grid  position_beats=1038.972  error_ms=6.000
[TIMING ] wwise_callback=bar  position_beats=1039.988  error_ms=4.000
[TIMING ] wwise_callback=beat  position_beats=1039.988  error_ms=4.000
[TIMING ] wwise_callback=grid  position_beats=1039.988  error_ms=4.000
[AUDIO  ] arrangement=layer  enabled=true  requested_at=1040.014
[TIMING ] wwise_callback=beat  position_beats=1040.961  error_ms=6.000
[TIMING ] wwise_callback=grid  position_beats=1040.961  error_ms=6.000
[TIMING ] wwise_callback=beat  position_beats=1041.967  error_ms=1.000
[TIMING ] wwise_callback=grid  position_beats=1041.967  error_ms=1.000
[TIMING ] wwise_callback=beat  position_beats=1042.944  error_ms=4.000
[TIMING ] wwise_callback=grid  position_beats=1042.944  error_ms=4.000
[TIMING ] wwise_callback=bar  position_beats=1043.962  error_ms=5.000
[TIMING ] wwise_callback=beat  position_beats=1043.962  error_ms=5.000
[TIMING ] wwise_callback=grid  position_beats=1043.962  error_ms=5.000
[TIMING ] wwise_callback=beat  position_beats=1044.978  error_ms=4.000
[TIMING ] wwise_callback=grid  position_beats=1044.978  error_ms=4.000
[TIMING ] wwise_callback=beat  position_beats=1045.945  error_ms=2.000
[TIMING ] wwise_callback=grid  position_beats=1045.945  error_ms=2.000
[TIMING ] wwise_callback=beat  position_beats=1046.959  error_ms=1.000
[TIMING ] wwise_callback=grid  position_beats=1046.959  error_ms=1.000
[TIMING ] wwise_callback=bar  position_beats=1047.975  error_ms=1.000
[TIMING ] wwise_callback=beat  position_beats=1047.975  error_ms=1.000
[TIMING ] wwise_callback=grid  position_beats=1047.975  error_ms=1.000
[TIMING ] wwise_callback=beat  position_beats=1048.950  error_ms=3.000
[TIMING ] wwise_callback=grid  position_beats=1048.950  error_ms=3.000
[TIMING ] wwise_callback=beat  position_beats=1049.966  error_ms=2.000
[TIMING ] wwise_callback=grid  position_beats=1049.966  error_ms=2.000
[TIMING ] wwise_callback=beat  position_beats=1050.932  error_ms=0.000
[TIMING ] wwise_callback=grid  position_beats=1050.932  error_ms=0.000
[TIMING ] wwise_callback=bar  position_beats=1051.961  error_ms=6.000
[TIMING ] wwise_callback=beat  position_beats=1051.961  error_ms=6.000
[TIMING ] wwise_callback=grid  position_beats=1051.961  error_ms=6.000
[TIMING ] wwise_callback=beat  position_beats=1052.975  error_ms=5.000
[TIMING ] wwise_callback=grid  position_beats=1052.975  error_ms=5.000
[TIMING ] wwise_callback=beat  position_beats=1053.944  error_ms=4.000
[TIMING ] wwise_callback=grid  position_beats=1053.944  error_ms=4.000
[TIMING ] wwise_callback=beat  position_beats=1054.960  error_ms=3.000
[TIMING ] wwise_callback=grid  position_beats=1054.960  error_ms=3.000
[AUDIO  ] arrangement=transition  section=alternate  requested_at=1056.004
[TIMING ] wwise_segment=wrapped  segment_ms=14769.000  elapsed_ms=487377.000
[TIMING ] wwise_callback=beat  position_beats=1056.956  error_ms=7.000
[TIMING ] wwise_callback=grid  position_beats=1056.956  error_ms=7.000
[TIMING ] wwise_callback=beat  position_beats=1057.963  error_ms=3.000
[TIMING ] wwise_callback=grid  position_beats=1057.963  error_ms=3.000
[TIMING ] wwise_callback=beat  position_beats=1058.986  error_ms=6.000
[TIMING ] wwise_callback=grid  position_beats=1058.986  error_ms=6.000
[TIMING ] wwise_callback=bar  position_beats=1059.952  error_ms=4.000
[TIMING ] wwise_callback=beat  position_beats=1059.952  error_ms=4.000
[TIMING ] wwise_callback=grid  position_beats=1059.952  error_ms=4.000
[TIMING ] wwise_callback=beat  position_beats=1060.975  error_ms=6.000
[TIMING ] wwise_callback=grid  position_beats=1060.975  error_ms=6.000
[TIMING ] wwise_callback=beat  position_beats=1061.937  error_ms=2.000
[TIMING ] wwise_callback=grid  position_beats=1061.937  error_ms=2.000
[TIMING ] wwise_callback=beat  position_beats=1062.951  error_ms=1.000
[TIMING ] wwise_callback=grid  position_beats=1062.951  error_ms=1.000
[TIMING ] wwise_callback=bar  position_beats=1063.971  error_ms=3.000
[TIMING ] wwise_callback=beat  position_beats=1063.971  error_ms=3.000
[TIMING ] wwise_callback=grid  position_beats=1063.971  error_ms=3.000
[TIMING ] wwise_callback=beat  position_beats=1064.944  error_ms=2.000
[TIMING ] wwise_callback=grid  position_beats=1064.944  error_ms=2.000
[TIMING ] wwise_callback=beat  position_beats=1065.958  error_ms=1.000
[TIMING ] wwise_callback=grid  position_beats=1065.958  error_ms=1.000
[TIMING ] wwise_callback=beat  position_beats=1066.976  error_ms=3.000
[TIMING ] wwise_callback=grid  position_beats=1066.976  error_ms=3.000
[TIMING ] wwise_callback=bar  position_beats=1067.945  error_ms=2.000
[TIMING ] wwise_callback=beat  position_beats=1067.945  error_ms=2.000
[TIMING ] wwise_callback=grid  position_beats=1067.945  error_ms=2.000
[TIMING ] wwise_callback=beat  position_beats=1068.967  error_ms=5.000
[TIMING ] wwise_callback=grid  position_beats=1068.967  error_ms=5.000
[TIMING ] wwise_callback=beat  position_beats=1069.975  error_ms=0.000
[TIMING ] wwise_callback=grid  position_beats=1069.975  error_ms=0.000
[TIMING ] wwise_callback=beat  position_beats=1070.954  error_ms=4.000
[TIMING ] wwise_callback=grid  position_beats=1070.954  error_ms=4.000
[TIMING ] wwise_callback=bar  position_beats=1071.966  error_ms=2.000
[TIMING ] wwise_callback=beat  position_beats=1071.966  error_ms=2.000
[TIMING ] wwise_callback=grid  position_beats=1071.966  error_ms=2.000
[AUDIO  ] arrangement=layer  enabled=false  requested_at=1072.012
[TIMING ] wwise_callback=beat  position_beats=1072.945  error_ms=6.000
[TIMING ] wwise_callback=grid  position_beats=1072.945  error_ms=6.000
[TIMING ] wwise_callback=beat  position_beats=1073.964  error_ms=7.000
[TIMING ] wwise_callback=grid  position_beats=1073.964  error_ms=7.000
[TIMING ] wwise_callback=beat  position_beats=1074.971  error_ms=2.000
[TIMING ] wwise_callback=grid  position_beats=1074.971  error_ms=2.000
[TIMING ] wwise_callback=bar  position_beats=1075.940  error_ms=1.000
[TIMING ] wwise_callback=beat  position_beats=1075.940  error_ms=1.000
[TIMING ] wwise_callback=grid  position_beats=1075.940  error_ms=1.000
[TIMING ] wwise_callback=beat  position_beats=1076.954  error_ms=0.000
[TIMING ] wwise_callback=grid  position_beats=1076.954  error_ms=0.000
[TIMING ] wwise_callback=beat  position_beats=1077.976  error_ms=3.000
[TIMING ] wwise_callback=grid  position_beats=1077.976  error_ms=3.000
[TIMING ] wwise_callback=beat  position_beats=1078.951  error_ms=5.000
[TIMING ] wwise_callback=grid  position_beats=1078.951  error_ms=5.000
[TIMING ] wwise_callback=bar  position_beats=1079.963  error_ms=2.000
[TIMING ] wwise_callback=beat  position_beats=1079.963  error_ms=2.000
[TIMING ] wwise_callback=grid  position_beats=1079.963  error_ms=2.000
[TIMING ] wwise_callback=beat  position_beats=1080.977  error_ms=1.000
[TIMING ] wwise_callback=grid  position_beats=1080.977  error_ms=1.000
[TIMING ] wwise_callback=beat  position_beats=1081.950  error_ms=2.000
[TIMING ] wwise_callback=grid  position_beats=1081.950  error_ms=2.000
[TIMING ] wwise_callback=beat  position_beats=1082.977  error_ms=4.000
[TIMING ] wwise_callback=grid  position_beats=1082.977  error_ms=4.000
[TIMING ] wwise_callback=bar  position_beats=1083.935  error_ms=1.000
[TIMING ] wwise_callback=beat  position_beats=1083.935  error_ms=1.000
[TIMING ] wwise_callback=grid  position_beats=1083.935  error_ms=1.000
[TIMING ] wwise_callback=beat  position_beats=1084.964  error_ms=6.000
[TIMING ] wwise_callback=grid  position_beats=1084.964  error_ms=6.000
[TIMING ] wwise_callback=beat  position_beats=1085.973  error_ms=3.000
[TIMING ] wwise_callback=grid  position_beats=1085.973  error_ms=3.000
[TIMING ] wwise_callback=beat  position_beats=1086.938  error_ms=0.000
[TIMING ] wwise_callback=grid  position_beats=1086.938  error_ms=0.000
[TIMING ] wwise_segment=wrapped  segment_ms=14769.000  elapsed_ms=502146.000
[AUDIO  ] arrangement=transition  section=loop  requested_at=1088.014
[TIMING ] wwise_callback=beat  position_beats=1088.985  error_ms=6.000
[TIMING ] wwise_callback=grid  position_beats=1088.985  error_ms=6.000
[TIMING ] wwise_callback=beat  position_beats=1089.956  error_ms=6.000
[TIMING ] wwise_callback=grid  position_beats=1089.956  error_ms=6.000
[TIMING ] wwise_callback=beat  position_beats=1090.970  error_ms=5.000
[TIMING ] wwise_callback=grid  position_beats=1090.970  error_ms=5.000
[TIMING ] wwise_callback=bar  position_beats=1091.938  error_ms=4.000
[TIMING ] wwise_callback=beat  position_beats=1091.938  error_ms=4.000
[TIMING ] wwise_callback=grid  position_beats=1091.938  error_ms=4.000
[TIMING ] wwise_callback=beat  position_beats=1092.970  error_ms=11.000
[TIMING ] wwise_callback=grid  position_beats=1092.970  error_ms=11.000
[TIMING ] wwise_callback=beat  position_beats=1093.971  error_ms=3.000
[TIMING ] wwise_callback=grid  position_beats=1093.971  error_ms=3.000
[TIMING ] wwise_callback=beat  position_beats=1094.935  error_ms=0.000
[TIMING ] wwise_callback=grid  position_beats=1094.935  error_ms=0.000
[TIMING ] wwise_callback=bar  position_beats=1095.964  error_ms=6.000
[TIMING ] wwise_callback=beat  position_beats=1095.964  error_ms=6.000
[TIMING ] wwise_callback=grid  position_beats=1095.964  error_ms=6.000
[TIMING ] wwise_callback=beat  position_beats=1096.967  error_ms=0.000
[TIMING ] wwise_callback=grid  position_beats=1096.967  error_ms=0.000
[TIMING ] wwise_callback=beat  position_beats=1097.951  error_ms=6.000
[TIMING ] wwise_callback=grid  position_beats=1097.951  error_ms=6.000
[TIMING ] wwise_callback=beat  position_beats=1098.963  error_ms=3.000
[TIMING ] wwise_callback=grid  position_beats=1098.963  error_ms=3.000
[TIMING ] wwise_callback=bar  position_beats=1099.972  error_ms=0.000
[TIMING ] wwise_callback=beat  position_beats=1099.972  error_ms=0.000
[TIMING ] wwise_callback=grid  position_beats=1099.972  error_ms=0.000
[TIMING ] wwise_callback=beat  position_beats=1100.956  error_ms=6.000
[TIMING ] wwise_callback=grid  position_beats=1100.956  error_ms=6.000
[TIMING ] wwise_callback=beat  position_beats=1101.968  error_ms=4.000
[TIMING ] wwise_callback=grid  position_beats=1101.968  error_ms=4.000
[TIMING ] wwise_callback=beat  position_beats=1102.932  error_ms=1.000
[TIMING ] wwise_callback=grid  position_beats=1102.932  error_ms=1.000
[TIMING ] wwise_callback=bar  position_beats=1103.948  error_ms=0.000
[TIMING ] wwise_callback=beat  position_beats=1103.948  error_ms=0.000
[TIMING ] wwise_callback=grid  position_beats=1103.948  error_ms=0.000
[AUDIO  ] arrangement=layer  enabled=true  requested_at=1104.011
[TIMING ] wwise_callback=beat  position_beats=1104.966  error_ms=1.000
[TIMING ] wwise_callback=grid  position_beats=1104.966  error_ms=1.000
[TIMING ] wwise_callback=beat  position_beats=1105.937  error_ms=1.000
[TIMING ] wwise_callback=grid  position_beats=1105.937  error_ms=1.000
[TIMING ] wwise_callback=beat  position_beats=1106.951  error_ms=0.000
[TIMING ] wwise_callback=grid  position_beats=1106.951  error_ms=0.000
[TIMING ] wwise_callback=bar  position_beats=1107.982  error_ms=6.000
[TIMING ] wwise_callback=beat  position_beats=1107.982  error_ms=6.000
[TIMING ] wwise_callback=grid  position_beats=1107.982  error_ms=6.000
[TIMING ] wwise_callback=beat  position_beats=1108.949  error_ms=4.000
[TIMING ] wwise_callback=grid  position_beats=1108.949  error_ms=4.000
[TIMING ] wwise_callback=beat  position_beats=1109.956  error_ms=0.000
[TIMING ] wwise_callback=grid  position_beats=1109.956  error_ms=0.000
[TIMING ] wwise_callback=beat  position_beats=1110.985  error_ms=6.000
[TIMING ] wwise_callback=grid  position_beats=1110.985  error_ms=6.000
[TIMING ] wwise_callback=bar  position_beats=1111.967  error_ms=11.000
[TIMING ] wwise_callback=beat  position_beats=1111.967  error_ms=11.000
[TIMING ] wwise_callback=grid  position_beats=1111.967  error_ms=11.000
[TIMING ] wwise_callback=beat  position_beats=1112.970  error_ms=4.000
[TIMING ] wwise_callback=grid  position_beats=1112.970  error_ms=4.000
[TIMING ] wwise_callback=beat  position_beats=1113.941  error_ms=4.000
[TIMING ] wwise_callback=grid  position_beats=1113.941  error_ms=4.000
[TIMING ] wwise_callback=beat  position_beats=1114.959  error_ms=5.000
[TIMING ] wwise_callback=grid  position_beats=1114.959  error_ms=5.000
[TIMING ] wwise_callback=bar  position_beats=1115.973  error_ms=4.000
[TIMING ] wwise_callback=beat  position_beats=1115.973  error_ms=4.000
[TIMING ] wwise_callback=grid  position_beats=1115.973  error_ms=4.000
[TIMING ] wwise_callback=beat  position_beats=1116.944  error_ms=2.000
[TIMING ] wwise_callback=grid  position_beats=1116.944  error_ms=2.000
[TIMING ] wwise_callback=beat  position_beats=1117.960  error_ms=3.000
[TIMING ] wwise_callback=grid  position_beats=1117.960  error_ms=3.000
[TIMING ] wwise_callback=beat  position_beats=1118.969  error_ms=0.000
[TIMING ] wwise_callback=grid  position_beats=1118.969  error_ms=0.000
[TIMING ] wwise_segment=wrapped  segment_ms=14769.000  elapsed_ms=516915.000
[AUDIO  ] arrangement=transition  section=alternate  requested_at=1120.007
[TIMING ] wwise_callback=beat  position_beats=1120.961  error_ms=2.000
[TIMING ] wwise_callback=grid  position_beats=1120.961  error_ms=2.000
[TIMING ] wwise_callback=beat  position_beats=1121.975  error_ms=1.000
[TIMING ] wwise_callback=grid  position_beats=1121.975  error_ms=1.000
[TIMING ] wwise_callback=beat  position_beats=1122.956  error_ms=6.000
[TIMING ] wwise_callback=grid  position_beats=1122.956  error_ms=6.000
[TIMING ] wwise_callback=bar  position_beats=1123.970  error_ms=4.000
[TIMING ] wwise_callback=beat  position_beats=1123.970  error_ms=4.000
[TIMING ] wwise_callback=grid  position_beats=1123.970  error_ms=4.000
[TIMING ] wwise_callback=beat  position_beats=1124.939  error_ms=3.000
[TIMING ] wwise_callback=grid  position_beats=1124.939  error_ms=3.000
[TIMING ] wwise_callback=beat  position_beats=1125.957  error_ms=4.000
[TIMING ] wwise_callback=grid  position_beats=1125.957  error_ms=4.000
[TIMING ] wwise_callback=beat  position_beats=1127.001  error_ms=17.000
[TIMING ] wwise_callback=grid  position_beats=1127.001  error_ms=17.000
[TIMING ] wwise_callback=bar  position_beats=1127.946  error_ms=5.000
[TIMING ] wwise_callback=beat  position_beats=1127.946  error_ms=5.000
[TIMING ] wwise_callback=grid  position_beats=1127.946  error_ms=5.000
[TIMING ] wwise_callback=beat  position_beats=1128.962  error_ms=4.000
[TIMING ] wwise_callback=grid  position_beats=1128.962  error_ms=4.000
[TIMING ] wwise_callback=beat  position_beats=1129.972  error_ms=1.000
[TIMING ] wwise_callback=grid  position_beats=1129.972  error_ms=1.000
[TIMING ] wwise_callback=beat  position_beats=1130.953  error_ms=6.000
[TIMING ] wwise_callback=grid  position_beats=1130.953  error_ms=6.000
[TIMING ] wwise_callback=bar  position_beats=1131.959  error_ms=1.000
[TIMING ] wwise_callback=beat  position_beats=1131.959  error_ms=1.000
[TIMING ] wwise_callback=grid  position_beats=1131.959  error_ms=1.000
[TIMING ] wwise_callback=beat  position_beats=1132.975  error_ms=0.000
[TIMING ] wwise_callback=grid  position_beats=1132.975  error_ms=0.000
[TIMING ] wwise_callback=beat  position_beats=1133.958  error_ms=6.000
[TIMING ] wwise_callback=grid  position_beats=1133.958  error_ms=6.000
[TIMING ] wwise_callback=beat  position_beats=1134.977  error_ms=4.000
[TIMING ] wwise_callback=grid  position_beats=1134.977  error_ms=4.000
[TIMING ] wwise_callback=bar  position_beats=1135.932  error_ms=0.000
[TIMING ] wwise_callback=beat  position_beats=1135.932  error_ms=0.000
[TIMING ] wwise_callback=grid  position_beats=1135.932  error_ms=0.000
[AUDIO  ] arrangement=layer  enabled=false  requested_at=1136.001
[TIMING ] wwise_callback=beat  position_beats=1136.961  error_ms=6.000
[TIMING ] wwise_callback=grid  position_beats=1136.961  error_ms=6.000
[TIMING ] wwise_callback=beat  position_beats=1137.977  error_ms=5.000
[TIMING ] wwise_callback=grid  position_beats=1137.977  error_ms=5.000
[TIMING ] wwise_callback=beat  position_beats=1138.948  error_ms=5.000
[TIMING ] wwise_callback=grid  position_beats=1138.948  error_ms=5.000
[TIMING ] wwise_callback=bar  position_beats=1139.960  error_ms=3.000
[TIMING ] wwise_callback=beat  position_beats=1139.960  error_ms=3.000
[TIMING ] wwise_callback=grid  position_beats=1139.960  error_ms=3.000
[TIMING ] wwise_callback=beat  position_beats=1140.974  error_ms=2.000
[TIMING ] wwise_callback=grid  position_beats=1140.974  error_ms=2.000
[TIMING ] wwise_callback=beat  position_beats=1141.940  error_ms=0.000
[TIMING ] wwise_callback=grid  position_beats=1141.940  error_ms=0.000
[TIMING ] wwise_callback=beat  position_beats=1142.963  error_ms=2.000
[TIMING ] wwise_callback=grid  position_beats=1142.963  error_ms=2.000
[TIMING ] wwise_callback=bar  position_beats=1143.981  error_ms=1.000
[TIMING ] wwise_callback=beat  position_beats=1143.981  error_ms=1.000
[TIMING ] wwise_callback=grid  position_beats=1143.981  error_ms=1.000
[TIMING ] wwise_callback=beat  position_beats=1144.950  error_ms=2.000
[TIMING ] wwise_callback=grid  position_beats=1144.950  error_ms=2.000
[TIMING ] wwise_callback=beat  position_beats=1145.966  error_ms=2.000
[TIMING ] wwise_callback=grid  position_beats=1145.966  error_ms=2.000
[TIMING ] wwise_callback=beat  position_beats=1146.932  error_ms=0.000
[TIMING ] wwise_callback=grid  position_beats=1146.932  error_ms=0.000
[TIMING ] wwise_callback=bar  position_beats=1147.964  error_ms=6.000
[TIMING ] wwise_callback=beat  position_beats=1147.964  error_ms=6.000
[TIMING ] wwise_callback=grid  position_beats=1147.964  error_ms=6.000
[TIMING ] wwise_callback=beat  position_beats=1148.978  error_ms=5.000
[TIMING ] wwise_callback=grid  position_beats=1148.978  error_ms=5.000
[TIMING ] wwise_callback=beat  position_beats=1149.946  error_ms=4.000
[TIMING ] wwise_callback=grid  position_beats=1149.946  error_ms=4.000
[TIMING ] wwise_callback=beat  position_beats=1150.964  error_ms=5.000
[TIMING ] wwise_callback=grid  position_beats=1150.964  error_ms=5.000
[AUDIO  ] arrangement=transition  section=loop  requested_at=1152.009
[TIMING ] wwise_segment=wrapped  segment_ms=14769.000  elapsed_ms=531684.000
[TIMING ] wwise_callback=beat  position_beats=1152.951  error_ms=5.000
[TIMING ] wwise_callback=grid  position_beats=1152.951  error_ms=5.000
[TIMING ] wwise_callback=beat  position_beats=1153.972  error_ms=6.000
[TIMING ] wwise_callback=grid  position_beats=1153.972  error_ms=6.000
[TIMING ] wwise_callback=beat  position_beats=1154.936  error_ms=3.000
[TIMING ] wwise_callback=grid  position_beats=1154.936  error_ms=3.000
[TIMING ] wwise_callback=bar  position_beats=1155.948  error_ms=1.000
[TIMING ] wwise_callback=beat  position_beats=1155.948  error_ms=1.000
[TIMING ] wwise_callback=grid  position_beats=1155.948  error_ms=1.000
[TIMING ] wwise_callback=beat  position_beats=1156.964  error_ms=1.000
[TIMING ] wwise_callback=grid  position_beats=1156.964  error_ms=1.000
[TIMING ] wwise_callback=beat  position_beats=1157.932  error_ms=0.000
[TIMING ] wwise_callback=grid  position_beats=1157.932  error_ms=0.000
[TIMING ] wwise_callback=beat  position_beats=1158.964  error_ms=6.000
[TIMING ] wwise_callback=grid  position_beats=1158.964  error_ms=6.000
[TIMING ] wwise_callback=bar  position_beats=1159.978  error_ms=5.000
[TIMING ] wwise_callback=beat  position_beats=1159.978  error_ms=5.000
[TIMING ] wwise_callback=grid  position_beats=1159.978  error_ms=5.000
[TIMING ] wwise_callback=beat  position_beats=1160.950  error_ms=4.000
[TIMING ] wwise_callback=grid  position_beats=1160.950  error_ms=4.000
[TIMING ] wwise_callback=beat  position_beats=1161.967  error_ms=6.000
[TIMING ] wwise_callback=grid  position_beats=1161.967  error_ms=6.000
[TIMING ] wwise_callback=beat  position_beats=1162.985  error_ms=6.000
[TIMING ] wwise_callback=grid  position_beats=1162.985  error_ms=6.000
[TIMING ] wwise_callback=bar  position_beats=1163.951  error_ms=4.000
[TIMING ] wwise_callback=beat  position_beats=1163.951  error_ms=4.000
[TIMING ] wwise_callback=grid  position_beats=1163.951  error_ms=4.000
[TIMING ] wwise_callback=beat  position_beats=1164.965  error_ms=3.000
[TIMING ] wwise_callback=grid  position_beats=1164.965  error_ms=3.000
[TIMING ] wwise_callback=beat  position_beats=1165.934  error_ms=2.000
[TIMING ] wwise_callback=grid  position_beats=1165.934  error_ms=2.000
[TIMING ] wwise_callback=beat  position_beats=1166.956  error_ms=5.000
[TIMING ] wwise_callback=grid  position_beats=1166.956  error_ms=5.000
[TIMING ] wwise_callback=bar  position_beats=1167.966  error_ms=1.000
[TIMING ] wwise_callback=beat  position_beats=1167.966  error_ms=1.000
[TIMING ] wwise_callback=grid  position_beats=1167.966  error_ms=1.000
[AUDIO  ] arrangement=layer  enabled=true  requested_at=1168.012
[TIMING ] wwise_callback=beat  position_beats=1168.945  error_ms=4.000
[TIMING ] wwise_callback=grid  position_beats=1168.945  error_ms=4.000
[TIMING ] wwise_callback=beat  position_beats=1169.962  error_ms=3.000
[TIMING ] wwise_callback=grid  position_beats=1169.962  error_ms=3.000
[TIMING ] wwise_callback=beat  position_beats=1170.982  error_ms=7.000
[TIMING ] wwise_callback=grid  position_beats=1170.982  error_ms=7.000
[TIMING ] wwise_callback=bar  position_beats=1171.948  error_ms=5.000
[TIMING ] wwise_callback=beat  position_beats=1171.948  error_ms=5.000
[TIMING ] wwise_callback=grid  position_beats=1171.948  error_ms=5.000
[TIMING ] wwise_callback=beat  position_beats=1172.967  error_ms=5.000
[TIMING ] wwise_callback=grid  position_beats=1172.967  error_ms=5.000
[TIMING ] wwise_callback=beat  position_beats=1173.981  error_ms=4.000
[TIMING ] wwise_callback=grid  position_beats=1173.981  error_ms=4.000
[TIMING ] wwise_callback=beat  position_beats=1174.949  error_ms=3.000
[TIMING ] wwise_callback=grid  position_beats=1174.949  error_ms=3.000
[TIMING ] wwise_callback=bar  position_beats=1175.963  error_ms=2.000
[TIMING ] wwise_callback=beat  position_beats=1175.963  error_ms=2.000
[TIMING ] wwise_callback=grid  position_beats=1175.963  error_ms=2.000
[TIMING ] wwise_callback=beat  position_beats=1176.930  error_ms=0.000
[TIMING ] wwise_callback=grid  position_beats=1176.930  error_ms=0.000
[TIMING ] wwise_callback=beat  position_beats=1177.957  error_ms=4.000
[TIMING ] wwise_callback=grid  position_beats=1177.957  error_ms=4.000
[TIMING ] wwise_callback=beat  position_beats=1178.977  error_ms=2.000
[TIMING ] wwise_callback=grid  position_beats=1178.977  error_ms=2.000
[TIMING ] wwise_callback=bar  position_beats=1179.943  error_ms=4.000
[TIMING ] wwise_callback=beat  position_beats=1179.943  error_ms=4.000
[TIMING ] wwise_callback=grid  position_beats=1179.943  error_ms=4.000
[TIMING ] wwise_callback=beat  position_beats=1180.957  error_ms=3.000
[TIMING ] wwise_callback=grid  position_beats=1180.957  error_ms=3.000
[TIMING ] wwise_callback=beat  position_beats=1181.973  error_ms=2.000
[TIMING ] wwise_callback=grid  position_beats=1181.973  error_ms=2.000
[TIMING ] wwise_callback=beat  position_beats=1182.944  error_ms=2.000
[TIMING ] wwise_callback=grid  position_beats=1182.944  error_ms=2.000
[TIMING ] wwise_segment=wrapped  segment_ms=14769.000  elapsed_ms=546453.000
[AUDIO  ] arrangement=transition  section=alternate  requested_at=1184.004
[TIMING ] wwise_callback=beat  position_beats=1184.985  error_ms=6.000
[TIMING ] wwise_callback=grid  position_beats=1184.985  error_ms=6.000
[TIMING ] wwise_callback=beat  position_beats=1185.954  error_ms=5.000
[TIMING ] wwise_callback=grid  position_beats=1185.954  error_ms=5.000
[TIMING ] wwise_callback=beat  position_beats=1186.974  error_ms=6.000
[TIMING ] wwise_callback=grid  position_beats=1186.974  error_ms=6.000
[TIMING ] wwise_callback=bar  position_beats=1187.934  error_ms=1.000
[TIMING ] wwise_callback=beat  position_beats=1187.934  error_ms=1.000
[TIMING ] wwise_callback=grid  position_beats=1187.934  error_ms=1.000
[TIMING ] wwise_callback=beat  position_beats=1188.948  error_ms=0.000
[TIMING ] wwise_callback=grid  position_beats=1188.948  error_ms=0.000
[TIMING ] wwise_callback=beat  position_beats=1189.975  error_ms=5.000
[TIMING ] wwise_callback=grid  position_beats=1189.975  error_ms=5.000
[TIMING ] wwise_callback=beat  position_beats=1190.941  error_ms=3.000
[TIMING ] wwise_callback=grid  position_beats=1190.941  error_ms=3.000
[TIMING ] wwise_callback=bar  position_beats=1191.960  error_ms=3.000
[TIMING ] wwise_callback=beat  position_beats=1191.960  error_ms=3.000
[TIMING ] wwise_callback=grid  position_beats=1191.960  error_ms=3.000
[TIMING ] wwise_callback=beat  position_beats=1192.974  error_ms=2.000
[TIMING ] wwise_callback=grid  position_beats=1192.974  error_ms=2.000
[TIMING ] wwise_callback=beat  position_beats=1193.946  error_ms=3.000
[TIMING ] wwise_callback=grid  position_beats=1193.946  error_ms=3.000
[TIMING ] wwise_callback=beat  position_beats=1194.960  error_ms=2.000
[TIMING ] wwise_callback=grid  position_beats=1194.960  error_ms=2.000
[TIMING ] wwise_callback=bar  position_beats=1195.935  error_ms=4.000
[TIMING ] wwise_callback=beat  position_beats=1195.935  error_ms=4.000
[TIMING ] wwise_callback=grid  position_beats=1195.935  error_ms=4.000
[TIMING ] wwise_callback=beat  position_beats=1196.952  error_ms=3.000
[TIMING ] wwise_callback=grid  position_beats=1196.952  error_ms=3.000
[TIMING ] wwise_callback=beat  position_beats=1197.968  error_ms=3.000
[TIMING ] wwise_callback=grid  position_beats=1197.968  error_ms=3.000
[TIMING ] wwise_callback=beat  position_beats=1198.938  error_ms=3.000
[TIMING ] wwise_callback=grid  position_beats=1198.938  error_ms=3.000
[TIMING ] wwise_callback=bar  position_beats=1199.948  error_ms=0.000
[TIMING ] wwise_callback=beat  position_beats=1199.948  error_ms=0.000
[TIMING ] wwise_callback=grid  position_beats=1199.948  error_ms=0.000
[AUDIO  ] arrangement=layer  enabled=false  requested_at=1200.011
[TIMING ] wwise_callback=beat  position_beats=1200.971  error_ms=2.000
[TIMING ] wwise_callback=grid  position_beats=1200.971  error_ms=2.000
[TIMING ] wwise_callback=beat  position_beats=1201.948  error_ms=5.000
[TIMING ] wwise_callback=grid  position_beats=1201.948  error_ms=5.000
[TIMING ] wwise_callback=beat  position_beats=1202.962  error_ms=4.000
[TIMING ] wwise_callback=grid  position_beats=1202.962  error_ms=4.000
[TIMING ] wwise_callback=bar  position_beats=1203.978  error_ms=4.000
[TIMING ] wwise_callback=beat  position_beats=1203.978  error_ms=4.000
[TIMING ] wwise_callback=grid  position_beats=1203.978  error_ms=4.000
[TIMING ] wwise_callback=beat  position_beats=1204.951  error_ms=5.000
[TIMING ] wwise_callback=grid  position_beats=1204.951  error_ms=5.000
[TIMING ] wwise_callback=beat  position_beats=1205.967  error_ms=4.000
[TIMING ] wwise_callback=grid  position_beats=1205.967  error_ms=4.000
[TIMING ] wwise_callback=beat  position_beats=1206.935  error_ms=3.000
[TIMING ] wwise_callback=grid  position_beats=1206.935  error_ms=3.000
[TIMING ] wwise_callback=bar  position_beats=1207.949  error_ms=2.000
[TIMING ] wwise_callback=beat  position_beats=1207.949  error_ms=2.000
[TIMING ] wwise_callback=grid  position_beats=1207.949  error_ms=2.000
[TIMING ] wwise_callback=beat  position_beats=1208.963  error_ms=1.000
[TIMING ] wwise_callback=grid  position_beats=1208.963  error_ms=1.000
[TIMING ] wwise_callback=beat  position_beats=1209.934  error_ms=1.000
[TIMING ] wwise_callback=grid  position_beats=1209.934  error_ms=1.000
[TIMING ] wwise_callback=beat  position_beats=1210.961  error_ms=5.000
[TIMING ] wwise_callback=grid  position_beats=1210.961  error_ms=5.000
[TIMING ] wwise_callback=bar  position_beats=1211.975  error_ms=4.000
[TIMING ] wwise_callback=beat  position_beats=1211.975  error_ms=4.000
[TIMING ] wwise_callback=grid  position_beats=1211.975  error_ms=4.000
[TIMING ] wwise_callback=beat  position_beats=1212.948  error_ms=4.000
[TIMING ] wwise_callback=grid  position_beats=1212.948  error_ms=4.000
[TIMING ] wwise_callback=beat  position_beats=1213.964  error_ms=5.000
[TIMING ] wwise_callback=grid  position_beats=1213.964  error_ms=5.000
[TIMING ] wwise_callback=beat  position_beats=1214.982  error_ms=5.000
[TIMING ] wwise_callback=grid  position_beats=1214.982  error_ms=5.000
[TIMING ] wwise_segment=wrapped  segment_ms=14769.000  elapsed_ms=561222.000
[AUDIO  ] arrangement=transition  section=loop  requested_at=1216.001
[TIMING ] wwise_callback=beat  position_beats=1216.969  error_ms=5.000
[TIMING ] wwise_callback=grid  position_beats=1216.969  error_ms=5.000
[TIMING ] wwise_callback=beat  position_beats=1217.938  error_ms=4.000
[TIMING ] wwise_callback=grid  position_beats=1217.938  error_ms=4.000
[TIMING ] wwise_callback=beat  position_beats=1218.954  error_ms=4.000
[TIMING ] wwise_callback=grid  position_beats=1218.954  error_ms=4.000
[TIMING ] wwise_callback=bar  position_beats=1219.968  error_ms=3.000
[TIMING ] wwise_callback=beat  position_beats=1219.968  error_ms=3.000
[TIMING ] wwise_callback=grid  position_beats=1219.968  error_ms=3.000
[TIMING ] wwise_callback=beat  position_beats=1220.947  error_ms=5.000
[TIMING ] wwise_callback=grid  position_beats=1220.947  error_ms=5.000
[TIMING ] wwise_callback=beat  position_beats=1221.961  error_ms=4.000
[TIMING ] wwise_callback=grid  position_beats=1221.961  error_ms=4.000
[TIMING ] wwise_callback=beat  position_beats=1222.969  error_ms=1.000
[TIMING ] wwise_callback=grid  position_beats=1222.969  error_ms=1.000
[TIMING ] wwise_callback=bar  position_beats=1223.948  error_ms=5.000
[TIMING ] wwise_callback=beat  position_beats=1223.948  error_ms=5.000
[TIMING ] wwise_callback=grid  position_beats=1223.948  error_ms=5.000
[TIMING ] wwise_callback=beat  position_beats=1224.962  error_ms=4.000
[TIMING ] wwise_callback=grid  position_beats=1224.962  error_ms=4.000
[TIMING ] wwise_callback=beat  position_beats=1225.978  error_ms=3.000
[TIMING ] wwise_callback=grid  position_beats=1225.978  error_ms=3.000
[TIMING ] wwise_callback=beat  position_beats=1226.945  error_ms=1.000
[TIMING ] wwise_callback=grid  position_beats=1226.945  error_ms=1.000
[TIMING ] wwise_callback=bar  position_beats=1227.961  error_ms=1.000
[TIMING ] wwise_callback=beat  position_beats=1227.961  error_ms=1.000
[TIMING ] wwise_callback=grid  position_beats=1227.961  error_ms=1.000
[TIMING ] wwise_callback=beat  position_beats=1228.942  error_ms=6.000
[TIMING ] wwise_callback=grid  position_beats=1228.942  error_ms=6.000
[TIMING ] wwise_callback=beat  position_beats=1229.960  error_ms=4.000
[TIMING ] wwise_callback=grid  position_beats=1229.960  error_ms=4.000
[TIMING ] wwise_callback=beat  position_beats=1230.981  error_ms=8.000
[TIMING ] wwise_callback=grid  position_beats=1230.981  error_ms=8.000
[TIMING ] wwise_callback=bar  position_beats=1231.934  error_ms=0.000
[TIMING ] wwise_callback=beat  position_beats=1231.934  error_ms=0.000
[TIMING ] wwise_callback=grid  position_beats=1231.934  error_ms=0.000
[AUDIO  ] arrangement=layer  enabled=true  requested_at=1232.010
[TIMING ] wwise_callback=beat  position_beats=1232.963  error_ms=6.000
[TIMING ] wwise_callback=grid  position_beats=1232.963  error_ms=6.000
[TIMING ] wwise_callback=beat  position_beats=1233.977  error_ms=5.000
[TIMING ] wwise_callback=grid  position_beats=1233.977  error_ms=5.000
[TIMING ] wwise_callback=beat  position_beats=1234.944  error_ms=3.000
[TIMING ] wwise_callback=grid  position_beats=1234.944  error_ms=3.000
[TIMING ] wwise_callback=bar  position_beats=1235.975  error_ms=9.000
[TIMING ] wwise_callback=beat  position_beats=1235.975  error_ms=9.000
[TIMING ] wwise_callback=grid  position_beats=1235.975  error_ms=9.000
[TIMING ] wwise_callback=beat  position_beats=1236.972  error_ms=0.000
[TIMING ] wwise_callback=grid  position_beats=1236.972  error_ms=0.000
[TIMING ] wwise_callback=beat  position_beats=1237.953  error_ms=5.000
[TIMING ] wwise_callback=grid  position_beats=1237.953  error_ms=5.000
[TIMING ] wwise_callback=beat  position_beats=1238.972  error_ms=4.000
[TIMING ] wwise_callback=grid  position_beats=1238.972  error_ms=4.000
[TIMING ] wwise_callback=bar  position_beats=1239.944  error_ms=7.000
[TIMING ] wwise_callback=beat  position_beats=1239.944  error_ms=7.000
[TIMING ] wwise_callback=grid  position_beats=1239.944  error_ms=7.000
[TIMING ] wwise_callback=beat  position_beats=1240.952  error_ms=2.000
[TIMING ] wwise_callback=grid  position_beats=1240.952  error_ms=2.000
[TIMING ] wwise_callback=beat  position_beats=1241.977  error_ms=6.000
[TIMING ] wwise_callback=grid  position_beats=1241.977  error_ms=6.000
[TIMING ] wwise_callback=beat  position_beats=1242.943  error_ms=4.000
[TIMING ] wwise_callback=grid  position_beats=1242.943  error_ms=4.000
[TIMING ] wwise_callback=bar  position_beats=1243.961  error_ms=5.000
[TIMING ] wwise_callback=beat  position_beats=1243.961  error_ms=5.000
[TIMING ] wwise_callback=grid  position_beats=1243.961  error_ms=5.000
[TIMING ] wwise_callback=beat  position_beats=1244.978  error_ms=4.000
[TIMING ] wwise_callback=grid  position_beats=1244.978  error_ms=4.000
[TIMING ] wwise_callback=beat  position_beats=1245.946  error_ms=3.000
[TIMING ] wwise_callback=grid  position_beats=1245.946  error_ms=3.000
[TIMING ] wwise_callback=beat  position_beats=1246.960  error_ms=2.000
[TIMING ] wwise_callback=grid  position_beats=1246.960  error_ms=2.000
[TIMING ] wwise_segment=wrapped  segment_ms=14769.000  elapsed_ms=575991.000
[AUDIO  ] arrangement=transition  section=alternate  requested_at=1248.004
[TIMING ] wwise_callback=beat  position_beats=1248.953  error_ms=5.000
[TIMING ] wwise_callback=grid  position_beats=1248.953  error_ms=5.000
[TIMING ] wwise_callback=beat  position_beats=1249.963  error_ms=2.000
[TIMING ] wwise_callback=grid  position_beats=1249.963  error_ms=2.000
[TIMING ] wwise_callback=beat  position_beats=1250.929  error_ms=0.000
[TIMING ] wwise_callback=grid  position_beats=1250.929  error_ms=0.000
[TIMING ] wwise_callback=bar  position_beats=1251.948  error_ms=0.000
[TIMING ] wwise_callback=beat  position_beats=1251.948  error_ms=0.000
[TIMING ] wwise_callback=grid  position_beats=1251.948  error_ms=0.000
[TIMING ] wwise_callback=beat  position_beats=1252.964  error_ms=0.000
[TIMING ] wwise_callback=grid  position_beats=1252.964  error_ms=0.000
[TIMING ] wwise_callback=beat  position_beats=1253.937  error_ms=1.000
[TIMING ] wwise_callback=grid  position_beats=1253.937  error_ms=1.000
[TIMING ] wwise_callback=beat  position_beats=1254.953  error_ms=1.000
[TIMING ] wwise_callback=grid  position_beats=1254.953  error_ms=1.000
[TIMING ] wwise_callback=bar  position_beats=1255.971  error_ms=1.000
[TIMING ] wwise_callback=beat  position_beats=1255.971  error_ms=1.000
[TIMING ] wwise_callback=grid  position_beats=1255.971  error_ms=1.000
[TIMING ] wwise_callback=beat  position_beats=1256.946  error_ms=3.000
[TIMING ] wwise_callback=grid  position_beats=1256.946  error_ms=3.000
[TIMING ] wwise_callback=beat  position_beats=1257.960  error_ms=2.000
[TIMING ] wwise_callback=grid  position_beats=1257.960  error_ms=2.000
[TIMING ] wwise_callback=beat  position_beats=1258.926  error_ms=0.000
[TIMING ] wwise_callback=grid  position_beats=1258.926  error_ms=0.000
[TIMING ] wwise_callback=bar  position_beats=1259.951  error_ms=4.000
[TIMING ] wwise_callback=beat  position_beats=1259.951  error_ms=4.000
[TIMING ] wwise_callback=grid  position_beats=1259.951  error_ms=4.000
[TIMING ] wwise_callback=beat  position_beats=1260.985  error_ms=11.000
[TIMING ] wwise_callback=grid  position_beats=1260.985  error_ms=11.000
[TIMING ] wwise_callback=beat  position_beats=1261.936  error_ms=2.000
[TIMING ] wwise_callback=grid  position_beats=1261.936  error_ms=2.000
[TIMING ] wwise_callback=beat  position_beats=1262.952  error_ms=2.000
[TIMING ] wwise_callback=grid  position_beats=1262.952  error_ms=2.000
[TIMING ] wwise_callback=bar  position_beats=1263.970  error_ms=3.000
[TIMING ] wwise_callback=beat  position_beats=1263.970  error_ms=3.000
[TIMING ] wwise_callback=grid  position_beats=1263.970  error_ms=3.000
[AUDIO  ] arrangement=layer  enabled=false  requested_at=1264.018
[TIMING ] wwise_callback=beat  position_beats=1264.941  error_ms=1.000
[TIMING ] wwise_callback=grid  position_beats=1264.941  error_ms=1.000
[TIMING ] wwise_callback=beat  position_beats=1265.959  error_ms=3.000
[TIMING ] wwise_callback=grid  position_beats=1265.959  error_ms=3.000
[TIMING ] wwise_callback=beat  position_beats=1266.976  error_ms=3.000
[TIMING ] wwise_callback=grid  position_beats=1266.976  error_ms=3.000
[TIMING ] wwise_callback=bar  position_beats=1267.942  error_ms=1.000
[TIMING ] wwise_callback=beat  position_beats=1267.942  error_ms=1.000
[TIMING ] wwise_callback=grid  position_beats=1267.942  error_ms=1.000
[TIMING ] wwise_callback=beat  position_beats=1268.956  error_ms=0.000
[TIMING ] wwise_callback=grid  position_beats=1268.956  error_ms=0.000
[TIMING ] wwise_callback=beat  position_beats=1269.927  error_ms=0.000
[TIMING ] wwise_callback=grid  position_beats=1269.927  error_ms=0.000
[TIMING ] wwise_callback=beat  position_beats=1270.958  error_ms=6.000
[TIMING ] wwise_callback=grid  position_beats=1270.958  error_ms=6.000
[TIMING ] wwise_callback=bar  position_beats=1271.972  error_ms=5.000
[TIMING ] wwise_callback=beat  position_beats=1271.972  error_ms=5.000
[TIMING ] wwise_callback=grid  position_beats=1271.972  error_ms=5.000
[TIMING ] wwise_callback=beat  position_beats=1272.945  error_ms=4.000
[TIMING ] wwise_callback=grid  position_beats=1272.945  error_ms=4.000
[TIMING ] wwise_callback=beat  position_beats=1273.959  error_ms=3.000
[TIMING ] wwise_callback=grid  position_beats=1273.959  error_ms=3.000
[TIMING ] wwise_callback=beat  position_beats=1274.966  error_ms=0.000
[TIMING ] wwise_callback=grid  position_beats=1274.966  error_ms=0.000
[TIMING ] wwise_callback=bar  position_beats=1275.948  error_ms=5.000
[TIMING ] wwise_callback=beat  position_beats=1275.948  error_ms=5.000
[TIMING ] wwise_callback=grid  position_beats=1275.948  error_ms=5.000
[TIMING ] wwise_callback=beat  position_beats=1276.960  error_ms=3.000
[TIMING ] wwise_callback=grid  position_beats=1276.960  error_ms=3.000
[TIMING ] wwise_callback=beat  position_beats=1277.973  error_ms=2.000
[TIMING ] wwise_callback=grid  position_beats=1277.973  error_ms=2.000
[TIMING ] wwise_callback=beat  position_beats=1278.940  error_ms=0.000
[TIMING ] wwise_callback=grid  position_beats=1278.940  error_ms=0.000
[TIMING ] wwise_segment=wrapped  segment_ms=14769.000  elapsed_ms=590760.000
[AUDIO  ] arrangement=transition  section=loop  requested_at=1280.017
[TIMING ] wwise_callback=beat  position_beats=1280.937  error_ms=4.000
[TIMING ] wwise_callback=grid  position_beats=1280.937  error_ms=4.000
[TIMING ] wwise_callback=beat  position_beats=1281.956  error_ms=3.000
[TIMING ] wwise_callback=grid  position_beats=1281.956  error_ms=3.000
[TIMING ] wwise_callback=beat  position_beats=1282.972  error_ms=3.000
[TIMING ] wwise_callback=grid  position_beats=1282.972  error_ms=3.000
[TIMING ] wwise_callback=bar  position_beats=1283.949  error_ms=8.000
[TIMING ] wwise_callback=beat  position_beats=1283.949  error_ms=8.000
[TIMING ] wwise_callback=grid  position_beats=1283.949  error_ms=8.000
[TIMING ] wwise_callback=beat  position_beats=1284.957  error_ms=3.000
[TIMING ] wwise_callback=grid  position_beats=1284.957  error_ms=3.000
[TIMING ] wwise_callback=beat  position_beats=1285.973  error_ms=3.000
[TIMING ] wwise_callback=grid  position_beats=1285.973  error_ms=3.000
[TIMING ] wwise_callback=beat  position_beats=1286.941  error_ms=2.000
[TIMING ] wwise_callback=grid  position_beats=1286.941  error_ms=2.000
[TIMING ] wwise_callback=bar  position_beats=1287.955  error_ms=1.000
[TIMING ] wwise_callback=beat  position_beats=1287.955  error_ms=1.000
[TIMING ] wwise_callback=grid  position_beats=1287.955  error_ms=1.000
[TIMING ] wwise_callback=beat  position_beats=1288.971  error_ms=0.000
[TIMING ] wwise_callback=grid  position_beats=1288.971  error_ms=0.000
[TIMING ] wwise_callback=beat  position_beats=1289.953  error_ms=5.000
[TIMING ] wwise_callback=grid  position_beats=1289.953  error_ms=5.000
[TIMING ] wwise_callback=beat  position_beats=1290.973  error_ms=5.000
[TIMING ] wwise_callback=grid  position_beats=1290.973  error_ms=5.000
[TIMING ] wwise_callback=bar  position_beats=1291.942  error_ms=6.000
[TIMING ] wwise_callback=beat  position_beats=1291.942  error_ms=6.000
[TIMING ] wwise_callback=grid  position_beats=1291.942  error_ms=6.000
[TIMING ] wwise_callback=beat  position_beats=1292.958  error_ms=6.000
[TIMING ] wwise_callback=grid  position_beats=1292.958  error_ms=6.000
[TIMING ] wwise_callback=beat  position_beats=1293.974  error_ms=5.000
[TIMING ] wwise_callback=grid  position_beats=1293.974  error_ms=5.000
[TIMING ] wwise_callback=beat  position_beats=1294.947  error_ms=6.000
[TIMING ] wwise_callback=grid  position_beats=1294.947  error_ms=6.000
[TIMING ] wwise_callback=bar  position_beats=1295.961  error_ms=5.000
[TIMING ] wwise_callback=beat  position_beats=1295.961  error_ms=5.000
[TIMING ] wwise_callback=grid  position_beats=1295.961  error_ms=5.000
[AUDIO  ] arrangement=layer  enabled=true  requested_at=1296.009
[TIMING ] wwise_callback=beat  position_beats=1296.977  error_ms=5.000
[TIMING ] wwise_callback=grid  position_beats=1296.977  error_ms=5.000
[TIMING ] wwise_callback=beat  position_beats=1297.948  error_ms=5.000
[TIMING ] wwise_callback=grid  position_beats=1297.948  error_ms=5.000
[TIMING ] wwise_callback=beat  position_beats=1298.964  error_ms=4.000
[TIMING ] wwise_callback=grid  position_beats=1298.964  error_ms=4.000
[TIMING ] wwise_callback=bar  position_beats=1299.982  error_ms=3.000
[TIMING ] wwise_callback=beat  position_beats=1299.982  error_ms=3.000
[TIMING ] wwise_callback=grid  position_beats=1299.982  error_ms=3.000
[TIMING ] wwise_callback=beat  position_beats=1300.960  error_ms=8.000
[TIMING ] wwise_callback=grid  position_beats=1300.960  error_ms=8.000
[TIMING ] wwise_callback=beat  position_beats=1301.958  error_ms=0.000
[TIMING ] wwise_callback=grid  position_beats=1301.958  error_ms=0.000
[TIMING ] wwise_callback=beat  position_beats=1302.938  error_ms=4.000
[TIMING ] wwise_callback=grid  position_beats=1302.938  error_ms=4.000
[TIMING ] wwise_callback=bar  position_beats=1303.954  error_ms=3.000
[TIMING ] wwise_callback=beat  position_beats=1303.954  error_ms=3.000
[TIMING ] wwise_callback=grid  position_beats=1303.954  error_ms=3.000
[TIMING ] wwise_callback=beat  position_beats=1304.992  error_ms=13.000
[TIMING ] wwise_callback=grid  position_beats=1304.992  error_ms=13.000
[TIMING ] wwise_callback=beat  position_beats=1305.938  error_ms=2.000
[TIMING ] wwise_callback=grid  position_beats=1305.938  error_ms=2.000
[TIMING ] wwise_callback=beat  position_beats=1306.952  error_ms=1.000
[TIMING ] wwise_callback=grid  position_beats=1306.952  error_ms=1.000
[TIMING ] wwise_callback=bar  position_beats=1307.971  error_ms=1.000
[TIMING ] wwise_callback=beat  position_beats=1307.971  error_ms=1.000
[TIMING ] wwise_callback=grid  position_beats=1307.971  error_ms=1.000
[TIMING ] wwise_callback=beat  position_beats=1308.944  error_ms=2.000
[TIMING ] wwise_callback=grid  position_beats=1308.944  error_ms=2.000
[TIMING ] wwise_callback=beat  position_beats=1309.958  error_ms=1.000
[TIMING ] wwise_callback=grid  position_beats=1309.958  error_ms=1.000
[TIMING ] wwise_callback=beat  position_beats=1310.926  error_ms=0.000
[TIMING ] wwise_callback=grid  position_beats=1310.926  error_ms=0.000
[TIMING ] wwise_segment=wrapped  segment_ms=14769.000  elapsed_ms=605529.000
[AUDIO  ] arrangement=transition  section=alternate  requested_at=1312.003
[TIMING ] wwise_callback=beat  position_beats=1312.958  error_ms=0.000
[TIMING ] wwise_callback=grid  position_beats=1312.958  error_ms=0.000
[TIMING ] wwise_callback=beat  position_beats=1313.938  error_ms=4.000
[TIMING ] wwise_callback=grid  position_beats=1313.938  error_ms=4.000
[TIMING ] wwise_callback=beat  position_beats=1314.954  error_ms=3.000
[TIMING ] wwise_callback=grid  position_beats=1314.954  error_ms=3.000
[TIMING ] wwise_callback=bar  position_beats=1315.968  error_ms=2.000
[TIMING ] wwise_callback=beat  position_beats=1315.968  error_ms=2.000
[TIMING ] wwise_callback=grid  position_beats=1315.968  error_ms=2.000
[TIMING ] wwise_callback=beat  position_beats=1316.949  error_ms=2.000
[TIMING ] wwise_callback=grid  position_beats=1316.949  error_ms=2.000
[TIMING ] wwise_callback=beat  position_beats=1317.953  error_ms=1.000
[TIMING ] wwise_callback=grid  position_beats=1317.953  error_ms=1.000
[TIMING ] wwise_callback=beat  position_beats=1318.973  error_ms=2.000
[TIMING ] wwise_callback=grid  position_beats=1318.973  error_ms=2.000
[TIMING ] wwise_callback=bar  position_beats=1319.944  error_ms=2.000
[TIMING ] wwise_callback=beat  position_beats=1319.944  error_ms=2.000
[TIMING ] wwise_callback=grid  position_beats=1319.944  error_ms=2.000
[TIMING ] wwise_callback=beat  position_beats=1320.964  error_ms=4.000
[TIMING ] wwise_callback=grid  position_beats=1320.964  error_ms=4.000
[TIMING ] wwise_callback=beat  position_beats=1321.928  error_ms=1.000
[TIMING ] wwise_callback=grid  position_beats=1321.928  error_ms=1.000
[TIMING ] wwise_callback=beat  position_beats=1322.949  error_ms=3.000
[TIMING ] wwise_callback=grid  position_beats=1322.949  error_ms=3.000
[TIMING ] wwise_callback=bar  position_beats=1323.965  error_ms=2.000
[TIMING ] wwise_callback=beat  position_beats=1323.965  error_ms=2.000
[TIMING ] wwise_callback=grid  position_beats=1323.965  error_ms=2.000
[TIMING ] wwise_callback=beat  position_beats=1324.934  error_ms=0.000
[TIMING ] wwise_callback=grid  position_beats=1324.934  error_ms=0.000
[TIMING ] wwise_callback=beat  position_beats=1325.954  error_ms=1.000
[TIMING ] wwise_callback=grid  position_beats=1325.954  error_ms=1.000
[TIMING ] wwise_callback=beat  position_beats=1326.970  error_ms=3.000
[TIMING ] wwise_callback=grid  position_beats=1326.970  error_ms=3.000
[TIMING ] wwise_callback=bar  position_beats=1327.936  error_ms=1.000
[TIMING ] wwise_callback=beat  position_beats=1327.936  error_ms=1.000
[TIMING ] wwise_callback=grid  position_beats=1327.936  error_ms=1.000
[AUDIO  ] arrangement=layer  enabled=false  requested_at=1328.001
[TIMING ] wwise_callback=beat  position_beats=1328.953  error_ms=0.000
[TIMING ] wwise_callback=grid  position_beats=1328.953  error_ms=0.000
[TIMING ] wwise_callback=beat  position_beats=1329.973  error_ms=2.000
[TIMING ] wwise_callback=grid  position_beats=1329.973  error_ms=2.000
[TIMING ] wwise_callback=beat  position_beats=1330.950  error_ms=5.000
[TIMING ] wwise_callback=grid  position_beats=1330.950  error_ms=5.000
[TIMING ] wwise_callback=bar  position_beats=1331.964  error_ms=4.000
[TIMING ] wwise_callback=beat  position_beats=1331.964  error_ms=4.000
[TIMING ] wwise_callback=grid  position_beats=1331.964  error_ms=4.000
[TIMING ] wwise_callback=beat  position_beats=1332.933  error_ms=3.000
[TIMING ] wwise_callback=grid  position_beats=1332.933  error_ms=3.000
[TIMING ] wwise_callback=beat  position_beats=1333.953  error_ms=3.000
[TIMING ] wwise_callback=grid  position_beats=1333.953  error_ms=3.000
[TIMING ] wwise_callback=beat  position_beats=1334.972  error_ms=4.000
[TIMING ] wwise_callback=grid  position_beats=1334.972  error_ms=4.000
[TIMING ] wwise_callback=bar  position_beats=1335.940  error_ms=4.000
[TIMING ] wwise_callback=beat  position_beats=1335.940  error_ms=4.000
[TIMING ] wwise_callback=grid  position_beats=1335.940  error_ms=4.000
[TIMING ] wwise_callback=beat  position_beats=1336.954  error_ms=3.000
[TIMING ] wwise_callback=grid  position_beats=1336.954  error_ms=3.000
[TIMING ] wwise_callback=beat  position_beats=1337.972  error_ms=3.000
[TIMING ] wwise_callback=grid  position_beats=1337.972  error_ms=3.000
[TIMING ] wwise_callback=beat  position_beats=1338.943  error_ms=3.000
[TIMING ] wwise_callback=grid  position_beats=1338.943  error_ms=3.000
[TIMING ] wwise_callback=bar  position_beats=1339.957  error_ms=2.000
[TIMING ] wwise_callback=beat  position_beats=1339.957  error_ms=2.000
[TIMING ] wwise_callback=grid  position_beats=1339.957  error_ms=2.000
[TIMING ] wwise_callback=beat  position_beats=1340.971  error_ms=1.000
[TIMING ] wwise_callback=grid  position_beats=1340.971  error_ms=1.000
[TIMING ] wwise_callback=beat  position_beats=1341.940  error_ms=0.000
[TIMING ] wwise_callback=grid  position_beats=1341.940  error_ms=0.000
[TIMING ] wwise_callback=beat  position_beats=1342.973  error_ms=6.000
[TIMING ] wwise_callback=grid  position_beats=1342.973  error_ms=6.000
[TIMING ] wwise_segment=wrapped  segment_ms=14769.000  elapsed_ms=620298.000
[AUDIO  ] arrangement=transition  section=loop  requested_at=1344.000
[TIMING ] wwise_callback=beat  position_beats=1344.945  error_ms=0.000
[TIMING ] wwise_callback=grid  position_beats=1344.945  error_ms=0.000
[TIMING ] wwise_callback=beat  position_beats=1345.961  error_ms=0.000
[TIMING ] wwise_callback=grid  position_beats=1345.961  error_ms=0.000
[TIMING ] wwise_callback=beat  position_beats=1346.940  error_ms=4.000
[TIMING ] wwise_callback=grid  position_beats=1346.940  error_ms=4.000
[TIMING ] wwise_callback=bar  position_beats=1347.956  error_ms=4.000
[TIMING ] wwise_callback=beat  position_beats=1347.956  error_ms=4.000
[TIMING ] wwise_callback=grid  position_beats=1347.956  error_ms=4.000
[TIMING ] wwise_callback=beat  position_beats=1348.973  error_ms=3.000
[TIMING ] wwise_callback=grid  position_beats=1348.973  error_ms=3.000
[TIMING ] wwise_callback=beat  position_beats=1349.939  error_ms=1.000
[TIMING ] wwise_callback=grid  position_beats=1349.939  error_ms=1.000
[TIMING ] wwise_callback=beat  position_beats=1350.953  error_ms=0.000
[TIMING ] wwise_callback=grid  position_beats=1350.953  error_ms=0.000
[TIMING ] wwise_callback=bar  position_beats=1351.926  error_ms=1.000
[TIMING ] wwise_callback=beat  position_beats=1351.926  error_ms=1.000
[TIMING ] wwise_callback=grid  position_beats=1351.926  error_ms=1.000
[TIMING ] wwise_callback=beat  position_beats=1352.942  error_ms=1.000
[TIMING ] wwise_callback=grid  position_beats=1352.942  error_ms=1.000
[TIMING ] wwise_callback=beat  position_beats=1353.958  error_ms=0.000
[TIMING ] wwise_callback=grid  position_beats=1353.958  error_ms=0.000
[TIMING ] wwise_callback=beat  position_beats=1354.942  error_ms=6.000
[TIMING ] wwise_callback=grid  position_beats=1354.942  error_ms=6.000
[TIMING ] wwise_callback=bar  position_beats=1355.956  error_ms=5.000
[TIMING ] wwise_callback=beat  position_beats=1355.956  error_ms=5.000
[TIMING ] wwise_callback=grid  position_beats=1355.956  error_ms=5.000
[TIMING ] wwise_callback=beat  position_beats=1356.970  error_ms=4.000
[TIMING ] wwise_callback=grid  position_beats=1356.970  error_ms=4.000
[TIMING ] wwise_callback=beat  position_beats=1357.936  error_ms=2.000
[TIMING ] wwise_callback=grid  position_beats=1357.936  error_ms=2.000
[TIMING ] wwise_callback=beat  position_beats=1358.954  error_ms=2.000
[TIMING ] wwise_callback=grid  position_beats=1358.954  error_ms=2.000
[TIMING ] wwise_callback=bar  position_beats=1359.966  error_ms=0.000
[TIMING ] wwise_callback=beat  position_beats=1359.966  error_ms=0.000
[TIMING ] wwise_callback=grid  position_beats=1359.966  error_ms=0.000
[AUDIO  ] arrangement=layer  enabled=true  requested_at=1360.016
[TIMING ] wwise_callback=beat  position_beats=1360.945  error_ms=4.000
[TIMING ] wwise_callback=grid  position_beats=1360.945  error_ms=4.000
[TIMING ] wwise_callback=beat  position_beats=1361.959  error_ms=3.000
[TIMING ] wwise_callback=grid  position_beats=1361.959  error_ms=3.000
[TIMING ] wwise_callback=beat  position_beats=1362.926  error_ms=1.000
[TIMING ] wwise_callback=grid  position_beats=1362.926  error_ms=1.000
[TIMING ] wwise_callback=bar  position_beats=1363.942  error_ms=0.000
[TIMING ] wwise_callback=beat  position_beats=1363.942  error_ms=0.000
[TIMING ] wwise_callback=grid  position_beats=1363.942  error_ms=0.000
[TIMING ] wwise_callback=beat  position_beats=1364.958  error_ms=0.000
[TIMING ] wwise_callback=grid  position_beats=1364.958  error_ms=0.000
[TIMING ] wwise_callback=beat  position_beats=1365.940  error_ms=5.000
[TIMING ] wwise_callback=grid  position_beats=1365.940  error_ms=5.000
[TIMING ] wwise_callback=beat  position_beats=1366.954  error_ms=4.000
[TIMING ] wwise_callback=grid  position_beats=1366.954  error_ms=4.000
[TIMING ] wwise_callback=bar  position_beats=1367.972  error_ms=4.000
[TIMING ] wwise_callback=beat  position_beats=1367.972  error_ms=4.000
[TIMING ] wwise_callback=grid  position_beats=1367.972  error_ms=4.000
[TIMING ] wwise_callback=beat  position_beats=1368.947  error_ms=6.000
[TIMING ] wwise_callback=grid  position_beats=1368.947  error_ms=6.000
[TIMING ] wwise_callback=beat  position_beats=1369.959  error_ms=4.000
[TIMING ] wwise_callback=grid  position_beats=1369.959  error_ms=4.000
[TIMING ] wwise_callback=beat  position_beats=1370.975  error_ms=4.000
[TIMING ] wwise_callback=grid  position_beats=1370.975  error_ms=4.000
[TIMING ] wwise_callback=bar  position_beats=1371.941  error_ms=2.000
[TIMING ] wwise_callback=beat  position_beats=1371.941  error_ms=2.000
[TIMING ] wwise_callback=grid  position_beats=1371.941  error_ms=2.000
[TIMING ] wwise_callback=beat  position_beats=1372.960  error_ms=2.000
[TIMING ] wwise_callback=grid  position_beats=1372.960  error_ms=2.000
[TIMING ] wwise_callback=beat  position_beats=1373.926  error_ms=0.000
[TIMING ] wwise_callback=grid  position_beats=1373.926  error_ms=0.000
[TIMING ] wwise_callback=beat  position_beats=1374.955  error_ms=6.000
[TIMING ] wwise_callback=grid  position_beats=1374.955  error_ms=6.000
[TIMING ] wwise_segment=wrapped  segment_ms=14769.000  elapsed_ms=635067.000
[AUDIO  ] arrangement=transition  section=alternate  requested_at=1376.006
[TIMING ] wwise_callback=beat  position_beats=1376.929  error_ms=0.000
[TIMING ] wwise_callback=grid  position_beats=1376.929  error_ms=0.000
[TIMING ] wwise_callback=beat  position_beats=1377.962  error_ms=3.000
[TIMING ] wwise_callback=grid  position_beats=1377.962  error_ms=3.000
[TIMING ] wwise_callback=beat  position_beats=1378.972  error_ms=4.000
[TIMING ] wwise_callback=grid  position_beats=1378.972  error_ms=4.000
[TIMING ] wwise_callback=bar  position_beats=1379.956  error_ms=10.000
[TIMING ] wwise_callback=beat  position_beats=1379.956  error_ms=10.000
[TIMING ] wwise_callback=grid  position_beats=1379.956  error_ms=10.000
[TIMING ] wwise_callback=beat  position_beats=1380.961  error_ms=5.000
[TIMING ] wwise_callback=grid  position_beats=1380.961  error_ms=5.000
[TIMING ] wwise_callback=beat  position_beats=1381.975  error_ms=4.000
[TIMING ] wwise_callback=grid  position_beats=1381.975  error_ms=4.000
[TIMING ] wwise_callback=beat  position_beats=1382.941  error_ms=2.000
[TIMING ] wwise_callback=grid  position_beats=1382.941  error_ms=2.000
[TIMING ] wwise_callback=bar  position_beats=1383.960  error_ms=2.000
[TIMING ] wwise_callback=beat  position_beats=1383.960  error_ms=2.000
[TIMING ] wwise_callback=grid  position_beats=1383.960  error_ms=2.000
[TIMING ] wwise_callback=beat  position_beats=1384.926  error_ms=0.000
[TIMING ] wwise_callback=grid  position_beats=1384.926  error_ms=0.000
[TIMING ] wwise_callback=beat  position_beats=1385.959  error_ms=6.000
[TIMING ] wwise_callback=grid  position_beats=1385.959  error_ms=6.000
[TIMING ] wwise_callback=beat  position_beats=1386.980  error_ms=10.000
[TIMING ] wwise_callback=grid  position_beats=1386.980  error_ms=10.000
[TIMING ] wwise_callback=bar  position_beats=1387.938  error_ms=4.000
[TIMING ] wwise_callback=beat  position_beats=1387.938  error_ms=4.000
[TIMING ] wwise_callback=grid  position_beats=1387.938  error_ms=4.000
[TIMING ] wwise_callback=beat  position_beats=1388.954  error_ms=3.000
[TIMING ] wwise_callback=grid  position_beats=1388.954  error_ms=3.000
[TIMING ] wwise_callback=beat  position_beats=1389.968  error_ms=2.000
[TIMING ] wwise_callback=grid  position_beats=1389.968  error_ms=2.000
[TIMING ] wwise_callback=beat  position_beats=1390.934  error_ms=0.000
[TIMING ] wwise_callback=grid  position_beats=1390.934  error_ms=0.000
[TIMING ] wwise_callback=bar  position_beats=1391.950  error_ms=0.000
[TIMING ] wwise_callback=beat  position_beats=1391.950  error_ms=0.000
[TIMING ] wwise_callback=grid  position_beats=1391.950  error_ms=0.000
[AUDIO  ] arrangement=layer  enabled=false  requested_at=1392.013
[TIMING ] wwise_callback=beat  position_beats=1392.982  error_ms=6.000
[TIMING ] wwise_callback=grid  position_beats=1392.982  error_ms=6.000
[TIMING ] wwise_callback=beat  position_beats=1393.948  error_ms=4.000
[TIMING ] wwise_callback=grid  position_beats=1393.948  error_ms=4.000
[TIMING ] wwise_callback=beat  position_beats=1394.966  error_ms=3.000
[TIMING ] wwise_callback=grid  position_beats=1394.966  error_ms=3.000
[TIMING ] wwise_callback=bar  position_beats=1395.939  error_ms=6.000
[TIMING ] wwise_callback=beat  position_beats=1395.939  error_ms=6.000
[TIMING ] wwise_callback=grid  position_beats=1395.939  error_ms=6.000
[TIMING ] wwise_callback=beat  position_beats=1396.953  error_ms=5.000
[TIMING ] wwise_callback=grid  position_beats=1396.953  error_ms=5.000
[TIMING ] wwise_callback=beat  position_beats=1397.971  error_ms=5.000
[TIMING ] wwise_callback=grid  position_beats=1397.971  error_ms=5.000
[TIMING ] wwise_callback=beat  position_beats=1398.931  error_ms=0.000
[TIMING ] wwise_callback=grid  position_beats=1398.931  error_ms=0.000
[TIMING ] wwise_callback=bar  position_beats=1399.960  error_ms=6.000
[TIMING ] wwise_callback=beat  position_beats=1399.960  error_ms=6.000
[TIMING ] wwise_callback=grid  position_beats=1399.960  error_ms=6.000
[TIMING ] wwise_callback=beat  position_beats=1400.963  error_ms=0.000
[TIMING ] wwise_callback=grid  position_beats=1400.963  error_ms=0.000
[TIMING ] wwise_callback=beat  position_beats=1401.943  error_ms=4.000
[TIMING ] wwise_callback=grid  position_beats=1401.943  error_ms=4.000
[TIMING ] wwise_callback=beat  position_beats=1402.959  error_ms=3.000
[TIMING ] wwise_callback=grid  position_beats=1402.959  error_ms=3.000
[TIMING ] wwise_callback=bar  position_beats=1403.979  error_ms=3.000
[TIMING ] wwise_callback=beat  position_beats=1403.979  error_ms=3.000
[TIMING ] wwise_callback=grid  position_beats=1403.979  error_ms=3.000
[TIMING ] wwise_callback=beat  position_beats=1404.935  error_ms=-2.000
[TIMING ] wwise_callback=grid  position_beats=1404.935  error_ms=-2.000
[TIMING ] wwise_callback=beat  position_beats=1405.955  error_ms=0.000
[TIMING ] wwise_callback=grid  position_beats=1405.955  error_ms=0.000
[TIMING ] wwise_callback=beat  position_beats=1406.928  error_ms=1.000
[TIMING ] wwise_callback=grid  position_beats=1406.928  error_ms=1.000
[TIMING ] wwise_segment=wrapped  segment_ms=14769.000  elapsed_ms=649836.000
[AUDIO  ] arrangement=transition  section=loop  requested_at=1408.014
[TIMING ] wwise_callback=beat  position_beats=1408.971  error_ms=5.000
[TIMING ] wwise_callback=grid  position_beats=1408.971  error_ms=5.000
[TIMING ] wwise_callback=beat  position_beats=1409.946  error_ms=7.000
[TIMING ] wwise_callback=grid  position_beats=1409.946  error_ms=7.000
[TIMING ] wwise_callback=beat  position_beats=1410.950  error_ms=1.000
[TIMING ] wwise_callback=grid  position_beats=1410.950  error_ms=1.000
[TIMING ] wwise_callback=bar  position_beats=1411.970  error_ms=2.000
[TIMING ] wwise_callback=beat  position_beats=1411.970  error_ms=2.000
[TIMING ] wwise_callback=grid  position_beats=1411.970  error_ms=2.000
[TIMING ] wwise_callback=beat  position_beats=1412.945  error_ms=4.000
[TIMING ] wwise_callback=grid  position_beats=1412.945  error_ms=4.000
[TIMING ] wwise_callback=beat  position_beats=1413.957  error_ms=2.000
[TIMING ] wwise_callback=grid  position_beats=1413.957  error_ms=2.000
[TIMING ] wwise_callback=beat  position_beats=1414.925  error_ms=1.000
[TIMING ] wwise_callback=grid  position_beats=1414.925  error_ms=1.000
[TIMING ] wwise_callback=bar  position_beats=1415.946  error_ms=3.000
[TIMING ] wwise_callback=beat  position_beats=1415.946  error_ms=3.000
[TIMING ] wwise_callback=grid  position_beats=1415.946  error_ms=3.000
[TIMING ] wwise_callback=beat  position_beats=1416.962  error_ms=2.000
[TIMING ] wwise_callback=grid  position_beats=1416.962  error_ms=2.000
[TIMING ] wwise_callback=beat  position_beats=1417.941  error_ms=6.000
[TIMING ] wwise_callback=grid  position_beats=1417.941  error_ms=6.000
[TIMING ] wwise_callback=beat  position_beats=1418.949  error_ms=2.000
[TIMING ] wwise_callback=grid  position_beats=1418.949  error_ms=2.000
[TIMING ] wwise_callback=bar  position_beats=1419.963  error_ms=1.000
[TIMING ] wwise_callback=beat  position_beats=1419.963  error_ms=1.000
[TIMING ] wwise_callback=grid  position_beats=1419.963  error_ms=1.000
[TIMING ] wwise_callback=beat  position_beats=1420.949  error_ms=6.000
[TIMING ] wwise_callback=grid  position_beats=1420.949  error_ms=6.000
[TIMING ] wwise_callback=beat  position_beats=1421.958  error_ms=4.000
[TIMING ] wwise_callback=grid  position_beats=1421.958  error_ms=4.000
[TIMING ] wwise_callback=beat  position_beats=1422.977  error_ms=5.000
[TIMING ] wwise_callback=grid  position_beats=1422.977  error_ms=5.000
[TIMING ] wwise_callback=bar  position_beats=1423.945  error_ms=4.000
[TIMING ] wwise_callback=beat  position_beats=1423.945  error_ms=4.000
[TIMING ] wwise_callback=grid  position_beats=1423.945  error_ms=4.000
[AUDIO  ] arrangement=layer  enabled=true  requested_at=1424.006
[TIMING ] wwise_callback=beat  position_beats=1424.959  error_ms=3.000
[TIMING ] wwise_callback=grid  position_beats=1424.959  error_ms=3.000
[TIMING ] wwise_callback=beat  position_beats=1425.928  error_ms=2.000
[TIMING ] wwise_callback=grid  position_beats=1425.928  error_ms=2.000
[TIMING ] wwise_callback=beat  position_beats=1426.998  error_ms=26.000
[TIMING ] wwise_callback=grid  position_beats=1426.998  error_ms=26.000
[TIMING ] wwise_callback=bar  position_beats=1427.960  error_ms=1.000
[TIMING ] wwise_callback=beat  position_beats=1427.960  error_ms=1.000
[TIMING ] wwise_callback=grid  position_beats=1427.960  error_ms=1.000
[TIMING ] wwise_callback=beat  position_beats=1428.933  error_ms=0.000
[TIMING ] wwise_callback=grid  position_beats=1428.933  error_ms=0.000
[TIMING ] wwise_callback=beat  position_beats=1429.949  error_ms=2.000
[TIMING ] wwise_callback=grid  position_beats=1429.949  error_ms=2.000
[TIMING ] wwise_callback=beat  position_beats=1430.965  error_ms=1.000
[TIMING ] wwise_callback=grid  position_beats=1430.965  error_ms=1.000
[TIMING ] wwise_callback=bar  position_beats=1431.934  error_ms=0.000
[TIMING ] wwise_callback=beat  position_beats=1431.934  error_ms=0.000
[TIMING ] wwise_callback=grid  position_beats=1431.934  error_ms=0.000
[TIMING ] wwise_callback=beat  position_beats=1432.963  error_ms=6.000
[TIMING ] wwise_callback=grid  position_beats=1432.963  error_ms=6.000
[TIMING ] wwise_callback=beat  position_beats=1433.979  error_ms=6.000
[TIMING ] wwise_callback=grid  position_beats=1433.979  error_ms=6.000
[TIMING ] wwise_callback=beat  position_beats=1434.945  error_ms=4.000
[TIMING ] wwise_callback=grid  position_beats=1434.945  error_ms=4.000
[TIMING ] wwise_callback=bar  position_beats=1435.968  error_ms=6.000
[TIMING ] wwise_callback=beat  position_beats=1435.968  error_ms=6.000
[TIMING ] wwise_callback=grid  position_beats=1435.968  error_ms=6.000
[TIMING ] wwise_callback=beat  position_beats=1436.934  error_ms=4.000
[TIMING ] wwise_callback=grid  position_beats=1436.934  error_ms=4.000
[TIMING ] wwise_callback=beat  position_beats=1437.955  error_ms=4.000
[TIMING ] wwise_callback=grid  position_beats=1437.955  error_ms=4.000
[TIMING ] wwise_callback=beat  position_beats=1438.967  error_ms=4.000
[TIMING ] wwise_callback=grid  position_beats=1438.967  error_ms=4.000
[TIMING ] wwise_segment=wrapped  segment_ms=14769.000  elapsed_ms=664605.000
[AUDIO  ] arrangement=transition  section=alternate  requested_at=1440.000
[TIMING ] wwise_callback=beat  position_beats=1440.958  error_ms=6.000
[TIMING ] wwise_callback=grid  position_beats=1440.958  error_ms=6.000
[TIMING ] wwise_callback=beat  position_beats=1441.967  error_ms=2.000
[TIMING ] wwise_callback=grid  position_beats=1441.967  error_ms=2.000
[TIMING ] wwise_callback=beat  position_beats=1442.945  error_ms=5.000
[TIMING ] wwise_callback=grid  position_beats=1442.945  error_ms=5.000
[TIMING ] wwise_callback=bar  position_beats=1443.956  error_ms=3.000
[TIMING ] wwise_callback=beat  position_beats=1443.956  error_ms=3.000
[TIMING ] wwise_callback=grid  position_beats=1443.956  error_ms=3.000
[TIMING ] wwise_callback=beat  position_beats=1444.979  error_ms=6.000
[TIMING ] wwise_callback=grid  position_beats=1444.979  error_ms=6.000
[TIMING ] wwise_callback=beat  position_beats=1445.945  error_ms=4.000
[TIMING ] wwise_callback=grid  position_beats=1445.945  error_ms=4.000
[TIMING ] wwise_callback=beat  position_beats=1446.966  error_ms=4.000
[TIMING ] wwise_callback=grid  position_beats=1446.966  error_ms=4.000
[TIMING ] wwise_callback=bar  position_beats=1447.936  error_ms=5.000
[TIMING ] wwise_callback=beat  position_beats=1447.936  error_ms=5.000
[TIMING ] wwise_callback=grid  position_beats=1447.936  error_ms=5.000
[TIMING ] wwise_callback=beat  position_beats=1448.948  error_ms=3.000
[TIMING ] wwise_callback=grid  position_beats=1448.948  error_ms=3.000
[TIMING ] wwise_callback=beat  position_beats=1449.962  error_ms=2.000
[TIMING ] wwise_callback=grid  position_beats=1449.962  error_ms=2.000
[TIMING ] wwise_callback=beat  position_beats=1450.937  error_ms=4.000
[TIMING ] wwise_callback=grid  position_beats=1450.937  error_ms=4.000
[TIMING ] wwise_callback=bar  position_beats=1451.966  error_ms=9.000
[TIMING ] wwise_callback=beat  position_beats=1451.966  error_ms=9.000
[TIMING ] wwise_callback=grid  position_beats=1451.966  error_ms=9.000
[TIMING ] wwise_callback=beat  position_beats=1452.970  error_ms=3.000
[TIMING ] wwise_callback=grid  position_beats=1452.970  error_ms=3.000
[TIMING ] wwise_callback=beat  position_beats=1453.942  error_ms=4.000
[TIMING ] wwise_callback=grid  position_beats=1453.942  error_ms=4.000
[TIMING ] wwise_callback=beat  position_beats=1454.954  error_ms=2.000
[TIMING ] wwise_callback=grid  position_beats=1454.954  error_ms=2.000
[TIMING ] wwise_callback=bar  position_beats=1455.929  error_ms=4.000
[TIMING ] wwise_callback=beat  position_beats=1455.929  error_ms=4.000
[TIMING ] wwise_callback=grid  position_beats=1455.929  error_ms=4.000
[AUDIO  ] arrangement=layer  enabled=false  requested_at=1456.001
[TIMING ] wwise_callback=beat  position_beats=1456.945  error_ms=3.000
[TIMING ] wwise_callback=grid  position_beats=1456.945  error_ms=3.000
[TIMING ] wwise_callback=beat  position_beats=1457.959  error_ms=2.000
[TIMING ] wwise_callback=grid  position_beats=1457.959  error_ms=2.000
[TIMING ] wwise_callback=beat  position_beats=1458.926  error_ms=0.000
[TIMING ] wwise_callback=grid  position_beats=1458.926  error_ms=0.000
[TIMING ] wwise_callback=bar  position_beats=1459.957  error_ms=7.000
[TIMING ] wwise_callback=beat  position_beats=1459.957  error_ms=7.000
[TIMING ] wwise_callback=grid  position_beats=1459.957  error_ms=7.000
[TIMING ] wwise_callback=beat  position_beats=1460.973  error_ms=6.000
[TIMING ] wwise_callback=grid  position_beats=1460.973  error_ms=6.000
[TIMING ] wwise_callback=beat  position_beats=1461.940  error_ms=4.000
[TIMING ] wwise_callback=grid  position_beats=1461.940  error_ms=4.000
[TIMING ] wwise_callback=beat  position_beats=1462.956  error_ms=4.000
[TIMING ] wwise_callback=grid  position_beats=1462.956  error_ms=4.000
[TIMING ] wwise_callback=bar  position_beats=1463.972  error_ms=4.000
[TIMING ] wwise_callback=beat  position_beats=1463.972  error_ms=4.000
[TIMING ] wwise_callback=grid  position_beats=1463.972  error_ms=4.000
[TIMING ] wwise_callback=beat  position_beats=1464.945  error_ms=5.000
[TIMING ] wwise_callback=grid  position_beats=1464.945  error_ms=5.000
[TIMING ] wwise_callback=beat  position_beats=1465.961  error_ms=4.000
[TIMING ] wwise_callback=grid  position_beats=1465.961  error_ms=4.000
[TIMING ] wwise_callback=beat  position_beats=1466.932  error_ms=4.000
[TIMING ] wwise_callback=grid  position_beats=1466.932  error_ms=4.000
[TIMING ] wwise_callback=bar  position_beats=1467.946  error_ms=3.000
[TIMING ] wwise_callback=beat  position_beats=1467.946  error_ms=3.000
[TIMING ] wwise_callback=grid  position_beats=1467.946  error_ms=3.000
[TIMING ] wwise_callback=beat  position_beats=1468.962  error_ms=3.000
[TIMING ] wwise_callback=grid  position_beats=1468.962  error_ms=3.000
[TIMING ] wwise_callback=beat  position_beats=1469.928  error_ms=1.000
[TIMING ] wwise_callback=grid  position_beats=1469.928  error_ms=1.000
[TIMING ] wwise_callback=beat  position_beats=1470.944  error_ms=0.000
[TIMING ] wwise_callback=grid  position_beats=1470.944  error_ms=0.000
[TIMING ] wwise_segment=wrapped  segment_ms=14769.000  elapsed_ms=679374.000
[AUDIO  ] arrangement=transition  section=loop  requested_at=1472.006
[TIMING ] wwise_callback=beat  position_beats=1472.946  error_ms=7.000
[TIMING ] wwise_callback=grid  position_beats=1472.946  error_ms=7.000
[TIMING ] wwise_callback=beat  position_beats=1473.951  error_ms=2.000
[TIMING ] wwise_callback=grid  position_beats=1473.951  error_ms=2.000
[TIMING ] wwise_callback=beat  position_beats=1474.976  error_ms=6.000
[TIMING ] wwise_callback=grid  position_beats=1474.976  error_ms=6.000
[TIMING ] wwise_callback=bar  position_beats=1475.945  error_ms=5.000
[TIMING ] wwise_callback=beat  position_beats=1475.945  error_ms=5.000
[TIMING ] wwise_callback=grid  position_beats=1475.945  error_ms=5.000
[TIMING ] wwise_callback=beat  position_beats=1476.961  error_ms=4.000
[TIMING ] wwise_callback=grid  position_beats=1476.961  error_ms=4.000
[TIMING ] wwise_callback=beat  position_beats=1477.929  error_ms=3.000
[TIMING ] wwise_callback=grid  position_beats=1477.929  error_ms=3.000
[TIMING ] wwise_callback=beat  position_beats=1478.943  error_ms=2.000
[TIMING ] wwise_callback=grid  position_beats=1478.943  error_ms=2.000
[TIMING ] wwise_callback=bar  position_beats=1479.957  error_ms=1.000
[TIMING ] wwise_callback=beat  position_beats=1479.957  error_ms=1.000
[TIMING ] wwise_callback=grid  position_beats=1479.957  error_ms=1.000
[TIMING ] wwise_callback=beat  position_beats=1480.930  error_ms=0.000
[TIMING ] wwise_callback=grid  position_beats=1480.930  error_ms=0.000
[TIMING ] wwise_callback=beat  position_beats=1481.959  error_ms=6.000
[TIMING ] wwise_callback=grid  position_beats=1481.959  error_ms=6.000
[TIMING ] wwise_callback=beat  position_beats=1482.973  error_ms=6.000
[TIMING ] wwise_callback=grid  position_beats=1482.973  error_ms=6.000
[TIMING ] wwise_callback=bar  position_beats=1483.942  error_ms=5.000
[TIMING ] wwise_callback=beat  position_beats=1483.942  error_ms=5.000
[TIMING ] wwise_callback=grid  position_beats=1483.942  error_ms=5.000
[TIMING ] wwise_callback=beat  position_beats=1484.958  error_ms=5.000
[TIMING ] wwise_callback=grid  position_beats=1484.958  error_ms=5.000
[TIMING ] wwise_callback=beat  position_beats=1485.974  error_ms=4.000
[TIMING ] wwise_callback=grid  position_beats=1485.974  error_ms=4.000
[TIMING ] wwise_callback=beat  position_beats=1486.941  error_ms=2.000
[TIMING ] wwise_callback=grid  position_beats=1486.941  error_ms=2.000
[TIMING ] wwise_callback=bar  position_beats=1487.957  error_ms=2.000
[TIMING ] wwise_callback=beat  position_beats=1487.957  error_ms=2.000
[TIMING ] wwise_callback=grid  position_beats=1487.957  error_ms=2.000
[AUDIO  ] arrangement=layer  enabled=true  requested_at=1488.002
[TIMING ] wwise_callback=beat  position_beats=1488.923  error_ms=0.000
[TIMING ] wwise_callback=grid  position_beats=1488.923  error_ms=0.000
[TIMING ] wwise_callback=beat  position_beats=1489.957  error_ms=6.000
[TIMING ] wwise_callback=grid  position_beats=1489.957  error_ms=6.000
[TIMING ] wwise_callback=beat  position_beats=1490.971  error_ms=5.000
[TIMING ] wwise_callback=grid  position_beats=1490.971  error_ms=5.000
[TIMING ] wwise_callback=bar  position_beats=1491.928  error_ms=0.000
[TIMING ] wwise_callback=beat  position_beats=1491.928  error_ms=0.000
[TIMING ] wwise_callback=grid  position_beats=1491.928  error_ms=0.000
[TIMING ] wwise_callback=beat  position_beats=1492.949  error_ms=2.000
[TIMING ] wwise_callback=grid  position_beats=1492.949  error_ms=2.000
[TIMING ] wwise_callback=beat  position_beats=1493.971  error_ms=5.000
[TIMING ] wwise_callback=grid  position_beats=1493.971  error_ms=5.000
[TIMING ] wwise_callback=beat  position_beats=1494.940  error_ms=4.000
[TIMING ] wwise_callback=grid  position_beats=1494.940  error_ms=4.000
[TIMING ] wwise_callback=bar  position_beats=1495.960  error_ms=5.000
[TIMING ] wwise_callback=beat  position_beats=1495.960  error_ms=5.000
[TIMING ] wwise_callback=grid  position_beats=1495.960  error_ms=5.000
[TIMING ] wwise_callback=beat  position_beats=1496.970  error_ms=2.000
[TIMING ] wwise_callback=grid  position_beats=1496.970  error_ms=2.000
[TIMING ] wwise_callback=beat  position_beats=1497.945  error_ms=4.000
[TIMING ] wwise_callback=grid  position_beats=1497.945  error_ms=4.000
[TIMING ] wwise_callback=beat  position_beats=1498.957  error_ms=0.000
[TIMING ] wwise_callback=grid  position_beats=1498.957  error_ms=0.000
[TIMING ] wwise_callback=bar  position_beats=1499.927  error_ms=2.000
[TIMING ] wwise_callback=beat  position_beats=1499.927  error_ms=2.000
[TIMING ] wwise_callback=grid  position_beats=1499.927  error_ms=2.000
[TIMING ] wwise_callback=beat  position_beats=1500.948  error_ms=3.000
[TIMING ] wwise_callback=grid  position_beats=1500.948  error_ms=3.000
[TIMING ] wwise_callback=beat  position_beats=1501.971  error_ms=6.000
[TIMING ] wwise_callback=grid  position_beats=1501.971  error_ms=6.000
[TIMING ] wwise_callback=beat  position_beats=1502.937  error_ms=4.000
[TIMING ] wwise_callback=grid  position_beats=1502.937  error_ms=4.000
[TIMING ] wwise_segment=wrapped  segment_ms=14769.000  elapsed_ms=694143.000
[AUDIO  ] arrangement=transition  section=alternate  requested_at=1504.007
[TIMING ] wwise_callback=beat  position_beats=1504.987  error_ms=11.000
[TIMING ] wwise_callback=grid  position_beats=1504.987  error_ms=11.000
[TIMING ] wwise_callback=beat  position_beats=1505.944  error_ms=5.000
[TIMING ] wwise_callback=grid  position_beats=1505.944  error_ms=5.000
[TIMING ] wwise_callback=beat  position_beats=1506.958  error_ms=4.000
[TIMING ] wwise_callback=grid  position_beats=1506.958  error_ms=4.000
[TIMING ] wwise_callback=bar  position_beats=1507.933  error_ms=6.000
[TIMING ] wwise_callback=beat  position_beats=1507.933  error_ms=6.000
[TIMING ] wwise_callback=grid  position_beats=1507.933  error_ms=6.000
[TIMING ] wwise_callback=beat  position_beats=1508.947  error_ms=5.000
[TIMING ] wwise_callback=grid  position_beats=1508.947  error_ms=5.000
[TIMING ] wwise_callback=beat  position_beats=1509.963  error_ms=4.000
[TIMING ] wwise_callback=grid  position_beats=1509.963  error_ms=4.000
[TIMING ] wwise_callback=beat  position_beats=1510.932  error_ms=3.000
[TIMING ] wwise_callback=grid  position_beats=1510.932  error_ms=3.000
[TIMING ] wwise_callback=bar  position_beats=1511.946  error_ms=2.000
[TIMING ] wwise_callback=beat  position_beats=1511.946  error_ms=2.000
[TIMING ] wwise_callback=grid  position_beats=1511.946  error_ms=2.000
[TIMING ] wwise_callback=beat  position_beats=1512.960  error_ms=1.000
[TIMING ] wwise_callback=grid  position_beats=1512.960  error_ms=1.000
[TIMING ] wwise_callback=beat  position_beats=1513.931  error_ms=1.000
[TIMING ] wwise_callback=grid  position_beats=1513.931  error_ms=1.000
[TIMING ] wwise_callback=beat  position_beats=1514.955  error_ms=4.000
[TIMING ] wwise_callback=grid  position_beats=1514.955  error_ms=4.000
[TIMING ] wwise_callback=bar  position_beats=1515.963  error_ms=0.000
[TIMING ] wwise_callback=beat  position_beats=1515.963  error_ms=0.000
[TIMING ] wwise_callback=grid  position_beats=1515.963  error_ms=0.000
[TIMING ] wwise_callback=beat  position_beats=1516.938  error_ms=2.000
[TIMING ] wwise_callback=grid  position_beats=1516.938  error_ms=2.000
[TIMING ] wwise_callback=beat  position_beats=1517.954  error_ms=2.000
[TIMING ] wwise_callback=grid  position_beats=1517.954  error_ms=2.000
[TIMING ] wwise_callback=beat  position_beats=1518.929  error_ms=4.000
[TIMING ] wwise_callback=grid  position_beats=1518.929  error_ms=4.000
[TIMING ] wwise_callback=bar  position_beats=1519.945  error_ms=3.000
[TIMING ] wwise_callback=beat  position_beats=1519.945  error_ms=3.000
[TIMING ] wwise_callback=grid  position_beats=1519.945  error_ms=3.000
[AUDIO  ] arrangement=layer  enabled=false  requested_at=1520.008
[TIMING ] wwise_callback=beat  position_beats=1520.961  error_ms=3.000
[TIMING ] wwise_callback=grid  position_beats=1520.961  error_ms=3.000
[TIMING ] wwise_callback=beat  position_beats=1521.928  error_ms=1.000
[TIMING ] wwise_callback=grid  position_beats=1521.928  error_ms=1.000
[TIMING ] wwise_callback=beat  position_beats=1522.942  error_ms=0.000
[TIMING ] wwise_callback=grid  position_beats=1522.942  error_ms=0.000
[TIMING ] wwise_callback=bar  position_beats=1523.960  error_ms=0.000
[TIMING ] wwise_callback=beat  position_beats=1523.960  error_ms=0.000
[TIMING ] wwise_callback=grid  position_beats=1523.960  error_ms=0.000
[TIMING ] wwise_callback=beat  position_beats=1524.944  error_ms=5.000
[TIMING ] wwise_callback=grid  position_beats=1524.944  error_ms=5.000
[TIMING ] wwise_callback=beat  position_beats=1525.947  error_ms=0.000
[TIMING ] wwise_callback=grid  position_beats=1525.947  error_ms=0.000
[TIMING ] wwise_callback=beat  position_beats=1526.963  error_ms=0.000
[TIMING ] wwise_callback=grid  position_beats=1526.963  error_ms=0.000
[TIMING ] wwise_callback=bar  position_beats=1527.936  error_ms=1.000
[TIMING ] wwise_callback=beat  position_beats=1527.936  error_ms=1.000
[TIMING ] wwise_callback=grid  position_beats=1527.936  error_ms=1.000
[TIMING ] wwise_callback=beat  position_beats=1528.954  error_ms=1.000
[TIMING ] wwise_callback=grid  position_beats=1528.954  error_ms=1.000
[TIMING ] wwise_callback=beat  position_beats=1529.923  error_ms=0.000
[TIMING ] wwise_callback=grid  position_beats=1529.923  error_ms=0.000
[TIMING ] wwise_callback=beat  position_beats=1530.952  error_ms=6.000
[TIMING ] wwise_callback=grid  position_beats=1530.952  error_ms=6.000
[TIMING ] wwise_callback=bar  position_beats=1531.957  error_ms=1.000
[TIMING ] wwise_callback=beat  position_beats=1531.957  error_ms=1.000
[TIMING ] wwise_callback=grid  position_beats=1531.957  error_ms=1.000
[TIMING ] wwise_callback=beat  position_beats=1532.943  error_ms=6.000
[TIMING ] wwise_callback=grid  position_beats=1532.943  error_ms=6.000
[TIMING ] wwise_callback=beat  position_beats=1533.959  error_ms=5.000
[TIMING ] wwise_callback=grid  position_beats=1533.959  error_ms=5.000
[TIMING ] wwise_callback=beat  position_beats=1534.967  error_ms=3.000
[TIMING ] wwise_callback=grid  position_beats=1534.967  error_ms=3.000
[TIMING ] wwise_segment=wrapped  segment_ms=14769.000  elapsed_ms=708912.000
[AUDIO  ] arrangement=transition  section=loop  requested_at=1536.011
[TIMING ] wwise_callback=beat  position_beats=1536.949  error_ms=1.000
[TIMING ] wwise_callback=grid  position_beats=1536.949  error_ms=1.000
[TIMING ] wwise_callback=beat  position_beats=1537.963  error_ms=0.000
[TIMING ] wwise_callback=grid  position_beats=1537.963  error_ms=0.000
[TIMING ] wwise_callback=beat  position_beats=1538.938  error_ms=2.000
[TIMING ] wwise_callback=grid  position_beats=1538.938  error_ms=2.000
[TIMING ] wwise_callback=bar  position_beats=1539.963  error_ms=5.000
[TIMING ] wwise_callback=beat  position_beats=1539.963  error_ms=5.000
[TIMING ] wwise_callback=grid  position_beats=1539.963  error_ms=5.000
[TIMING ] wwise_callback=beat  position_beats=1540.929  error_ms=3.000
[TIMING ] wwise_callback=grid  position_beats=1540.929  error_ms=3.000
[TIMING ] wwise_callback=beat  position_beats=1541.948  error_ms=2.000
[TIMING ] wwise_callback=grid  position_beats=1541.948  error_ms=2.000
[TIMING ] wwise_callback=beat  position_beats=1542.964  error_ms=1.000
[TIMING ] wwise_callback=grid  position_beats=1542.964  error_ms=1.000
[TIMING ] wwise_callback=bar  position_beats=1543.932  error_ms=3.000
[TIMING ] wwise_callback=beat  position_beats=1543.932  error_ms=3.000
[TIMING ] wwise_callback=grid  position_beats=1543.932  error_ms=3.000
[TIMING ] wwise_callback=beat  position_beats=1544.944  error_ms=0.000
[TIMING ] wwise_callback=grid  position_beats=1544.944  error_ms=0.000
[TIMING ] wwise_callback=beat  position_beats=1545.975  error_ms=7.000
[TIMING ] wwise_callback=grid  position_beats=1545.975  error_ms=7.000
[TIMING ] wwise_callback=beat  position_beats=1546.933  error_ms=1.000
[TIMING ] wwise_callback=grid  position_beats=1546.933  error_ms=1.000
[TIMING ] wwise_callback=bar  position_beats=1547.947  error_ms=0.000
[TIMING ] wwise_callback=beat  position_beats=1547.947  error_ms=0.000
[TIMING ] wwise_callback=grid  position_beats=1547.947  error_ms=0.000
[TIMING ] wwise_callback=beat  position_beats=1548.965  error_ms=0.000
[TIMING ] wwise_callback=grid  position_beats=1548.965  error_ms=0.000
[TIMING ] wwise_callback=beat  position_beats=1549.947  error_ms=5.000
[TIMING ] wwise_callback=grid  position_beats=1549.947  error_ms=5.000
[TIMING ] wwise_callback=beat  position_beats=1550.959  error_ms=2.000
[TIMING ] wwise_callback=grid  position_beats=1550.959  error_ms=2.000
[TIMING ] wwise_callback=bar  position_beats=1551.923  error_ms=0.000
[TIMING ] wwise_callback=beat  position_beats=1551.923  error_ms=0.000
[TIMING ] wwise_callback=grid  position_beats=1551.923  error_ms=0.000
[AUDIO  ] arrangement=layer  enabled=true  requested_at=1552.016
[TIMING ] wwise_callback=beat  position_beats=1552.941  error_ms=1.000
[TIMING ] wwise_callback=grid  position_beats=1552.941  error_ms=1.000
[TIMING ] wwise_callback=beat  position_beats=1553.957  error_ms=0.000
[TIMING ] wwise_callback=grid  position_beats=1553.957  error_ms=0.000
[TIMING ] wwise_callback=beat  position_beats=1554.960  error_ms=15.000
[TIMING ] wwise_callback=grid  position_beats=1554.960  error_ms=15.000
[TIMING ] wwise_callback=bar  position_beats=1555.957  error_ms=6.000
[TIMING ] wwise_callback=beat  position_beats=1555.957  error_ms=6.000
[TIMING ] wwise_callback=grid  position_beats=1555.957  error_ms=6.000
[TIMING ] wwise_callback=beat  position_beats=1556.971  error_ms=5.000
[TIMING ] wwise_callback=grid  position_beats=1556.971  error_ms=5.000
[TIMING ] wwise_callback=beat  position_beats=1557.937  error_ms=3.000
[TIMING ] wwise_callback=grid  position_beats=1557.937  error_ms=3.000
[TIMING ] wwise_callback=beat  position_beats=1558.960  error_ms=5.000
[TIMING ] wwise_callback=grid  position_beats=1558.960  error_ms=5.000
[TIMING ] wwise_callback=bar  position_beats=1559.978  error_ms=5.000
[TIMING ] wwise_callback=beat  position_beats=1559.978  error_ms=5.000
[TIMING ] wwise_callback=grid  position_beats=1559.978  error_ms=5.000
[TIMING ] wwise_callback=beat  position_beats=1560.936  error_ms=0.000
[TIMING ] wwise_callback=grid  position_beats=1560.936  error_ms=0.000
[TIMING ] wwise_callback=beat  position_beats=1561.952  error_ms=0.000
[TIMING ] wwise_callback=grid  position_beats=1561.952  error_ms=0.000
[TIMING ] wwise_callback=beat  position_beats=1562.929  error_ms=3.000
[TIMING ] wwise_callback=grid  position_beats=1562.929  error_ms=3.000
[TIMING ] wwise_callback=bar  position_beats=1563.950  error_ms=4.000
[TIMING ] wwise_callback=beat  position_beats=1563.950  error_ms=4.000
[TIMING ] wwise_callback=grid  position_beats=1563.950  error_ms=4.000
[TIMING ] wwise_callback=beat  position_beats=1564.964  error_ms=3.000
[TIMING ] wwise_callback=grid  position_beats=1564.964  error_ms=3.000
[TIMING ] wwise_callback=beat  position_beats=1565.932  error_ms=2.000
[TIMING ] wwise_callback=grid  position_beats=1565.932  error_ms=2.000
[TIMING ] wwise_callback=beat  position_beats=1566.951  error_ms=3.000
[TIMING ] wwise_callback=grid  position_beats=1566.951  error_ms=3.000
[TIMING ] wwise_segment=wrapped  segment_ms=14769.000  elapsed_ms=723681.000
[AUDIO  ] arrangement=transition  section=alternate  requested_at=1568.014
[TIMING ] wwise_callback=beat  position_beats=1568.931  error_ms=0.000
[TIMING ] wwise_callback=grid  position_beats=1568.931  error_ms=0.000
[TIMING ] wwise_callback=beat  position_beats=1569.956  error_ms=3.000
[TIMING ] wwise_callback=grid  position_beats=1569.956  error_ms=3.000
[TIMING ] wwise_callback=beat  position_beats=1570.922  error_ms=1.000
[TIMING ] wwise_callback=grid  position_beats=1570.922  error_ms=1.000
[TIMING ] wwise_callback=bar  position_beats=1571.936  error_ms=0.000
[TIMING ] wwise_callback=beat  position_beats=1571.936  error_ms=0.000
[TIMING ] wwise_callback=grid  position_beats=1571.936  error_ms=0.000
[TIMING ] wwise_callback=beat  position_beats=1572.952  error_ms=0.000
[TIMING ] wwise_callback=grid  position_beats=1572.952  error_ms=0.000
[TIMING ] wwise_callback=beat  position_beats=1573.936  error_ms=6.000
[TIMING ] wwise_callback=grid  position_beats=1573.936  error_ms=6.000
[TIMING ] wwise_callback=beat  position_beats=1574.952  error_ms=5.000
[TIMING ] wwise_callback=grid  position_beats=1574.952  error_ms=5.000
[TIMING ] wwise_callback=bar  position_beats=1575.957  error_ms=0.000
[TIMING ] wwise_callback=beat  position_beats=1575.957  error_ms=0.000
[TIMING ] wwise_callback=grid  position_beats=1575.957  error_ms=0.000
[TIMING ] wwise_callback=beat  position_beats=1576.930  error_ms=1.000
[TIMING ] wwise_callback=grid  position_beats=1576.930  error_ms=1.000
[TIMING ] wwise_callback=beat  position_beats=1577.955  error_ms=5.000
[TIMING ] wwise_callback=grid  position_beats=1577.955  error_ms=5.000
[TIMING ] wwise_callback=beat  position_beats=1578.971  error_ms=4.000
[TIMING ] wwise_callback=grid  position_beats=1578.971  error_ms=4.000
[TIMING ] wwise_callback=bar  position_beats=1579.938  error_ms=2.000
[TIMING ] wwise_callback=beat  position_beats=1579.938  error_ms=2.000
[TIMING ] wwise_callback=grid  position_beats=1579.938  error_ms=2.000
[TIMING ] wwise_callback=beat  position_beats=1580.954  error_ms=2.000
[TIMING ] wwise_callback=grid  position_beats=1580.954  error_ms=2.000
[TIMING ] wwise_callback=beat  position_beats=1581.920  error_ms=0.000
[TIMING ] wwise_callback=grid  position_beats=1581.920  error_ms=0.000
[TIMING ] wwise_callback=beat  position_beats=1582.936  error_ms=0.000
[TIMING ] wwise_callback=grid  position_beats=1582.936  error_ms=0.000
[TIMING ] wwise_callback=bar  position_beats=1583.968  error_ms=6.000
[TIMING ] wwise_callback=beat  position_beats=1583.968  error_ms=6.000
[TIMING ] wwise_callback=grid  position_beats=1583.968  error_ms=6.000
[AUDIO  ] arrangement=layer  enabled=false  requested_at=1584.015
[TIMING ] wwise_callback=beat  position_beats=1584.936  error_ms=4.000
[TIMING ] wwise_callback=grid  position_beats=1584.936  error_ms=4.000
[TIMING ] wwise_callback=beat  position_beats=1585.952  error_ms=3.000
[TIMING ] wwise_callback=grid  position_beats=1585.952  error_ms=3.000
[TIMING ] wwise_callback=beat  position_beats=1586.971  error_ms=6.000
[TIMING ] wwise_callback=grid  position_beats=1586.971  error_ms=6.000
[TIMING ] wwise_callback=bar  position_beats=1587.937  error_ms=4.000
[TIMING ] wwise_callback=beat  position_beats=1587.937  error_ms=4.000
[TIMING ] wwise_callback=grid  position_beats=1587.937  error_ms=4.000
[TIMING ] wwise_callback=beat  position_beats=1588.951  error_ms=2.000
[TIMING ] wwise_callback=grid  position_beats=1588.951  error_ms=2.000
[TIMING ] wwise_callback=beat  position_beats=1589.965  error_ms=1.000
[TIMING ] wwise_callback=grid  position_beats=1589.965  error_ms=1.000
[TIMING ] wwise_callback=beat  position_beats=1590.948  error_ms=7.000
[TIMING ] wwise_callback=grid  position_beats=1590.948  error_ms=7.000
[TIMING ] wwise_callback=bar  position_beats=1591.960  error_ms=5.000
[TIMING ] wwise_callback=beat  position_beats=1591.960  error_ms=5.000
[TIMING ] wwise_callback=grid  position_beats=1591.960  error_ms=5.000
[TIMING ] wwise_callback=beat  position_beats=1592.927  error_ms=3.000
[TIMING ] wwise_callback=grid  position_beats=1592.927  error_ms=3.000
[TIMING ] wwise_callback=beat  position_beats=1593.949  error_ms=3.000
[TIMING ] wwise_callback=grid  position_beats=1593.949  error_ms=3.000
[TIMING ] wwise_callback=beat  position_beats=1594.963  error_ms=2.000
[TIMING ] wwise_callback=grid  position_beats=1594.963  error_ms=2.000
[TIMING ] wwise_callback=bar  position_beats=1595.932  error_ms=3.000
[TIMING ] wwise_callback=beat  position_beats=1595.932  error_ms=3.000
[TIMING ] wwise_callback=grid  position_beats=1595.932  error_ms=3.000
[TIMING ] wwise_callback=beat  position_beats=1596.948  error_ms=3.000
[TIMING ] wwise_callback=grid  position_beats=1596.948  error_ms=3.000
[TIMING ] wwise_callback=beat  position_beats=1597.964  error_ms=2.000
[TIMING ] wwise_callback=grid  position_beats=1597.964  error_ms=2.000
[TIMING ] wwise_callback=beat  position_beats=1598.933  error_ms=1.000
[TIMING ] wwise_callback=grid  position_beats=1598.933  error_ms=1.000
[TIMING ] wwise_segment=wrapped  segment_ms=14769.000  elapsed_ms=738450.000
[AUDIO  ] arrangement=transition  section=loop  requested_at=1600.009
[TIMING ] wwise_callback=beat  position_beats=1600.965  error_ms=1.000
[TIMING ] wwise_callback=grid  position_beats=1600.965  error_ms=1.000
[TIMING ] wwise_callback=beat  position_beats=1601.949  error_ms=7.000
[TIMING ] wwise_callback=grid  position_beats=1601.949  error_ms=7.000
[TIMING ] wwise_callback=beat  position_beats=1602.963  error_ms=4.000
[TIMING ] wwise_callback=grid  position_beats=1602.963  error_ms=4.000
[TIMING ] wwise_callback=bar  position_beats=1603.933  error_ms=5.000
[TIMING ] wwise_callback=beat  position_beats=1603.933  error_ms=5.000
[TIMING ] wwise_callback=grid  position_beats=1603.933  error_ms=5.000
[TIMING ] wwise_callback=beat  position_beats=1604.949  error_ms=5.000
[TIMING ] wwise_callback=grid  position_beats=1604.949  error_ms=5.000
[TIMING ] wwise_callback=beat  position_beats=1605.963  error_ms=4.000
[TIMING ] wwise_callback=grid  position_beats=1605.963  error_ms=4.000
[TIMING ] wwise_callback=beat  position_beats=1606.930  error_ms=2.000
[TIMING ] wwise_callback=grid  position_beats=1606.930  error_ms=2.000
[TIMING ] wwise_callback=bar  position_beats=1607.948  error_ms=2.000
[TIMING ] wwise_callback=beat  position_beats=1607.948  error_ms=2.000
[TIMING ] wwise_callback=grid  position_beats=1607.948  error_ms=2.000
[TIMING ] wwise_callback=beat  position_beats=1608.962  error_ms=1.000
[TIMING ] wwise_callback=grid  position_beats=1608.962  error_ms=1.000
[TIMING ] wwise_callback=beat  position_beats=1609.941  error_ms=5.000
[TIMING ] wwise_callback=grid  position_beats=1609.941  error_ms=5.000
[TIMING ] wwise_callback=beat  position_beats=1610.953  error_ms=3.000
[TIMING ] wwise_callback=grid  position_beats=1610.953  error_ms=3.000
[TIMING ] wwise_callback=bar  position_beats=1611.928  error_ms=5.000
[TIMING ] wwise_callback=beat  position_beats=1611.928  error_ms=5.000
[TIMING ] wwise_callback=grid  position_beats=1611.928  error_ms=5.000
[TIMING ] wwise_callback=beat  position_beats=1612.944  error_ms=4.000
[TIMING ] wwise_callback=grid  position_beats=1612.944  error_ms=4.000
[TIMING ] wwise_callback=beat  position_beats=1613.958  error_ms=3.000
[TIMING ] wwise_callback=grid  position_beats=1613.958  error_ms=3.000
[TIMING ] wwise_callback=beat  position_beats=1614.927  error_ms=2.000
[TIMING ] wwise_callback=grid  position_beats=1614.927  error_ms=2.000
[TIMING ] wwise_callback=bar  position_beats=1615.941  error_ms=1.000
[TIMING ] wwise_callback=beat  position_beats=1615.941  error_ms=1.000
[TIMING ] wwise_callback=grid  position_beats=1615.941  error_ms=1.000
[AUDIO  ] arrangement=layer  enabled=true  requested_at=1616.004
[TIMING ] wwise_callback=beat  position_beats=1616.957  error_ms=0.000
[TIMING ] wwise_callback=grid  position_beats=1616.957  error_ms=0.000
[TIMING ] wwise_callback=beat  position_beats=1617.938  error_ms=5.000
[TIMING ] wwise_callback=grid  position_beats=1617.938  error_ms=5.000
[TIMING ] wwise_callback=beat  position_beats=1618.955  error_ms=5.000
[TIMING ] wwise_callback=grid  position_beats=1618.955  error_ms=5.000
[TIMING ] wwise_callback=bar  position_beats=1619.969  error_ms=4.000
[TIMING ] wwise_callback=beat  position_beats=1619.969  error_ms=4.000
[TIMING ] wwise_callback=grid  position_beats=1619.969  error_ms=4.000
[TIMING ] wwise_callback=beat  position_beats=1620.941  error_ms=5.000
[TIMING ] wwise_callback=grid  position_beats=1620.941  error_ms=5.000
[TIMING ] wwise_callback=beat  position_beats=1621.960  error_ms=5.000
[TIMING ] wwise_callback=grid  position_beats=1621.960  error_ms=5.000
[TIMING ] wwise_callback=beat  position_beats=1622.926  error_ms=3.000
[TIMING ] wwise_callback=grid  position_beats=1622.926  error_ms=3.000
[TIMING ] wwise_callback=bar  position_beats=1623.940  error_ms=2.000
[TIMING ] wwise_callback=beat  position_beats=1623.940  error_ms=2.000
[TIMING ] wwise_callback=grid  position_beats=1623.940  error_ms=2.000
[TIMING ] wwise_callback=beat  position_beats=1624.965  error_ms=6.000
[TIMING ] wwise_callback=grid  position_beats=1624.965  error_ms=6.000
[TIMING ] wwise_callback=beat  position_beats=1625.931  error_ms=4.000
[TIMING ] wwise_callback=grid  position_beats=1625.931  error_ms=4.000
[TIMING ] wwise_callback=beat  position_beats=1626.950  error_ms=4.000
[TIMING ] wwise_callback=grid  position_beats=1626.950  error_ms=4.000
[TIMING ] wwise_callback=bar  position_beats=1627.964  error_ms=3.000
[TIMING ] wwise_callback=beat  position_beats=1627.964  error_ms=3.000
[TIMING ] wwise_callback=grid  position_beats=1627.964  error_ms=3.000
[TIMING ] wwise_callback=beat  position_beats=1628.934  error_ms=2.000
[TIMING ] wwise_callback=grid  position_beats=1628.934  error_ms=2.000
[TIMING ] wwise_callback=beat  position_beats=1629.953  error_ms=4.000
[TIMING ] wwise_callback=grid  position_beats=1629.953  error_ms=4.000
[TIMING ] wwise_callback=beat  position_beats=1630.969  error_ms=3.000
[TIMING ] wwise_callback=grid  position_beats=1630.969  error_ms=3.000
[TIMING ] wwise_segment=wrapped  segment_ms=14769.000  elapsed_ms=753219.000
[AUDIO  ] arrangement=transition  section=alternate  requested_at=1632.000
[TIMING ] wwise_callback=beat  position_beats=1632.949  error_ms=0.000
[TIMING ] wwise_callback=grid  position_beats=1632.949  error_ms=0.000
[TIMING ] wwise_callback=beat  position_beats=1633.933  error_ms=6.000
[TIMING ] wwise_callback=grid  position_beats=1633.933  error_ms=6.000
[TIMING ] wwise_callback=beat  position_beats=1634.947  error_ms=5.000
[TIMING ] wwise_callback=grid  position_beats=1634.947  error_ms=5.000
[TIMING ] wwise_callback=bar  position_beats=1635.974  error_ms=10.000
[TIMING ] wwise_callback=beat  position_beats=1635.974  error_ms=10.000
[TIMING ] wwise_callback=grid  position_beats=1635.974  error_ms=10.000
[TIMING ] wwise_callback=beat  position_beats=1636.934  error_ms=3.000
[TIMING ] wwise_callback=grid  position_beats=1636.934  error_ms=3.000
[TIMING ] wwise_callback=beat  position_beats=1637.952  error_ms=4.000
[TIMING ] wwise_callback=grid  position_beats=1637.952  error_ms=4.000
[TIMING ] wwise_callback=beat  position_beats=1638.972  error_ms=7.000
[TIMING ] wwise_callback=grid  position_beats=1638.972  error_ms=7.000
[TIMING ] wwise_callback=bar  position_beats=1640.006  error_ms=36.000
[TIMING ] wwise_callback=beat  position_beats=1640.006  error_ms=36.000
[TIMING ] wwise_callback=grid  position_beats=1640.006  error_ms=36.000
[TIMING ] wwise_callback=beat  position_beats=1640.944  error_ms=0.000
[TIMING ] wwise_callback=grid  position_beats=1640.944  error_ms=0.000
[TIMING ] wwise_callback=beat  position_beats=1641.962  error_ms=0.000
[TIMING ] wwise_callback=grid  position_beats=1641.962  error_ms=0.000
[TIMING ] wwise_callback=beat  position_beats=1642.942  error_ms=4.000
[TIMING ] wwise_callback=grid  position_beats=1642.942  error_ms=4.000
[TIMING ] wwise_callback=bar  position_beats=1643.958  error_ms=4.000
[TIMING ] wwise_callback=beat  position_beats=1643.958  error_ms=4.000
[TIMING ] wwise_callback=grid  position_beats=1643.958  error_ms=4.000
[TIMING ] wwise_callback=beat  position_beats=1644.924  error_ms=2.000
[TIMING ] wwise_callback=grid  position_beats=1644.924  error_ms=2.000
[TIMING ] wwise_callback=beat  position_beats=1645.945  error_ms=3.000
[TIMING ] wwise_callback=grid  position_beats=1645.945  error_ms=3.000
[TIMING ] wwise_callback=beat  position_beats=1646.959  error_ms=0.000
[TIMING ] wwise_callback=grid  position_beats=1646.959  error_ms=0.000
[TIMING ] wwise_callback=bar  position_beats=1647.929  error_ms=2.000
[TIMING ] wwise_callback=beat  position_beats=1647.929  error_ms=2.000
[TIMING ] wwise_callback=grid  position_beats=1647.929  error_ms=2.000
[AUDIO  ] arrangement=layer  enabled=false  requested_at=1648.007
[TIMING ] wwise_callback=beat  position_beats=1648.943  error_ms=1.000
[TIMING ] wwise_callback=grid  position_beats=1648.943  error_ms=1.000
[TIMING ] wwise_callback=beat  position_beats=1649.966  error_ms=4.000
[TIMING ] wwise_callback=grid  position_beats=1649.966  error_ms=4.000
[TIMING ] wwise_callback=beat  position_beats=1650.937  error_ms=4.000
[TIMING ] wwise_callback=grid  position_beats=1650.937  error_ms=4.000
[TIMING ] wwise_callback=bar  position_beats=1651.953  error_ms=3.000
[TIMING ] wwise_callback=beat  position_beats=1651.953  error_ms=3.000
[TIMING ] wwise_callback=grid  position_beats=1651.953  error_ms=3.000
[TIMING ] wwise_callback=beat  position_beats=1652.969  error_ms=3.000
[TIMING ] wwise_callback=grid  position_beats=1652.969  error_ms=3.000
[TIMING ] wwise_callback=beat  position_beats=1653.935  error_ms=1.000
[TIMING ] wwise_callback=grid  position_beats=1653.935  error_ms=1.000
[TIMING ] wwise_callback=beat  position_beats=1654.967  error_ms=0.000
[TIMING ] wwise_callback=grid  position_beats=1654.967  error_ms=0.000
[TIMING ] wwise_callback=bar  position_beats=1655.924  error_ms=2.000
[TIMING ] wwise_callback=beat  position_beats=1655.924  error_ms=2.000
[TIMING ] wwise_callback=grid  position_beats=1655.924  error_ms=2.000
[TIMING ] wwise_callback=beat  position_beats=1656.940  error_ms=1.000
[TIMING ] wwise_callback=grid  position_beats=1656.940  error_ms=1.000
[TIMING ] wwise_callback=beat  position_beats=1657.954  error_ms=0.000
[TIMING ] wwise_callback=grid  position_beats=1657.954  error_ms=0.000
[TIMING ] wwise_callback=beat  position_beats=1658.942  error_ms=8.000
[TIMING ] wwise_callback=grid  position_beats=1658.942  error_ms=8.000
[TIMING ] wwise_callback=bar  position_beats=1659.952  error_ms=5.000
[TIMING ] wwise_callback=beat  position_beats=1659.952  error_ms=5.000
[TIMING ] wwise_callback=grid  position_beats=1659.952  error_ms=5.000
[TIMING ] wwise_callback=beat  position_beats=1660.960  error_ms=0.000
[TIMING ] wwise_callback=grid  position_beats=1660.960  error_ms=0.000
[TIMING ] wwise_callback=beat  position_beats=1661.935  error_ms=2.000
[TIMING ] wwise_callback=grid  position_beats=1661.935  error_ms=2.000
[TIMING ] wwise_callback=beat  position_beats=1662.959  error_ms=6.000
[TIMING ] wwise_callback=grid  position_beats=1662.959  error_ms=6.000
[TIMING ] wwise_segment=wrapped  segment_ms=14769.000  elapsed_ms=767988.000
[AUDIO  ] arrangement=transition  section=loop  requested_at=1664.004
[TIMING ] wwise_callback=beat  position_beats=1664.946  error_ms=6.000
[TIMING ] wwise_callback=grid  position_beats=1664.946  error_ms=6.000
[TIMING ] wwise_callback=beat  position_beats=1665.960  error_ms=5.000
[TIMING ] wwise_callback=grid  position_beats=1665.960  error_ms=5.000
[TIMING ] wwise_callback=beat  position_beats=1666.929  error_ms=4.000
[TIMING ] wwise_callback=grid  position_beats=1666.929  error_ms=4.000
[TIMING ] wwise_callback=bar  position_beats=1667.958  error_ms=9.000
[TIMING ] wwise_callback=beat  position_beats=1667.958  error_ms=9.000
[TIMING ] wwise_callback=grid  position_beats=1667.958  error_ms=9.000
[TIMING ] wwise_callback=beat  position_beats=1668.957  error_ms=1.000
[TIMING ] wwise_callback=grid  position_beats=1668.957  error_ms=1.000
[TIMING ] wwise_callback=beat  position_beats=1669.938  error_ms=6.000
[TIMING ] wwise_callback=grid  position_beats=1669.938  error_ms=6.000
[TIMING ] wwise_callback=beat  position_beats=1670.952  error_ms=5.000
[TIMING ] wwise_callback=grid  position_beats=1670.952  error_ms=5.000
[TIMING ] wwise_callback=bar  position_beats=1671.970  error_ms=5.000
[TIMING ] wwise_callback=beat  position_beats=1671.970  error_ms=5.000
[TIMING ] wwise_callback=grid  position_beats=1671.970  error_ms=5.000
[TIMING ] wwise_callback=beat  position_beats=1672.930  error_ms=0.000
[TIMING ] wwise_callback=grid  position_beats=1672.930  error_ms=0.000
[TIMING ] wwise_callback=beat  position_beats=1673.957  error_ms=5.000
[TIMING ] wwise_callback=grid  position_beats=1673.957  error_ms=5.000
[TIMING ] wwise_callback=beat  position_beats=1674.926  error_ms=4.000
[TIMING ] wwise_callback=grid  position_beats=1674.926  error_ms=4.000
[TIMING ] wwise_callback=bar  position_beats=1675.940  error_ms=3.000
[TIMING ] wwise_callback=beat  position_beats=1675.940  error_ms=3.000
[TIMING ] wwise_callback=grid  position_beats=1675.940  error_ms=3.000
[TIMING ] wwise_callback=beat  position_beats=1676.956  error_ms=2.000
[TIMING ] wwise_callback=grid  position_beats=1676.956  error_ms=2.000
[TIMING ] wwise_callback=beat  position_beats=1677.924  error_ms=1.000
[TIMING ] wwise_callback=grid  position_beats=1677.924  error_ms=1.000
[TIMING ] wwise_callback=beat  position_beats=1678.938  error_ms=0.000
[TIMING ] wwise_callback=grid  position_beats=1678.938  error_ms=0.000
[TIMING ] wwise_callback=bar  position_beats=1679.955  error_ms=0.000
[TIMING ] wwise_callback=beat  position_beats=1679.955  error_ms=0.000
[TIMING ] wwise_callback=grid  position_beats=1679.955  error_ms=0.000
[AUDIO  ] arrangement=layer  enabled=true  requested_at=1680.004
[TIMING ] wwise_callback=beat  position_beats=1680.943  error_ms=6.000
[TIMING ] wwise_callback=grid  position_beats=1680.943  error_ms=6.000
[TIMING ] wwise_callback=beat  position_beats=1681.946  error_ms=1.000
[TIMING ] wwise_callback=grid  position_beats=1681.946  error_ms=1.000
[TIMING ] wwise_callback=beat  position_beats=1682.960  error_ms=0.000
[TIMING ] wwise_callback=grid  position_beats=1682.960  error_ms=0.000
[TIMING ] wwise_callback=bar  position_beats=1683.943  error_ms=6.000
[TIMING ] wwise_callback=beat  position_beats=1683.943  error_ms=6.000
[TIMING ] wwise_callback=grid  position_beats=1683.943  error_ms=6.000
[TIMING ] wwise_callback=beat  position_beats=1684.957  error_ms=5.000
[TIMING ] wwise_callback=grid  position_beats=1684.957  error_ms=5.000
[TIMING ] wwise_callback=beat  position_beats=1685.924  error_ms=3.000
[TIMING ] wwise_callback=grid  position_beats=1685.924  error_ms=3.000
[TIMING ] wwise_callback=beat  position_beats=1686.942  error_ms=3.000
[TIMING ] wwise_callback=grid  position_beats=1686.942  error_ms=3.000
[TIMING ] wwise_callback=bar  position_beats=1687.956  error_ms=2.000
[TIMING ] wwise_callback=beat  position_beats=1687.956  error_ms=2.000
[TIMING ] wwise_callback=grid  position_beats=1687.956  error_ms=2.000
[TIMING ] wwise_callback=beat  position_beats=1688.929  error_ms=1.000
[TIMING ] wwise_callback=grid  position_beats=1688.929  error_ms=1.000
[TIMING ] wwise_callback=beat  position_beats=1689.943  error_ms=0.000
[TIMING ] wwise_callback=grid  position_beats=1689.943  error_ms=0.000
[TIMING ] wwise_callback=beat  position_beats=1690.961  error_ms=2.000
[TIMING ] wwise_callback=grid  position_beats=1690.961  error_ms=2.000
[TIMING ] wwise_callback=bar  position_beats=1691.930  error_ms=1.000
[TIMING ] wwise_callback=beat  position_beats=1691.930  error_ms=1.000
[TIMING ] wwise_callback=grid  position_beats=1691.930  error_ms=1.000
[TIMING ] wwise_callback=beat  position_beats=1692.950  error_ms=3.000
[TIMING ] wwise_callback=grid  position_beats=1692.950  error_ms=3.000
[TIMING ] wwise_callback=beat  position_beats=1693.964  error_ms=2.000
[TIMING ] wwise_callback=grid  position_beats=1693.964  error_ms=2.000
[TIMING ] wwise_callback=beat  position_beats=1694.937  error_ms=3.000
[TIMING ] wwise_callback=grid  position_beats=1694.937  error_ms=3.000
[TIMING ] wwise_segment=wrapped  segment_ms=14769.000  elapsed_ms=782757.000
[AUDIO  ] arrangement=transition  section=alternate  requested_at=1696.005
[TIMING ] wwise_callback=beat  position_beats=1696.926  error_ms=3.000
[TIMING ] wwise_callback=grid  position_beats=1696.926  error_ms=3.000
[TIMING ] wwise_callback=beat  position_beats=1697.944  error_ms=2.000
[TIMING ] wwise_callback=grid  position_beats=1697.944  error_ms=2.000
[TIMING ] wwise_callback=beat  position_beats=1698.960  error_ms=2.000
[TIMING ] wwise_callback=grid  position_beats=1698.960  error_ms=2.000
[TIMING ] wwise_callback=bar  position_beats=1699.935  error_ms=6.000
[TIMING ] wwise_callback=beat  position_beats=1699.935  error_ms=6.000
[TIMING ] wwise_callback=grid  position_beats=1699.935  error_ms=6.000
[TIMING ] wwise_callback=beat  position_beats=1700.952  error_ms=5.000
[TIMING ] wwise_callback=grid  position_beats=1700.952  error_ms=5.000
[TIMING ] wwise_callback=beat  position_beats=1701.966  error_ms=4.000
[TIMING ] wwise_callback=grid  position_beats=1701.966  error_ms=4.000
[TIMING ] wwise_callback=beat  position_beats=1702.932  error_ms=2.000
[TIMING ] wwise_callback=grid  position_beats=1702.932  error_ms=2.000
[TIMING ] wwise_callback=bar  position_beats=1703.946  error_ms=1.000
[TIMING ] wwise_callback=beat  position_beats=1703.946  error_ms=1.000
[TIMING ] wwise_callback=grid  position_beats=1703.946  error_ms=1.000
[TIMING ] wwise_callback=beat  position_beats=1704.962  error_ms=0.000
[TIMING ] wwise_callback=grid  position_beats=1704.962  error_ms=0.000
[TIMING ] wwise_callback=beat  position_beats=1705.939  error_ms=3.000
[TIMING ] wwise_callback=grid  position_beats=1705.939  error_ms=3.000
[TIMING ] wwise_callback=beat  position_beats=1706.955  error_ms=1.000
[TIMING ] wwise_callback=grid  position_beats=1706.955  error_ms=1.000
[TIMING ] wwise_callback=bar  position_beats=1707.924  error_ms=2.000
[TIMING ] wwise_callback=beat  position_beats=1707.924  error_ms=2.000
[TIMING ] wwise_callback=grid  position_beats=1707.924  error_ms=2.000
[TIMING ] wwise_callback=beat  position_beats=1708.940  error_ms=2.000
[TIMING ] wwise_callback=grid  position_beats=1708.940  error_ms=2.000
[TIMING ] wwise_callback=beat  position_beats=1709.954  error_ms=0.000
[TIMING ] wwise_callback=grid  position_beats=1709.954  error_ms=0.000
[TIMING ] wwise_callback=beat  position_beats=1710.938  error_ms=6.000
[TIMING ] wwise_callback=grid  position_beats=1710.938  error_ms=6.000
[TIMING ] wwise_callback=bar  position_beats=1711.954  error_ms=6.000
[TIMING ] wwise_callback=beat  position_beats=1711.954  error_ms=6.000
[TIMING ] wwise_callback=grid  position_beats=1711.954  error_ms=6.000
[AUDIO  ] arrangement=layer  enabled=false  requested_at=1712.014
[TIMING ] wwise_callback=beat  position_beats=1712.966  error_ms=4.000
[TIMING ] wwise_callback=grid  position_beats=1712.966  error_ms=4.000
[TIMING ] wwise_callback=beat  position_beats=1713.941  error_ms=6.000
[TIMING ] wwise_callback=grid  position_beats=1713.941  error_ms=6.000
[TIMING ] wwise_callback=beat  position_beats=1714.955  error_ms=4.000
[TIMING ] wwise_callback=grid  position_beats=1714.955  error_ms=4.000
[TIMING ] wwise_callback=bar  position_beats=1715.930  error_ms=6.000
[TIMING ] wwise_callback=beat  position_beats=1715.930  error_ms=6.000
[TIMING ] wwise_callback=grid  position_beats=1715.930  error_ms=6.000
[TIMING ] wwise_callback=beat  position_beats=1716.933  error_ms=0.000
[TIMING ] wwise_callback=grid  position_beats=1716.933  error_ms=0.000
[TIMING ] wwise_callback=beat  position_beats=1717.958  error_ms=4.000
[TIMING ] wwise_callback=grid  position_beats=1717.958  error_ms=4.000
[TIMING ] wwise_callback=beat  position_beats=1718.926  error_ms=3.000
[TIMING ] wwise_callback=grid  position_beats=1718.926  error_ms=3.000
[TIMING ] wwise_callback=bar  position_beats=1719.944  error_ms=3.000
[TIMING ] wwise_callback=beat  position_beats=1719.944  error_ms=3.000
[TIMING ] wwise_callback=grid  position_beats=1719.944  error_ms=3.000
[TIMING ] wwise_callback=beat  position_beats=1720.956  error_ms=1.000
[TIMING ] wwise_callback=grid  position_beats=1720.956  error_ms=1.000
[TIMING ] wwise_callback=beat  position_beats=1721.925  error_ms=0.000
[TIMING ] wwise_callback=grid  position_beats=1721.925  error_ms=0.000
[TIMING ] wwise_callback=beat  position_beats=1722.982  error_ms=19.000
[TIMING ] wwise_callback=grid  position_beats=1722.982  error_ms=19.000
[TIMING ] wwise_callback=bar  position_beats=1723.959  error_ms=0.000
[TIMING ] wwise_callback=beat  position_beats=1723.959  error_ms=0.000
[TIMING ] wwise_callback=grid  position_beats=1723.959  error_ms=0.000
[TIMING ] wwise_callback=beat  position_beats=1724.941  error_ms=5.000
[TIMING ] wwise_callback=grid  position_beats=1724.941  error_ms=5.000
[TIMING ] wwise_callback=beat  position_beats=1725.955  error_ms=4.000
[TIMING ] wwise_callback=grid  position_beats=1725.955  error_ms=4.000
[TIMING ] wwise_callback=beat  position_beats=1726.923  error_ms=3.000
[TIMING ] wwise_callback=grid  position_beats=1726.923  error_ms=3.000
[TIMING ] wwise_segment=wrapped  segment_ms=14769.000  elapsed_ms=797526.000
[AUDIO  ] arrangement=transition  section=loop  requested_at=1728.000
[TIMING ] wwise_callback=beat  position_beats=1728.951  error_ms=1.000
[TIMING ] wwise_callback=grid  position_beats=1728.951  error_ms=1.000
[TIMING ] wwise_callback=beat  position_beats=1729.928  error_ms=4.000
[TIMING ] wwise_callback=grid  position_beats=1729.928  error_ms=4.000
[TIMING ] wwise_callback=beat  position_beats=1730.942  error_ms=2.000
[TIMING ] wwise_callback=grid  position_beats=1730.942  error_ms=2.000
[TIMING ] wwise_callback=bar  position_beats=1731.954  error_ms=0.000
[TIMING ] wwise_callback=beat  position_beats=1731.954  error_ms=0.000
[TIMING ] wwise_callback=grid  position_beats=1731.954  error_ms=0.000
[TIMING ] wwise_callback=beat  position_beats=1732.931  error_ms=1.000
[TIMING ] wwise_callback=grid  position_beats=1732.931  error_ms=1.000
[TIMING ] wwise_callback=beat  position_beats=1733.952  error_ms=5.000
[TIMING ] wwise_callback=grid  position_beats=1733.952  error_ms=5.000
[TIMING ] wwise_callback=beat  position_beats=1734.964  error_ms=2.000
[TIMING ] wwise_callback=grid  position_beats=1734.964  error_ms=2.000
[TIMING ] wwise_callback=bar  position_beats=1735.932  error_ms=1.000
[TIMING ] wwise_callback=beat  position_beats=1735.932  error_ms=1.000
[TIMING ] wwise_callback=grid  position_beats=1735.932  error_ms=1.000
[TIMING ] wwise_callback=beat  position_beats=1736.946  error_ms=0.000
[TIMING ] wwise_callback=grid  position_beats=1736.946  error_ms=0.000
[TIMING ] wwise_callback=beat  position_beats=1737.928  error_ms=5.000
[TIMING ] wwise_callback=grid  position_beats=1737.928  error_ms=5.000
[TIMING ] wwise_callback=beat  position_beats=1738.944  error_ms=5.000
[TIMING ] wwise_callback=grid  position_beats=1738.944  error_ms=5.000
[TIMING ] wwise_callback=bar  position_beats=1739.960  error_ms=4.000
[TIMING ] wwise_callback=beat  position_beats=1739.960  error_ms=4.000
[TIMING ] wwise_callback=grid  position_beats=1739.960  error_ms=4.000
[TIMING ] wwise_callback=beat  position_beats=1740.931  error_ms=2.000
[TIMING ] wwise_callback=grid  position_beats=1740.931  error_ms=2.000
[TIMING ] wwise_callback=beat  position_beats=1741.947  error_ms=1.000
[TIMING ] wwise_callback=grid  position_beats=1741.947  error_ms=1.000
[TIMING ] wwise_callback=beat  position_beats=1742.963  error_ms=4.000
[TIMING ] wwise_callback=grid  position_beats=1742.963  error_ms=4.000
[TIMING ] wwise_callback=bar  position_beats=1743.929  error_ms=2.000
[TIMING ] wwise_callback=beat  position_beats=1743.929  error_ms=2.000
[TIMING ] wwise_callback=grid  position_beats=1743.929  error_ms=2.000
[AUDIO  ] arrangement=layer  enabled=true  requested_at=1744.012
[TIMING ] wwise_callback=beat  position_beats=1744.948  error_ms=2.000
[TIMING ] wwise_callback=grid  position_beats=1744.948  error_ms=2.000
[TIMING ] wwise_callback=beat  position_beats=1745.962  error_ms=1.000
[TIMING ] wwise_callback=grid  position_beats=1745.962  error_ms=1.000
[TIMING ] wwise_callback=beat  position_beats=1746.930  error_ms=0.000
[TIMING ] wwise_callback=grid  position_beats=1746.930  error_ms=0.000
[TIMING ] wwise_callback=bar  position_beats=1747.957  error_ms=5.000
[TIMING ] wwise_callback=beat  position_beats=1747.957  error_ms=5.000
[TIMING ] wwise_callback=grid  position_beats=1747.957  error_ms=5.000
[TIMING ] wwise_callback=beat  position_beats=1748.926  error_ms=4.000
[TIMING ] wwise_callback=grid  position_beats=1748.926  error_ms=4.000
[TIMING ] wwise_callback=beat  position_beats=1749.944  error_ms=3.000
[TIMING ] wwise_callback=grid  position_beats=1749.944  error_ms=3.000
[TIMING ] wwise_callback=beat  position_beats=1750.960  error_ms=2.000
[TIMING ] wwise_callback=grid  position_beats=1750.960  error_ms=2.000
[TIMING ] wwise_callback=bar  position_beats=1751.931  error_ms=4.000
[TIMING ] wwise_callback=beat  position_beats=1751.931  error_ms=4.000
[TIMING ] wwise_callback=grid  position_beats=1751.931  error_ms=4.000
[TIMING ] wwise_callback=beat  position_beats=1752.947  error_ms=4.000
[TIMING ] wwise_callback=grid  position_beats=1752.947  error_ms=4.000
[TIMING ] wwise_callback=beat  position_beats=1753.965  error_ms=4.000
[TIMING ] wwise_callback=grid  position_beats=1753.965  error_ms=4.000
[TIMING ] wwise_callback=beat  position_beats=1754.938  error_ms=5.000
[TIMING ] wwise_callback=grid  position_beats=1754.938  error_ms=5.000
[TIMING ] wwise_callback=bar  position_beats=1755.952  error_ms=4.000
[TIMING ] wwise_callback=beat  position_beats=1755.952  error_ms=4.000
[TIMING ] wwise_callback=grid  position_beats=1755.952  error_ms=4.000
[TIMING ] wwise_callback=beat  position_beats=1756.973  error_ms=6.000
[TIMING ] wwise_callback=grid  position_beats=1756.973  error_ms=6.000
[TIMING ] wwise_callback=beat  position_beats=1757.943  error_ms=6.000
[TIMING ] wwise_callback=grid  position_beats=1757.943  error_ms=6.000
[TIMING ] wwise_callback=beat  position_beats=1758.959  error_ms=3.000
[TIMING ] wwise_callback=grid  position_beats=1758.959  error_ms=3.000
[TIMING ] wwise_segment=wrapped  segment_ms=14769.000  elapsed_ms=812295.000
[AUDIO  ] arrangement=transition  section=alternate  requested_at=1760.004
[TIMING ] wwise_callback=beat  position_beats=1760.935  error_ms=0.000
[TIMING ] wwise_callback=grid  position_beats=1760.935  error_ms=0.000
[TIMING ] wwise_callback=beat  position_beats=1761.964  error_ms=6.000
[TIMING ] wwise_callback=grid  position_beats=1761.964  error_ms=6.000
[TIMING ] wwise_callback=beat  position_beats=1762.931  error_ms=4.000
[TIMING ] wwise_callback=grid  position_beats=1762.931  error_ms=4.000
[TIMING ] wwise_callback=bar  position_beats=1763.940  error_ms=1.000
[TIMING ] wwise_callback=beat  position_beats=1763.940  error_ms=1.000
[TIMING ] wwise_callback=grid  position_beats=1763.940  error_ms=1.000
[TIMING ] wwise_callback=beat  position_beats=1764.957  error_ms=0.000
[TIMING ] wwise_callback=grid  position_beats=1764.957  error_ms=0.000
[TIMING ] wwise_callback=beat  position_beats=1765.938  error_ms=5.000
[TIMING ] wwise_callback=grid  position_beats=1765.938  error_ms=5.000
[TIMING ] wwise_callback=beat  position_beats=1766.961  error_ms=8.000
[TIMING ] wwise_callback=grid  position_beats=1766.961  error_ms=8.000
[TIMING ] wwise_callback=bar  position_beats=1767.914  error_ms=0.000
[TIMING ] wwise_callback=beat  position_beats=1767.914  error_ms=0.000
[TIMING ] wwise_callback=grid  position_beats=1767.914  error_ms=0.000
[TIMING ] wwise_callback=beat  position_beats=1768.943  error_ms=6.000
[TIMING ] wwise_callback=grid  position_beats=1768.943  error_ms=6.000
[TIMING ] wwise_callback=beat  position_beats=1769.959  error_ms=5.000
[TIMING ] wwise_callback=grid  position_beats=1769.959  error_ms=5.000
[TIMING ] wwise_callback=beat  position_beats=1770.928  error_ms=4.000
[TIMING ] wwise_callback=grid  position_beats=1770.928  error_ms=4.000
[TIMING ] wwise_callback=bar  position_beats=1771.940  error_ms=2.000
[TIMING ] wwise_callback=beat  position_beats=1771.940  error_ms=2.000
[TIMING ] wwise_callback=grid  position_beats=1771.940  error_ms=2.000
[TIMING ] wwise_callback=beat  position_beats=1772.965  error_ms=6.000
[TIMING ] wwise_callback=grid  position_beats=1772.965  error_ms=6.000
[TIMING ] wwise_callback=beat  position_beats=1773.922  error_ms=0.000
[TIMING ] wwise_callback=grid  position_beats=1773.922  error_ms=0.000
[TIMING ] wwise_callback=beat  position_beats=1774.941  error_ms=0.000
[TIMING ] wwise_callback=grid  position_beats=1774.941  error_ms=0.000
[TIMING ] wwise_callback=bar  position_beats=1775.957  error_ms=0.000
[TIMING ] wwise_callback=beat  position_beats=1775.957  error_ms=0.000
[TIMING ] wwise_callback=grid  position_beats=1775.957  error_ms=0.000
[AUDIO  ] arrangement=layer  enabled=false  requested_at=1776.024
[TIMING ] wwise_callback=beat  position_beats=1776.938  error_ms=5.000
[TIMING ] wwise_callback=grid  position_beats=1776.938  error_ms=5.000
[TIMING ] wwise_callback=beat  position_beats=1777.954  error_ms=5.000
[TIMING ] wwise_callback=grid  position_beats=1777.954  error_ms=5.000
[TIMING ] wwise_callback=beat  position_beats=1778.923  error_ms=4.000
[TIMING ] wwise_callback=grid  position_beats=1778.923  error_ms=4.000
[TIMING ] wwise_callback=bar  position_beats=1779.939  error_ms=3.000
[TIMING ] wwise_callback=beat  position_beats=1779.939  error_ms=3.000
[TIMING ] wwise_callback=grid  position_beats=1779.939  error_ms=3.000
[TIMING ] wwise_callback=beat  position_beats=1780.953  error_ms=2.000
[TIMING ] wwise_callback=grid  position_beats=1780.953  error_ms=2.000
[TIMING ] wwise_callback=beat  position_beats=1781.922  error_ms=1.000
[TIMING ] wwise_callback=grid  position_beats=1781.922  error_ms=1.000
[TIMING ] wwise_callback=beat  position_beats=1782.936  error_ms=0.000
[TIMING ] wwise_callback=grid  position_beats=1782.936  error_ms=0.000
[TIMING ] wwise_callback=bar  position_beats=1783.956  error_ms=1.000
[TIMING ] wwise_callback=beat  position_beats=1783.956  error_ms=1.000
[TIMING ] wwise_callback=grid  position_beats=1783.956  error_ms=1.000
[TIMING ] wwise_callback=beat  position_beats=1784.940  error_ms=6.000
[TIMING ] wwise_callback=grid  position_beats=1784.940  error_ms=6.000
[TIMING ] wwise_callback=beat  position_beats=1785.945  error_ms=2.000
[TIMING ] wwise_callback=grid  position_beats=1785.945  error_ms=2.000
[TIMING ] wwise_callback=beat  position_beats=1786.959  error_ms=1.000
[TIMING ] wwise_callback=grid  position_beats=1786.959  error_ms=1.000
[TIMING ] wwise_callback=bar  position_beats=1787.940  error_ms=6.000
[TIMING ] wwise_callback=beat  position_beats=1787.940  error_ms=6.000
[TIMING ] wwise_callback=grid  position_beats=1787.940  error_ms=6.000
[TIMING ] wwise_callback=beat  position_beats=1788.948  error_ms=1.000
[TIMING ] wwise_callback=grid  position_beats=1788.948  error_ms=1.000
[TIMING ] wwise_callback=beat  position_beats=1789.929  error_ms=6.000
[TIMING ] wwise_callback=grid  position_beats=1789.929  error_ms=6.000
[TIMING ] wwise_callback=beat  position_beats=1790.933  error_ms=0.000
[TIMING ] wwise_callback=grid  position_beats=1790.933  error_ms=0.000
[TIMING ] wwise_segment=wrapped  segment_ms=14769.000  elapsed_ms=827064.000
[AUDIO  ] arrangement=transition  section=loop  requested_at=1792.035
[TIMING ] wwise_callback=beat  position_beats=1792.930  error_ms=2.000
[TIMING ] wwise_callback=grid  position_beats=1792.930  error_ms=2.000
[TIMING ] wwise_callback=beat  position_beats=1793.942  error_ms=1.000
[TIMING ] wwise_callback=grid  position_beats=1793.942  error_ms=1.000
[TIMING ] wwise_callback=beat  position_beats=1794.960  error_ms=3.000
[TIMING ] wwise_callback=grid  position_beats=1794.960  error_ms=3.000
[TIMING ] wwise_callback=bar  position_beats=1795.929  error_ms=2.000
[TIMING ] wwise_callback=beat  position_beats=1795.929  error_ms=2.000
[TIMING ] wwise_callback=grid  position_beats=1795.929  error_ms=2.000
[TIMING ] wwise_callback=beat  position_beats=1796.943  error_ms=1.000
[TIMING ] wwise_callback=grid  position_beats=1796.943  error_ms=1.000
[TIMING ] wwise_callback=beat  position_beats=1797.959  error_ms=0.000
[TIMING ] wwise_callback=grid  position_beats=1797.959  error_ms=0.000
[TIMING ] wwise_callback=beat  position_beats=1798.930  error_ms=0.000
[TIMING ] wwise_callback=grid  position_beats=1798.930  error_ms=0.000
[TIMING ] wwise_callback=bar  position_beats=1799.957  error_ms=5.000
[TIMING ] wwise_callback=beat  position_beats=1799.957  error_ms=5.000
[TIMING ] wwise_callback=grid  position_beats=1799.957  error_ms=5.000
[TIMING ] wwise_callback=beat  position_beats=1800.925  error_ms=4.000
[TIMING ] wwise_callback=grid  position_beats=1800.925  error_ms=4.000
[TIMING ] wwise_callback=beat  position_beats=1801.944  error_ms=3.000
[TIMING ] wwise_callback=grid  position_beats=1801.944  error_ms=3.000
[TIMING ] wwise_callback=beat  position_beats=1802.962  error_ms=2.000
[TIMING ] wwise_callback=grid  position_beats=1802.962  error_ms=2.000
[TIMING ] wwise_callback=bar  position_beats=1803.928  error_ms=3.000
[TIMING ] wwise_callback=beat  position_beats=1803.928  error_ms=3.000
[TIMING ] wwise_callback=grid  position_beats=1803.928  error_ms=3.000
[TIMING ] wwise_callback=beat  position_beats=1804.944  error_ms=3.000
[TIMING ] wwise_callback=grid  position_beats=1804.944  error_ms=3.000
[TIMING ] wwise_callback=beat  position_beats=1805.958  error_ms=2.000
[TIMING ] wwise_callback=grid  position_beats=1805.958  error_ms=2.000
[TIMING ] wwise_callback=beat  position_beats=1806.925  error_ms=0.000
[TIMING ] wwise_callback=grid  position_beats=1806.925  error_ms=0.000
[TIMING ] wwise_callback=bar  position_beats=1807.943  error_ms=0.000
[TIMING ] wwise_callback=beat  position_beats=1807.943  error_ms=0.000
[TIMING ] wwise_callback=grid  position_beats=1807.943  error_ms=0.000
[AUDIO  ] arrangement=layer  enabled=true  requested_at=1808.004
[TIMING ] wwise_callback=beat  position_beats=1808.972  error_ms=6.000
[TIMING ] wwise_callback=grid  position_beats=1808.972  error_ms=6.000
[TIMING ] wwise_callback=beat  position_beats=1809.936  error_ms=3.000
[TIMING ] wwise_callback=grid  position_beats=1809.936  error_ms=3.000
[TIMING ] wwise_callback=beat  position_beats=1810.955  error_ms=2.000
[TIMING ] wwise_callback=grid  position_beats=1810.955  error_ms=2.000
[TIMING ] wwise_callback=bar  position_beats=1811.919  error_ms=1.000
[TIMING ] wwise_callback=beat  position_beats=1811.919  error_ms=1.000
[TIMING ] wwise_callback=grid  position_beats=1811.919  error_ms=1.000
[TIMING ] wwise_callback=beat  position_beats=1812.946  error_ms=5.000
[TIMING ] wwise_callback=grid  position_beats=1812.946  error_ms=5.000
[TIMING ] wwise_callback=beat  position_beats=1813.955  error_ms=2.000
[TIMING ] wwise_callback=grid  position_beats=1813.955  error_ms=2.000
[TIMING ] wwise_callback=beat  position_beats=1814.922  error_ms=0.000
[TIMING ] wwise_callback=grid  position_beats=1814.922  error_ms=0.000
[TIMING ] wwise_callback=bar  position_beats=1815.940  error_ms=1.000
[TIMING ] wwise_callback=beat  position_beats=1815.940  error_ms=1.000
[TIMING ] wwise_callback=grid  position_beats=1815.940  error_ms=1.000
[TIMING ] wwise_callback=beat  position_beats=1816.969  error_ms=6.000
[TIMING ] wwise_callback=grid  position_beats=1816.969  error_ms=6.000
[TIMING ] wwise_callback=beat  position_beats=1817.936  error_ms=4.000
[TIMING ] wwise_callback=grid  position_beats=1817.936  error_ms=4.000
[TIMING ] wwise_callback=beat  position_beats=1818.950  error_ms=3.000
[TIMING ] wwise_callback=grid  position_beats=1818.950  error_ms=3.000
[TIMING ] wwise_callback=bar  position_beats=1819.970  error_ms=2.000
[TIMING ] wwise_callback=beat  position_beats=1819.970  error_ms=2.000
[TIMING ] wwise_callback=grid  position_beats=1819.970  error_ms=2.000
[TIMING ] wwise_callback=beat  position_beats=1820.941  error_ms=5.000
[TIMING ] wwise_callback=grid  position_beats=1820.941  error_ms=5.000
[TIMING ] wwise_callback=beat  position_beats=1821.955  error_ms=3.000
[TIMING ] wwise_callback=grid  position_beats=1821.955  error_ms=3.000
[TIMING ] wwise_callback=beat  position_beats=1822.923  error_ms=2.000
[TIMING ] wwise_callback=grid  position_beats=1822.923  error_ms=2.000
[TIMING ] wwise_segment=wrapped  segment_ms=14769.000  elapsed_ms=841833.000
[AUDIO  ] arrangement=transition  section=alternate  requested_at=1824.000
[TIMING ] wwise_callback=beat  position_beats=1824.960  error_ms=4.000
[TIMING ] wwise_callback=grid  position_beats=1824.960  error_ms=4.000
[TIMING ] wwise_callback=beat  position_beats=1825.926  error_ms=2.000
[TIMING ] wwise_callback=grid  position_beats=1825.926  error_ms=2.000
[TIMING ] wwise_callback=beat  position_beats=1826.940  error_ms=1.000
[TIMING ] wwise_callback=grid  position_beats=1826.940  error_ms=1.000
[TIMING ] wwise_callback=bar  position_beats=1827.959  error_ms=1.000
[TIMING ] wwise_callback=beat  position_beats=1827.959  error_ms=1.000
[TIMING ] wwise_callback=grid  position_beats=1827.959  error_ms=1.000
[TIMING ] wwise_callback=beat  position_beats=1828.931  error_ms=2.000
[TIMING ] wwise_callback=grid  position_beats=1828.931  error_ms=2.000
[TIMING ] wwise_callback=beat  position_beats=1829.945  error_ms=1.000
[TIMING ] wwise_callback=grid  position_beats=1829.945  error_ms=1.000
[TIMING ] wwise_callback=beat  position_beats=1830.914  error_ms=0.000
[TIMING ] wwise_callback=grid  position_beats=1830.914  error_ms=0.000
[TIMING ] wwise_callback=bar  position_beats=1831.943  error_ms=6.000
[TIMING ] wwise_callback=beat  position_beats=1831.943  error_ms=6.000
[TIMING ] wwise_callback=grid  position_beats=1831.943  error_ms=6.000
[TIMING ] wwise_callback=beat  position_beats=1832.955  error_ms=3.000
[TIMING ] wwise_callback=grid  position_beats=1832.955  error_ms=3.000
[TIMING ] wwise_callback=beat  position_beats=1833.932  error_ms=6.000
[TIMING ] wwise_callback=grid  position_beats=1833.932  error_ms=6.000
[TIMING ] wwise_callback=beat  position_beats=1834.946  error_ms=5.000
[TIMING ] wwise_callback=grid  position_beats=1834.946  error_ms=5.000
[TIMING ] wwise_callback=bar  position_beats=1835.960  error_ms=4.000
[TIMING ] wwise_callback=beat  position_beats=1835.960  error_ms=4.000
[TIMING ] wwise_callback=grid  position_beats=1835.960  error_ms=4.000
[TIMING ] wwise_callback=beat  position_beats=1836.924  error_ms=1.000
[TIMING ] wwise_callback=grid  position_beats=1836.924  error_ms=1.000
[TIMING ] wwise_callback=beat  position_beats=1837.940  error_ms=0.000
[TIMING ] wwise_callback=grid  position_beats=1837.940  error_ms=0.000
[TIMING ] wwise_callback=beat  position_beats=1838.969  error_ms=6.000
[TIMING ] wwise_callback=grid  position_beats=1838.969  error_ms=6.000
[TIMING ] wwise_callback=bar  position_beats=1839.936  error_ms=4.000
[TIMING ] wwise_callback=beat  position_beats=1839.936  error_ms=4.000
[TIMING ] wwise_callback=grid  position_beats=1839.936  error_ms=4.000
[AUDIO  ] arrangement=layer  enabled=false  requested_at=1840.014
[TIMING ] wwise_callback=beat  position_beats=1840.950  error_ms=3.000
[TIMING ] wwise_callback=grid  position_beats=1840.950  error_ms=3.000
[TIMING ] wwise_callback=beat  position_beats=1841.920  error_ms=3.000
[TIMING ] wwise_callback=grid  position_beats=1841.920  error_ms=3.000
[TIMING ] wwise_callback=beat  position_beats=1842.934  error_ms=1.000
[TIMING ] wwise_callback=grid  position_beats=1842.934  error_ms=1.000
[TIMING ] wwise_callback=bar  position_beats=1843.961  error_ms=6.000
[TIMING ] wwise_callback=beat  position_beats=1843.961  error_ms=6.000
[TIMING ] wwise_callback=grid  position_beats=1843.961  error_ms=6.000
[TIMING ] wwise_callback=beat  position_beats=1844.934  error_ms=7.000
[TIMING ] wwise_callback=grid  position_beats=1844.934  error_ms=7.000
[TIMING ] wwise_callback=beat  position_beats=1845.948  error_ms=3.000
[TIMING ] wwise_callback=grid  position_beats=1845.948  error_ms=3.000
[TIMING ] wwise_callback=beat  position_beats=1846.967  error_ms=6.000
[TIMING ] wwise_callback=grid  position_beats=1846.967  error_ms=6.000
[TIMING ] wwise_callback=bar  position_beats=1847.933  error_ms=4.000
[TIMING ] wwise_callback=beat  position_beats=1847.933  error_ms=4.000
[TIMING ] wwise_callback=grid  position_beats=1847.933  error_ms=4.000
[TIMING ] wwise_callback=beat  position_beats=1848.947  error_ms=3.000
[TIMING ] wwise_callback=grid  position_beats=1848.947  error_ms=3.000
[TIMING ] wwise_callback=beat  position_beats=1849.957  error_ms=0.000
[TIMING ] wwise_callback=grid  position_beats=1849.957  error_ms=0.000
[TIMING ] wwise_callback=beat  position_beats=1850.938  error_ms=5.000
[TIMING ] wwise_callback=grid  position_beats=1850.938  error_ms=5.000
[TIMING ] wwise_callback=bar  position_beats=1851.954  error_ms=4.000
[TIMING ] wwise_callback=beat  position_beats=1851.954  error_ms=4.000
[TIMING ] wwise_callback=grid  position_beats=1851.954  error_ms=4.000
[TIMING ] wwise_callback=beat  position_beats=1852.923  error_ms=3.000
[TIMING ] wwise_callback=grid  position_beats=1852.923  error_ms=3.000
[TIMING ] wwise_callback=beat  position_beats=1853.941  error_ms=2.000
[TIMING ] wwise_callback=grid  position_beats=1853.941  error_ms=2.000
[TIMING ] wwise_callback=beat  position_beats=1854.955  error_ms=1.000
[TIMING ] wwise_callback=grid  position_beats=1854.955  error_ms=1.000
[TIMING ] wwise_segment=wrapped  segment_ms=14769.000  elapsed_ms=856602.000
[AUDIO  ] arrangement=transition  section=loop  requested_at=1856.002
[TIMING ] wwise_callback=beat  position_beats=1856.940  error_ms=2.000
[TIMING ] wwise_callback=grid  position_beats=1856.940  error_ms=2.000
[TIMING ] wwise_callback=beat  position_beats=1857.956  error_ms=1.000
[TIMING ] wwise_callback=grid  position_beats=1857.956  error_ms=1.000
[TIMING ] wwise_callback=beat  position_beats=1858.924  error_ms=0.000
[TIMING ] wwise_callback=grid  position_beats=1858.924  error_ms=0.000
[TIMING ] wwise_callback=bar  position_beats=1859.953  error_ms=6.000
[TIMING ] wwise_callback=beat  position_beats=1859.953  error_ms=6.000
[TIMING ] wwise_callback=grid  position_beats=1859.953  error_ms=6.000
[TIMING ] wwise_callback=beat  position_beats=1860.967  error_ms=5.000
[TIMING ] wwise_callback=grid  position_beats=1860.967  error_ms=5.000
[TIMING ] wwise_callback=beat  position_beats=1861.934  error_ms=3.000
[TIMING ] wwise_callback=grid  position_beats=1861.934  error_ms=3.000
[TIMING ] wwise_callback=beat  position_beats=1862.954  error_ms=3.000
[TIMING ] wwise_callback=grid  position_beats=1862.954  error_ms=3.000
[TIMING ] wwise_callback=bar  position_beats=1863.927  error_ms=5.000
[TIMING ] wwise_callback=beat  position_beats=1863.927  error_ms=5.000
[TIMING ] wwise_callback=grid  position_beats=1863.927  error_ms=5.000
[TIMING ] wwise_callback=beat  position_beats=1864.943  error_ms=5.000
[TIMING ] wwise_callback=grid  position_beats=1864.943  error_ms=5.000
[TIMING ] wwise_callback=beat  position_beats=1865.955  error_ms=3.000
[TIMING ] wwise_callback=grid  position_beats=1865.955  error_ms=3.000
[TIMING ] wwise_callback=beat  position_beats=1866.921  error_ms=1.000
[TIMING ] wwise_callback=grid  position_beats=1866.921  error_ms=1.000
[TIMING ] wwise_callback=bar  position_beats=1867.944  error_ms=3.000
[TIMING ] wwise_callback=beat  position_beats=1867.944  error_ms=3.000
[TIMING ] wwise_callback=grid  position_beats=1867.944  error_ms=3.000
[TIMING ] wwise_callback=beat  position_beats=1868.954  error_ms=0.000
[TIMING ] wwise_callback=grid  position_beats=1868.954  error_ms=0.000
[TIMING ] wwise_callback=beat  position_beats=1869.935  error_ms=5.000
[TIMING ] wwise_callback=grid  position_beats=1869.935  error_ms=5.000
[TIMING ] wwise_callback=beat  position_beats=1870.949  error_ms=4.000
[TIMING ] wwise_callback=grid  position_beats=1870.949  error_ms=4.000
[TIMING ] wwise_callback=bar  position_beats=1871.924  error_ms=6.000
[TIMING ] wwise_callback=beat  position_beats=1871.924  error_ms=6.000
[TIMING ] wwise_callback=grid  position_beats=1871.924  error_ms=6.000
[AUDIO  ] arrangement=layer  enabled=true  requested_at=1872.013
[TIMING ] wwise_callback=beat  position_beats=1872.940  error_ms=5.000
[TIMING ] wwise_callback=grid  position_beats=1872.940  error_ms=5.000
[TIMING ] wwise_callback=beat  position_beats=1873.954  error_ms=4.000
[TIMING ] wwise_callback=grid  position_beats=1873.954  error_ms=4.000
[TIMING ] wwise_callback=beat  position_beats=1874.923  error_ms=3.000
[TIMING ] wwise_callback=grid  position_beats=1874.923  error_ms=3.000
[TIMING ] wwise_callback=bar  position_beats=1875.939  error_ms=3.000
[TIMING ] wwise_callback=beat  position_beats=1875.939  error_ms=3.000
[TIMING ] wwise_callback=grid  position_beats=1875.939  error_ms=3.000
[TIMING ] wwise_callback=beat  position_beats=1876.953  error_ms=1.000
[TIMING ] wwise_callback=grid  position_beats=1876.953  error_ms=1.000
[TIMING ] wwise_callback=beat  position_beats=1877.922  error_ms=0.000
[TIMING ] wwise_callback=grid  position_beats=1877.922  error_ms=0.000
[TIMING ] wwise_callback=beat  position_beats=1878.951  error_ms=6.000
[TIMING ] wwise_callback=grid  position_beats=1878.951  error_ms=6.000
[TIMING ] wwise_callback=bar  position_beats=1879.965  error_ms=5.000
[TIMING ] wwise_callback=beat  position_beats=1879.965  error_ms=5.000
[TIMING ] wwise_callback=grid  position_beats=1879.965  error_ms=5.000
[TIMING ] wwise_callback=beat  position_beats=1880.929  error_ms=2.000
[TIMING ] wwise_callback=grid  position_beats=1880.929  error_ms=2.000
[TIMING ] wwise_callback=beat  position_beats=1881.954  error_ms=5.000
[TIMING ] wwise_callback=grid  position_beats=1881.954  error_ms=5.000
[TIMING ] wwise_callback=beat  position_beats=1882.922  error_ms=4.000
[TIMING ] wwise_callback=grid  position_beats=1882.922  error_ms=4.000
[TIMING ] wwise_callback=bar  position_beats=1883.943  error_ms=6.000
[TIMING ] wwise_callback=beat  position_beats=1883.943  error_ms=6.000
[TIMING ] wwise_callback=grid  position_beats=1883.943  error_ms=6.000
[TIMING ] wwise_callback=beat  position_beats=1884.959  error_ms=6.000
[TIMING ] wwise_callback=grid  position_beats=1884.959  error_ms=6.000
[TIMING ] wwise_callback=beat  position_beats=1885.925  error_ms=4.000
[TIMING ] wwise_callback=grid  position_beats=1885.925  error_ms=4.000
[TIMING ] wwise_callback=beat  position_beats=1886.941  error_ms=3.000
[TIMING ] wwise_callback=grid  position_beats=1886.941  error_ms=3.000
[TIMING ] wwise_segment=wrapped  segment_ms=14769.000  elapsed_ms=871371.000
[AUDIO  ] arrangement=transition  section=alternate  requested_at=1888.007
[TIMING ] wwise_callback=beat  position_beats=1888.926  error_ms=2.000
[TIMING ] wwise_callback=grid  position_beats=1888.926  error_ms=2.000
[TIMING ] wwise_callback=beat  position_beats=1889.944  error_ms=3.000
[TIMING ] wwise_callback=grid  position_beats=1889.944  error_ms=3.000
[TIMING ] wwise_callback=beat  position_beats=1890.960  error_ms=3.000
[TIMING ] wwise_callback=grid  position_beats=1890.960  error_ms=3.000
[TIMING ] wwise_callback=bar  position_beats=1891.927  error_ms=1.000
[TIMING ] wwise_callback=beat  position_beats=1891.927  error_ms=1.000
[TIMING ] wwise_callback=grid  position_beats=1891.927  error_ms=1.000
[TIMING ] wwise_callback=beat  position_beats=1892.945  error_ms=1.000
[TIMING ] wwise_callback=grid  position_beats=1892.945  error_ms=1.000
[TIMING ] wwise_callback=beat  position_beats=1893.927  error_ms=6.000
[TIMING ] wwise_callback=grid  position_beats=1893.927  error_ms=6.000
[TIMING ] wwise_callback=beat  position_beats=1894.941  error_ms=5.000
[TIMING ] wwise_callback=grid  position_beats=1894.941  error_ms=5.000
[TIMING ] wwise_callback=bar  position_beats=1895.955  error_ms=4.000
[TIMING ] wwise_callback=beat  position_beats=1895.955  error_ms=4.000
[TIMING ] wwise_callback=grid  position_beats=1895.955  error_ms=4.000
[TIMING ] wwise_callback=beat  position_beats=1896.927  error_ms=3.000
[TIMING ] wwise_callback=grid  position_beats=1896.927  error_ms=3.000
[TIMING ] wwise_callback=beat  position_beats=1897.941  error_ms=2.000
[TIMING ] wwise_callback=grid  position_beats=1897.941  error_ms=2.000
[TIMING ] wwise_callback=beat  position_beats=1898.960  error_ms=4.000
[TIMING ] wwise_callback=grid  position_beats=1898.960  error_ms=4.000
[TIMING ] wwise_callback=bar  position_beats=1899.928  error_ms=3.000
[TIMING ] wwise_callback=beat  position_beats=1899.928  error_ms=3.000
[TIMING ] wwise_callback=grid  position_beats=1899.928  error_ms=3.000
[TIMING ] wwise_callback=beat  position_beats=1900.942  error_ms=2.000
[TIMING ] wwise_callback=grid  position_beats=1900.942  error_ms=2.000
[TIMING ] wwise_callback=beat  position_beats=1901.958  error_ms=1.000
[TIMING ] wwise_callback=grid  position_beats=1901.958  error_ms=1.000
[TIMING ] wwise_callback=beat  position_beats=1902.927  error_ms=0.000
[TIMING ] wwise_callback=grid  position_beats=1902.927  error_ms=0.000
[TIMING ] wwise_callback=bar  position_beats=1903.945  error_ms=1.000
[TIMING ] wwise_callback=beat  position_beats=1903.945  error_ms=1.000
[TIMING ] wwise_callback=grid  position_beats=1903.945  error_ms=1.000
[AUDIO  ] arrangement=layer  enabled=false  requested_at=1904.008
[TIMING ] wwise_callback=beat  position_beats=1904.914  error_ms=0.000
[TIMING ] wwise_callback=grid  position_beats=1904.914  error_ms=0.000
[TIMING ] wwise_callback=beat  position_beats=1905.947  error_ms=5.000
[TIMING ] wwise_callback=grid  position_beats=1905.947  error_ms=5.000
[TIMING ] wwise_callback=beat  position_beats=1906.961  error_ms=5.000
[TIMING ] wwise_callback=grid  position_beats=1906.961  error_ms=5.000
[TIMING ] wwise_callback=bar  position_beats=1907.919  error_ms=0.000
[TIMING ] wwise_callback=beat  position_beats=1907.919  error_ms=0.000
[TIMING ] wwise_callback=grid  position_beats=1907.919  error_ms=0.000
[TIMING ] wwise_callback=beat  position_beats=1908.939  error_ms=2.000
[TIMING ] wwise_callback=grid  position_beats=1908.939  error_ms=2.000
[TIMING ] wwise_callback=beat  position_beats=1909.964  error_ms=6.000
[TIMING ] wwise_callback=grid  position_beats=1909.964  error_ms=6.000
[TIMING ] wwise_callback=beat  position_beats=1910.933  error_ms=5.000
[TIMING ] wwise_callback=grid  position_beats=1910.933  error_ms=5.000
[TIMING ] wwise_callback=bar  position_beats=1911.949  error_ms=4.000
[TIMING ] wwise_callback=beat  position_beats=1911.949  error_ms=4.000
[TIMING ] wwise_callback=grid  position_beats=1911.949  error_ms=4.000
[TIMING ] wwise_callback=beat  position_beats=1912.963  error_ms=3.000
[TIMING ] wwise_callback=grid  position_beats=1912.963  error_ms=3.000
[TIMING ] wwise_callback=beat  position_beats=1913.931  error_ms=2.000
[TIMING ] wwise_callback=grid  position_beats=1913.931  error_ms=2.000
[TIMING ] wwise_callback=beat  position_beats=1914.950  error_ms=1.000
[TIMING ] wwise_callback=grid  position_beats=1914.950  error_ms=1.000
[TIMING ] wwise_callback=bar  position_beats=1915.918  error_ms=2.000
[TIMING ] wwise_callback=beat  position_beats=1915.918  error_ms=2.000
[TIMING ] wwise_callback=grid  position_beats=1915.918  error_ms=2.000
[TIMING ] wwise_callback=beat  position_beats=1916.936  error_ms=2.000
[TIMING ] wwise_callback=grid  position_beats=1916.936  error_ms=2.000
[TIMING ] wwise_callback=beat  position_beats=1917.950  error_ms=1.000
[TIMING ] wwise_callback=grid  position_beats=1917.950  error_ms=1.000
[TIMING ] wwise_callback=beat  position_beats=1918.932  error_ms=6.000
[TIMING ] wwise_callback=grid  position_beats=1918.932  error_ms=6.000
[TIMING ] wwise_segment=wrapped  segment_ms=14769.000  elapsed_ms=886140.000
[AUDIO  ] arrangement=transition  section=loop  requested_at=1920.011
[TIMING ] wwise_callback=beat  position_beats=1920.964  error_ms=5.000
[TIMING ] wwise_callback=grid  position_beats=1920.964  error_ms=5.000
[TIMING ] wwise_callback=beat  position_beats=1921.931  error_ms=3.000
[TIMING ] wwise_callback=grid  position_beats=1921.931  error_ms=3.000
[TIMING ] wwise_callback=beat  position_beats=1922.945  error_ms=2.000
[TIMING ] wwise_callback=grid  position_beats=1922.945  error_ms=2.000
[TIMING ] wwise_callback=bar  position_beats=1923.920  error_ms=4.000
[TIMING ] wwise_callback=beat  position_beats=1923.920  error_ms=4.000
[TIMING ] wwise_callback=grid  position_beats=1923.920  error_ms=4.000
[TIMING ] wwise_callback=beat  position_beats=1924.934  error_ms=3.000
[TIMING ] wwise_callback=grid  position_beats=1924.934  error_ms=3.000
[TIMING ] wwise_callback=beat  position_beats=1925.950  error_ms=2.000
[TIMING ] wwise_callback=grid  position_beats=1925.950  error_ms=2.000
[TIMING ] wwise_callback=beat  position_beats=1926.918  error_ms=1.000
[TIMING ] wwise_callback=grid  position_beats=1926.918  error_ms=1.000
[TIMING ] wwise_callback=bar  position_beats=1927.932  error_ms=0.000
[TIMING ] wwise_callback=beat  position_beats=1927.932  error_ms=0.000
[TIMING ] wwise_callback=grid  position_beats=1927.932  error_ms=0.000
[TIMING ] wwise_callback=beat  position_beats=1928.961  error_ms=6.000
[TIMING ] wwise_callback=grid  position_beats=1928.961  error_ms=6.000
[TIMING ] wwise_callback=beat  position_beats=1929.930  error_ms=5.000
[TIMING ] wwise_callback=grid  position_beats=1929.930  error_ms=5.000
[TIMING ] wwise_callback=beat  position_beats=1930.946  error_ms=4.000
[TIMING ] wwise_callback=grid  position_beats=1930.946  error_ms=4.000
[TIMING ] wwise_callback=bar  position_beats=1931.960  error_ms=3.000
[TIMING ] wwise_callback=beat  position_beats=1931.960  error_ms=3.000
[TIMING ] wwise_callback=grid  position_beats=1931.960  error_ms=3.000
[TIMING ] wwise_callback=beat  position_beats=1932.933  error_ms=4.000
[TIMING ] wwise_callback=grid  position_beats=1932.933  error_ms=4.000
[TIMING ] wwise_callback=beat  position_beats=1933.949  error_ms=4.000
[TIMING ] wwise_callback=grid  position_beats=1933.949  error_ms=4.000
[TIMING ] wwise_callback=beat  position_beats=1934.915  error_ms=2.000
[TIMING ] wwise_callback=grid  position_beats=1934.915  error_ms=2.000
[TIMING ] wwise_callback=bar  position_beats=1935.942  error_ms=6.000
[TIMING ] wwise_callback=beat  position_beats=1935.942  error_ms=6.000
[TIMING ] wwise_callback=grid  position_beats=1935.942  error_ms=6.000
[AUDIO  ] arrangement=layer  enabled=true  requested_at=1936.001
[TIMING ] wwise_callback=beat  position_beats=1936.954  error_ms=4.000
[TIMING ] wwise_callback=grid  position_beats=1936.954  error_ms=4.000
[TIMING ] wwise_callback=beat  position_beats=1937.920  error_ms=2.000
[TIMING ] wwise_callback=grid  position_beats=1937.920  error_ms=2.000
[TIMING ] wwise_callback=beat  position_beats=1938.937  error_ms=2.000
[TIMING ] wwise_callback=grid  position_beats=1938.937  error_ms=2.000
[TIMING ] wwise_callback=bar  position_beats=1939.957  error_ms=3.000
[TIMING ] wwise_callback=beat  position_beats=1939.957  error_ms=3.000
[TIMING ] wwise_callback=grid  position_beats=1939.957  error_ms=3.000
[TIMING ] wwise_callback=beat  position_beats=1940.936  error_ms=6.000
[TIMING ] wwise_callback=grid  position_beats=1940.936  error_ms=6.000
[TIMING ] wwise_callback=beat  position_beats=1941.942  error_ms=2.000
[TIMING ] wwise_callback=grid  position_beats=1941.942  error_ms=2.000
[TIMING ] wwise_callback=beat  position_beats=1942.956  error_ms=1.000
[TIMING ] wwise_callback=grid  position_beats=1942.956  error_ms=1.000
[TIMING ] wwise_callback=bar  position_beats=1943.942  error_ms=8.000
[TIMING ] wwise_callback=beat  position_beats=1943.942  error_ms=8.000
[TIMING ] wwise_callback=grid  position_beats=1943.942  error_ms=8.000
[TIMING ] wwise_callback=beat  position_beats=1944.953  error_ms=5.000
[TIMING ] wwise_callback=grid  position_beats=1944.953  error_ms=5.000
[TIMING ] wwise_callback=beat  position_beats=1945.922  error_ms=4.000
[TIMING ] wwise_callback=grid  position_beats=1945.922  error_ms=4.000
[TIMING ] wwise_callback=beat  position_beats=1946.938  error_ms=4.000
[TIMING ] wwise_callback=grid  position_beats=1946.938  error_ms=4.000
[TIMING ] wwise_callback=bar  position_beats=1947.952  error_ms=3.000
[TIMING ] wwise_callback=beat  position_beats=1947.952  error_ms=3.000
[TIMING ] wwise_callback=grid  position_beats=1947.952  error_ms=3.000
[TIMING ] wwise_callback=beat  position_beats=1948.925  error_ms=2.000
[TIMING ] wwise_callback=grid  position_beats=1948.925  error_ms=2.000
WwiseGodot: (LOG) Sound engine terminated successfully.
[AUDIO  ] wwise_spike=stopped
[TIMING ] wwise_spike=complete  callbacks=4211  mean_error_ms=3.180  p95_abs_error_ms=6.000  max_abs_error_ms=51.000
[TIMING ] callback_jitter_ms=2.974  clock_drift_ms=-12.974  clock_drift_ppm=-14.415
[TIMING ] boundaries=1949  missed=0  duplicates=0  beat_callbacks=1890  callback_missed=60  callback_duplicates=0
=== done ===
