elapsed_ms,record_type,kind,index,position_beats,callback_position_ms,sampled_position_ms,error_ms,value
65.754,callback,sync_point,0,0.008667,0.000,4.000,4.000,
65.899,callback,sync_point,0,0.008667,0.000,4.000,4.000,
66.008,callback,entry,0,0.008667,0.000,4.000,4.000,
66.273,callback,bar,0,0.008667,0.000,4.000,4.000,
66.363,callback,beat,0,0.008667,0.000,4.000,4.000,
66.453,callback,grid,0,0.008667,0.000,4.000,4.000,
176.123,boundary,quarter,0,0.262165,,,,0.25
293.397,boundary,half,0,0.513496,,,,
410.706,boundary,quarter,0,0.758328,,,,0.75
507.346,callback,beat,1,0.981493,448.000,453.000,5.000,
507.504,callback,grid,1,0.981493,448.000,453.000,5.000,
521.126,boundary,beat,1,1.011826,,,,
638.473,boundary,quarter,1,1.260991,,,,0.25
756.980,boundary,half,1,1.510156,,,,
873.062,boundary,quarter,1,1.759321,,,,0.75
976.561,callback,beat,2,1.997653,917.000,922.000,5.000,
976.717,callback,grid,2,1.997653,917.000,922.000,5.000,
983.456,boundary,beat,2,2.012819,,,,
1100.751,boundary,quarter,2,2.259818,,,,0.25
1218.044,boundary,half,2,2.508983,,,,
1322.686,boundary,quarter,2,2.751648,,,,0.75
1426.123,callback,beat,3,2.966146,1365.000,1369.000,4.000,
1426.296,callback,grid,3,2.966146,1365.000,1369.000,4.000,
1445.779,boundary,beat,3,3.013812,,,,
1563.070,boundary,quarter,3,3.258644,,,,0.25
1680.327,boundary,half,3,3.505642,,,,
1790.737,boundary,quarter,3,3.763474,,,,0.75
1894.226,callback,bar,4,3.980139,1835.000,1837.000,2.000,
1894.390,callback,beat,4,3.980139,1835.000,1837.000,2.000,
1894.719,callback,grid,4,3.980139,1835.000,1837.000,2.000,
1908.050,boundary,beat,4,4.010472,,,,
2025.839,boundary,quarter,4,4.261804,,,,0.25
2142.646,boundary,half,4,4.506636,,,,
2253.035,boundary,quarter,4,4.762300,,,,0.75
2363.410,callback,beat,5,4.996299,2304.000,2306.000,2.000,
2363.515,callback,grid,5,4.996299,2304.000,2306.000,2.000,
2370.332,boundary,beat,5,5.009299,,,,
2487.666,boundary,quarter,5,5.258464,,,,0.25
2598.062,boundary,half,5,5.514129,,,,
2715.343,boundary,quarter,5,5.758960,,,,0.75
2811.888,callback,beat,6,5.962625,2752.000,2752.000,0.000,
2811.989,callback,grid,6,5.962625,2752.000,2752.000,0.000,
2832.686,boundary,beat,6,6.010292,,,,
2950.382,boundary,quarter,6,6.257290,,,,0.25
3060.325,boundary,half,6,6.510788,,,,
3177.688,boundary,quarter,6,6.762120,,,,0.75
3288.148,callback,beat,7,6.991785,3221.000,3227.000,6.000,
3288.451,callback,grid,7,6.991785,3221.000,3227.000,6.000,
3294.965,boundary,beat,7,7.006952,,,,
3405.332,boundary,quarter,7,7.260450,,,,0.25
3522.698,boundary,half,7,7.511781,,,,
3639.926,boundary,quarter,7,7.758780,,,,0.75
3757.254,boundary,beat,8,8.007945,,,,
3757.322,callback,bar,8,8.007945,3691.000,3696.000,5.000,
3757.532,callback,beat,8,8.007945,3691.000,3696.000,5.000,
3757.698,callback,grid,8,8.007945,3691.000,3696.000,5.000,
3867.635,boundary,quarter,8,8.261443,,,,0.25
3984.981,boundary,half,8,8.510608,,,,
4102.261,boundary,quarter,8,8.757606,,,,0.75
4191.903,callback,beat,9,8.967771,4139.000,4139.000,0.000,
4192.034,callback,grid,9,8.967771,4139.000,4139.000,0.000,
4212.638,boundary,beat,9,9.013271,,,,
4329.992,boundary,quarter,9,9.262436,,,,0.25
4447.229,boundary,half,9,9.507268,,,,
4564.569,boundary,quarter,9,9.758599,,,,0.75
4668.042,callback,beat,10,9.996931,4608.000,4614.000,6.000,
4668.241,callback,grid,10,9.996931,4608.000,4614.000,6.000,
4674.948,boundary,beat,10,10.012097,,,,
4792.251,boundary,quarter,10,10.261262,,,,0.25
4909.569,boundary,half,10,10.510427,,,,
5027.708,boundary,quarter,10,10.757426,,,,0.75
5116.563,callback,beat,11,10.965424,5056.000,5061.000,5.000,
5116.789,callback,grid,11,10.965424,5056.000,5061.000,5.000,
5137.226,boundary,beat,11,11.010924,,,,
5282.832,boundary,quarter,11,11.327255,,,,0.25
5370.421,boundary,half,11,11.504920,,,,
5480.429,boundary,quarter,11,11.758419,,,,0.75
5583.837,callback,bar,12,11.975084,5525.000,5527.000,2.000,
5584.088,callback,beat,12,11.975084,5525.000,5527.000,2.000,
5584.259,callback,grid,12,11.975084,5525.000,5527.000,2.000,
5597.653,boundary,beat,12,12.005417,,,,
5714.944,boundary,quarter,12,12.254582,,,,0.25
5832.299,boundary,half,12,12.501580,,,,
5942.662,boundary,quarter,12,12.759412,,,,0.75
6053.026,callback,beat,13,12.991244,5995.000,5996.000,1.000,
6053.152,callback,grid,13,12.991244,5995.000,5996.000,1.000,
6059.957,boundary,beat,13,13.006410,,,,
6177.253,boundary,quarter,13,13.251242,,,,0.25
6287.674,boundary,half,13,13.506907,,,,
6404.947,boundary,quarter,13,13.756072,,,,0.75
6502.454,callback,beat,14,13.961903,6443.000,6444.000,1.000,
6502.624,callback,grid,14,13.961903,6443.000,6444.000,1.000,
6522.273,boundary,beat,14,14.005236,,,,
6639.585,boundary,quarter,14,14.254401,,,,0.25
6749.941,boundary,half,14,14.505733,,,,
6867.246,boundary,quarter,14,14.754898,,,,0.75
6978.145,callback,beat,15,14.988896,6912.000,6918.000,6.000,
6978.378,callback,grid,15,14.988896,6912.000,6918.000,6.000,
6984.556,boundary,beat,15,15.004063,,,,
7094.996,boundary,quarter,15,15.257561,,,,0.25
7212.239,boundary,half,15,15.506726,,,,
7329.573,boundary,quarter,15,15.753724,,,,0.75
7446.820,boundary,beat,16,16.002889,,,,
7446.859,arrangement,layer,1,16.002889,,,,true
7446.950,callback,bar,16,16.002889,7381.000,7386.000,5.000,
7447.026,callback,beat,16,16.002889,7381.000,7386.000,5.000,
7447.111,callback,grid,16,16.002889,7381.000,7386.000,5.000,
7557.287,boundary,quarter,16,16.256388,,,,0.25
7674.525,boundary,half,16,16.507719,,,,
7791.869,boundary,quarter,16,16.754717,,,,0.75
7895.352,callback,beat,17,16.975716,7829.000,7833.000,4.000,
7895.678,callback,grid,17,16.975716,7829.000,7833.000,4.000,
7916.052,boundary,beat,17,17.019049,,,,
8019.558,boundary,quarter,17,17.257381,,,,0.25
8136.906,boundary,half,17,17.504379,,,,
8254.192,boundary,quarter,17,17.753544,,,,0.75
8357.715,callback,beat,18,17.994042,8299.000,8305.000,6.000,
8357.869,callback,grid,18,17.994042,8299.000,8305.000,6.000,
8364.546,boundary,beat,18,18.009209,,,,
8481.856,boundary,quarter,18,18.258374,,,,0.25
8599.462,boundary,half,18,18.505372,,,,
8716.463,boundary,quarter,18,18.752370,,,,0.75
8826.846,boundary,beat,19,19.008035,,,,
8826.906,callback,beat,19,19.008035,8768.000,8773.000,5.000,
8827.047,callback,grid,19,19.008035,8768.000,8773.000,5.000,
8944.185,boundary,quarter,19,19.255034,,,,0.25
9061.437,boundary,half,19,19.506365,,,,
9178.756,boundary,quarter,19,19.751197,,,,0.75
9275.343,callback,bar,20,19.976529,9216.000,9220.000,4.000,
9275.492,callback,beat,20,19.976529,9216.000,9220.000,4.000,
9275.550,callback,grid,20,19.976529,9216.000,9220.000,4.000,
9289.149,boundary,beat,20,20.004695,,,,
9406.433,boundary,quarter,20,20.256027,,,,0.25
9523.744,boundary,half,20,20.503025,,,,
9634.172,boundary,quarter,20,20.758690,,,,0.75
9744.584,callback,beat,21,20.990522,9685.000,9688.000,3.000,
9744.792,callback,grid,21,20.990522,9685.000,9688.000,3.000,
9751.434,boundary,beat,21,21.005688,,,,
9868.729,boundary,quarter,21,21.252686,,,,0.25
9979.208,boundary,half,21,21.506185,,,,
10097.409,boundary,quarter,21,21.759683,,,,0.75
10194.318,callback,beat,22,21.959015,10133.000,10135.000,2.000,
10194.485,callback,grid,22,21.959015,10133.000,10135.000,2.000,
10213.736,boundary,beat,22,22.006681,,,,
10331.061,boundary,quarter,22,22.251513,,,,0.25
10441.448,boundary,half,22,22.507178,,,,
10559.058,boundary,quarter,22,22.756343,,,,0.75
10662.249,callback,beat,23,22.973008,10603.000,10603.000,0.000,
10662.463,callback,grid,23,22.973008,10603.000,10603.000,0.000,
10676.030,boundary,beat,23,23.003341,,,,
10793.351,boundary,quarter,23,23.254673,,,,0.25
10903.757,boundary,half,23,23.506004,,,,
11021.039,boundary,quarter,23,23.753002,,,,0.75
11131.425,callback,bar,24,23.989167,11072.000,11072.000,0.000,
11131.556,callback,beat,24,23.989167,11072.000,11072.000,0.000,
11131.659,callback,grid,24,23.989167,11072.000,11072.000,0.000,
11138.384,boundary,beat,24,24.004334,,,,
11248.761,boundary,quarter,24,24.257832,,,,0.25
11366.031,boundary,half,24,24.506997,,,,
11483.331,boundary,quarter,24,24.753996,,,,0.75
11586.884,callback,beat,25,24.974994,11520.000,11525.000,5.000,
11587.082,callback,grid,25,24.974994,11520.000,11525.000,5.000,
11600.710,boundary,beat,25,25.000994,,,,
11711.062,boundary,quarter,25,25.256659,,,,0.25
11828.477,boundary,half,25,25.505824,,,,
11946.403,boundary,quarter,25,25.757155,,,,0.75
12056.416,callback,beat,26,25.988987,11989.000,11994.000,5.000,
12056.585,callback,grid,26,25.988987,11989.000,11994.000,5.000,
12069.869,boundary,beat,26,26.014987,,,,
12173.373,boundary,quarter,26,26.257652,,,,0.25
12290.667,boundary,half,26,26.504650,,,,
12408.234,boundary,quarter,26,26.751648,,,,0.75
12511.428,callback,beat,27,26.994313,12459.000,12459.000,0.000,
12511.581,callback,grid,27,26.994313,12459.000,12459.000,0.000,
12518.356,boundary,beat,27,27.009480,,,,
12635.644,boundary,quarter,27,27.254312,,,,0.25
12752.927,boundary,half,27,27.503477,,,,
12870.240,boundary,quarter,27,27.750475,,,,0.75
12966.851,callback,bar,28,27.975807,12907.000,12912.000,5.000,
12967.014,callback,beat,28,27.975807,12907.000,12912.000,5.000,
12967.107,callback,grid,28,27.975807,12907.000,12912.000,5.000,
12980.650,boundary,beat,28,28.006140,,,,
13098.013,boundary,quarter,28,28.255305,,,,0.25
13215.235,boundary,half,28,28.500136,,,,
13325.657,boundary,quarter,28,28.755801,,,,0.75
13436.562,callback,beat,29,28.991966,13376.000,13381.000,5.000,
13437.277,callback,grid,29,28.991966,13376.000,13381.000,5.000,
13442.991,boundary,beat,29,29.004966,,,,
13560.276,boundary,quarter,29,29.251964,,,,0.25
13677.529,boundary,half,29,29.503296,,,,
13788.159,boundary,quarter,29,29.754628,,,,0.75
13906.000,boundary,beat,30,30.005959,,,,
13906.051,callback,beat,30,30.005959,13845.000,13849.000,4.000,
13906.228,callback,grid,30,30.005959,13845.000,13849.000,4.000,
14022.577,boundary,quarter,30,30.252957,,,,0.25
14132.956,boundary,half,30,30.506456,,,,
14250.248,boundary,quarter,30,30.755621,,,,0.75
14353.773,callback,beat,31,30.972286,14293.000,14295.000,2.000,
14353.939,callback,grid,31,30.972286,14293.000,14295.000,2.000,
14367.569,boundary,beat,31,31.002619,,,,
14484.854,boundary,quarter,31,31.251784,,,,0.25
14595.258,boundary,half,31,31.505282,,,,
14712.564,boundary,quarter,31,31.756614,,,,0.75
14829.851,boundary,beat,32,32.003612,,,,
14829.924,arrangement,transition,2,32.003612,,,,alternate
14954.071,boundary,quarter,32,32.265777,,,,0.25
15057.529,boundary,half,32,32.506275,,,,
15174.867,boundary,quarter,32,32.753274,,,,0.75
15271.471,callback,beat,33,32.954772,441.000,441.000,0.000,
15271.616,callback,grid,33,32.954772,441.000,441.000,0.000,
15292.177,boundary,beat,33,33.002438,,,,
15402.561,boundary,quarter,33,33.253770,,,,0.25
15523.719,boundary,half,33,33.513768,,,,
15637.478,boundary,quarter,33,33.752100,,,,0.75
15747.700,callback,beat,34,33.988265,911.000,917.000,6.000,
15747.948,callback,grid,34,33.988265,911.000,917.000,6.000,
15754.766,boundary,beat,34,34.001265,,,,
15864.847,boundary,quarter,34,34.256930,,,,0.25
15982.170,boundary,half,34,34.501761,,,,
16099.491,boundary,quarter,34,34.750926,,,,0.75
16209.812,boundary,beat,35,35.004425,,,,
16216.775,callback,beat,35,35.004425,1380.000,1385.000,5.000,
16217.044,callback,grid,35,35.004425,1380.000,1385.000,5.000,
16327.127,boundary,quarter,35,35.253590,,,,0.25
16444.440,boundary,half,35,35.504921,,,,
16568.667,boundary,quarter,35,35.764919,,,,0.75
16651.430,callback,bar,36,35.959918,1828.000,1828.000,0.000,
16651.583,callback,beat,36,35.959918,1828.000,1828.000,0.000,
16651.667,callback,grid,36,35.959918,1828.000,1828.000,0.000,
16672.181,boundary,beat,36,36.005418,,,,
16789.458,boundary,quarter,36,36.254583,,,,0.25
16906.801,boundary,half,36,36.501581,,,,
17017.422,boundary,quarter,36,36.755079,,,,0.75
17127.539,callback,beat,37,36.989078,2297.000,2303.000,6.000,
17127.687,callback,grid,37,36.989078,2297.000,2303.000,6.000,
17134.464,boundary,beat,37,37.004244,,,,
17251.838,boundary,quarter,37,37.253409,,,,0.25
17369.086,boundary,half,37,37.500407,,,,
17481.659,boundary,quarter,37,37.760406,,,,0.75
17596.769,boundary,beat,38,38.005237,,,,
17596.825,callback,beat,38,38.005237,2767.000,2772.000,5.000,
17597.037,callback,grid,38,38.005237,2767.000,2772.000,5.000,
17714.061,boundary,quarter,38,38.250069,,,,0.25
17831.507,boundary,half,38,38.501400,,,,
17941.907,boundary,quarter,38,38.754899,,,,0.75
18045.229,callback,beat,39,38.973731,3215.000,3219.000,4.000,
18045.404,callback,grid,39,38.973731,3215.000,3219.000,4.000,
18059.029,boundary,beat,39,39.001897,,,,
18176.824,boundary,quarter,39,39.251062,,,,0.25
18286.750,boundary,half,39,39.504560,,,,
18404.048,boundary,quarter,39,39.753725,,,,0.75
18514.452,callback,bar,40,39.987724,3684.000,3687.000,3.000,
18514.610,callback,beat,40,39.987724,3684.000,3687.000,3.000,
18514.727,callback,grid,40,39.987724,3684.000,3687.000,3.000,
18521.326,boundary,beat,40,40.002890,,,,
18645.549,boundary,quarter,40,40.267222,,,,0.25
18749.048,boundary,half,40,40.505553,,,,
18866.356,boundary,quarter,40,40.752552,,,,0.75
18984.162,boundary,beat,41,41.001717,,,,
18984.218,callback,beat,41,41.001717,4153.000,4155.000,2.000,
18984.350,callback,grid,41,41.001717,4153.000,4155.000,2.000,
19107.890,boundary,quarter,41,41.263881,,,,0.25
19211.348,boundary,half,41,41.506546,,,,
19329.329,boundary,quarter,41,41.753545,,,,0.75
19432.194,callback,beat,42,41.968043,4601.000,4601.000,0.000,
19432.401,callback,grid,42,41.968043,4601.000,4601.000,0.000,
19453.069,boundary,beat,42,42.017876,,,,
19556.363,boundary,quarter,42,42.256208,,,,0.25
19673.664,boundary,half,42,42.503206,,,,
19790.940,boundary,quarter,42,42.750204,,,,0.75
19901.348,callback,beat,43,42.988536,5071.000,5071.000,0.000,
19901.507,callback,grid,43,42.988536,5071.000,5071.000,0.000,
19915.169,boundary,beat,43,43.014536,,,,
20018.672,boundary,quarter,43,43.252868,,,,0.25
20135.928,boundary,half,43,43.502033,,,,
20253.305,boundary,quarter,43,43.751197,,,,0.75
20342.976,callback,bar,44,43.959196,5519.000,5520.000,1.000,
20343.201,callback,beat,44,43.959196,5519.000,5520.000,1.000,
20343.316,callback,grid,44,43.959196,5519.000,5520.000,1.000,
20363.756,boundary,beat,44,44.004696,,,,
20480.944,boundary,quarter,44,44.253861,,,,0.25
20605.498,boundary,half,44,44.520359,,,,
20715.631,boundary,quarter,44,44.750024,,,,0.75
20812.178,callback,beat,45,44.973189,5988.000,5988.000,0.000,
20812.424,callback,grid,45,44.973189,5988.000,5988.000,0.000,
20825.949,boundary,beat,45,45.003522,,,,
20943.258,boundary,quarter,45,45.252687,,,,0.25
21060.538,boundary,half,45,45.501852,,,,
21173.765,boundary,quarter,45,45.759684,,,,0.75
21281.660,callback,beat,46,45.989349,6457.000,6457.000,0.000,
21281.802,callback,grid,46,45.989349,6457.000,6457.000,0.000,
21288.615,boundary,beat,46,46.004515,,,,
21405.549,boundary,quarter,46,46.251514,,,,0.25
21522.833,boundary,half,46,46.500678,,,,
21633.265,boundary,quarter,46,46.756343,,,,0.75
21736.778,callback,beat,47,46.970842,6905.000,6910.000,5.000,
21736.933,callback,grid,47,46.970842,6905.000,6910.000,5.000,
21750.565,boundary,beat,47,47.001175,,,,
21867.861,boundary,quarter,47,47.250340,,,,0.25
21992.053,boundary,half,47,47.514671,,,,
22095.579,boundary,quarter,47,47.755170,,,,0.75
22205.986,callback,bar,48,47.987002,7375.000,7379.000,4.000,
22206.138,callback,beat,48,47.987002,7375.000,7379.000,4.000,
22206.370,callback,grid,48,47.987002,7375.000,7379.000,4.000,
22212.859,boundary,beat,48,48.002168,,,,
22212.918,arrangement,layer,3,48.002168,,,,false
22337.109,boundary,quarter,48,48.266500,,,,0.25
22440.560,boundary,half,48,48.504831,,,,
22557.889,boundary,quarter,48,48.751830,,,,0.75
22676.537,boundary,beat,49,49.005328,,,,
22676.604,callback,beat,49,49.005328,7844.000,7849.000,5.000,
22676.796,callback,grid,49,49.005328,7844.000,7849.000,5.000,
22792.726,boundary,quarter,49,49.250159,,,,0.25
22903.065,boundary,half,49,49.505824,,,,
23020.218,boundary,quarter,49,49.750656,,,,0.75
23123.655,callback,beat,50,49.969488,8292.000,8294.000,2.000,
23123.795,callback,grid,50,49.969488,8292.000,8294.000,2.000,
23144.349,boundary,beat,50,50.017154,,,,
23247.836,boundary,quarter,50,50.253319,,,,0.25
23365.127,boundary,half,50,50.502484,,,,
23482.442,boundary,quarter,50,50.753816,,,,0.75
23592.832,callback,beat,51,50.983481,8761.000,8762.000,1.000,
23592.946,callback,grid,51,50.983481,8761.000,8762.000,1.000,
23606.676,boundary,beat,51,51.013814,,,,
23710.150,boundary,quarter,51,51.252146,,,,0.25
23827.433,boundary,half,51,51.503477,,,,
23944.747,boundary,quarter,51,51.750476,,,,0.75
24055.239,boundary,beat,52,52.001807,,,,
24062.044,callback,bar,52,52.001807,9231.000,9231.000,0.000,
24062.360,callback,beat,52,52.001807,9231.000,9231.000,0.000,
24062.847,callback,grid,52,52.001807,9231.000,9231.000,0.000,
24172.452,boundary,quarter,52,52.250972,,,,0.25
24289.731,boundary,half,52,52.500137,,,,
24413.996,boundary,quarter,52,52.764469,,,,0.75
24503.685,callback,beat,53,52.974634,9679.000,9681.000,2.000,
24503.845,callback,grid,53,52.974634,9679.000,9681.000,2.000,
24517.450,boundary,beat,53,53.004967,,,,
24634.756,boundary,quarter,53,53.254132,,,,0.25
24758.979,boundary,half,53,53.514130,,,,
24877.064,boundary,quarter,53,53.765462,,,,0.75
24972.864,callback,beat,54,53.988627,10148.000,10149.000,1.000,
24973.009,callback,grid,54,53.988627,10148.000,10149.000,1.000,
24979.737,boundary,beat,54,54.003793,,,,
25097.034,boundary,quarter,54,54.250792,,,,0.25
25214.364,boundary,half,54,54.502123,,,,
25324.966,boundary,quarter,54,54.753455,,,,0.75
25421.349,callback,beat,55,54.957120,10596.000,10596.000,0.000,
25421.486,callback,grid,55,54.957120,10596.000,10596.000,0.000,
25442.048,boundary,beat,55,55.002620,,,,
25559.347,boundary,quarter,55,55.251785,,,,0.25
25683.533,boundary,half,55,55.516116,,,,
25787.059,boundary,quarter,55,55.754448,,,,0.75
25897.447,callback,bar,56,55.986280,11065.000,11071.000,6.000,
25897.634,callback,beat,56,55.986280,11065.000,11071.000,6.000,
25897.729,callback,grid,56,55.986280,11065.000,11071.000,6.000,
25904.356,boundary,beat,56,56.001446,,,,
26021.678,boundary,quarter,56,56.250611,,,,0.25
26145.876,boundary,half,56,56.512776,,,,
26249.357,boundary,quarter,56,56.753274,,,,0.75
26366.705,boundary,beat,57,57.002439,,,,
26366.766,callback,beat,57,57.002439,11535.000,11540.000,5.000,
26366.911,callback,grid,57,57.002439,11535.000,11540.000,5.000,
26491.031,boundary,quarter,57,57.262437,,,,0.25
26594.477,boundary,half,57,57.505102,,,,
26711.659,boundary,quarter,57,57.752101,,,,0.75
26815.303,callback,beat,58,57.970933,11983.000,11987.000,4.000,
26815.452,callback,grid,58,57.970933,11983.000,11987.000,4.000,
26835.831,boundary,beat,58,58.016432,,,,
26939.380,boundary,quarter,58,58.252597,,,,0.25
27056.662,boundary,half,58,58.501762,,,,
27173.948,boundary,quarter,58,58.750927,,,,0.75
27284.345,callback,beat,59,58.984926,12452.000,12455.000,3.000,
27284.493,callback,grid,59,58.984926,12452.000,12455.000,3.000,
27291.283,boundary,beat,59,59.000092,,,,
27401.657,boundary,quarter,59,59.253590,,,,0.25
27518.932,boundary,half,59,59.502755,,,,
27643.199,boundary,quarter,59,59.767087,,,,0.75
27753.797,callback,bar,60,59.998918,12921.000,12923.000,2.000,
27754.038,callback,beat,60,59.998918,12921.000,12923.000,2.000,
27754.133,callback,grid,60,59.998918,12921.000,12923.000,2.000,
27760.458,boundary,beat,60,60.014085,,,,
27863.976,boundary,quarter,60,60.252417,,,,0.25
27981.290,boundary,half,60,60.503748,,,,
28098.542,boundary,quarter,60,60.750747,,,,0.75
28195.307,callback,beat,61,60.973912,13369.000,13373.000,4.000,
28195.502,callback,grid,61,60.973912,13369.000,13373.000,4.000,
28208.982,boundary,beat,61,61.002078,,,,
28327.920,boundary,quarter,61,61.255576,,,,0.25
28443.718,boundary,half,61,61.500408,,,,
28567.736,boundary,quarter,61,61.764740,,,,0.75
28664.455,callback,beat,62,61.990071,13839.000,13842.000,3.000,
28664.614,callback,grid,62,61.990071,13839.000,13842.000,3.000,
28671.279,boundary,beat,62,62.005238,,,,
28788.560,boundary,quarter,62,62.250070,,,,0.25
28912.726,boundary,half,62,62.514401,,,,
29030.026,boundary,quarter,62,62.761399,,,,0.75
29112.838,callback,beat,63,62.956398,14287.000,14288.000,1.000,
29112.982,callback,grid,63,62.956398,14287.000,14288.000,1.000,
29133.533,boundary,beat,63,63.004064,,,,
29250.894,boundary,quarter,63,63.251063,,,,0.25
29375.030,boundary,half,63,63.515394,,,,
29478.646,boundary,quarter,63,63.753726,,,,0.75
29596.442,boundary,beat,64,64.002891,,,,
29596.523,arrangement,transition,4,64.002891,,,,loop
29713.249,boundary,quarter,64,64.252056,,,,0.25
29837.373,boundary,half,64,64.514221,,,,
29942.564,boundary,quarter,64,64.759052,,,,0.75
30051.238,callback,beat,65,64.986551,456.000,456.000,0.000,
30051.379,callback,grid,65,64.986551,456.000,456.000,0.000,
30065.087,boundary,beat,65,65.014717,,,,
30182.408,boundary,quarter,65,65.266049,,,,0.25
30285.861,boundary,half,65,65.502214,,,,
30403.139,boundary,quarter,65,65.751379,,,,0.75
30506.656,callback,beat,66,65.968044,904.000,909.000,5.000,
30506.911,callback,grid,66,65.968044,904.000,909.000,5.000,
30527.525,boundary,beat,66,66.017877,,,,
30644.642,boundary,quarter,66,66.262709,,,,0.25
30748.150,boundary,half,66,66.501040,,,,
30865.445,boundary,quarter,66,66.752372,,,,0.75
30975.857,callback,beat,67,66.984204,1374.000,1378.000,4.000,
30976.006,callback,grid,67,66.984204,1374.000,1378.000,4.000,
30989.636,boundary,beat,67,67.014537,,,,
31093.181,boundary,quarter,67,67.250702,,,,0.25
31210.452,boundary,half,67,67.502033,,,,
31334.685,boundary,quarter,67,67.766365,,,,0.75
31445.059,callback,bar,68,67.998197,1843.000,1846.000,3.000,
31445.259,callback,beat,68,67.998197,1843.000,1846.000,3.000,
31445.618,callback,grid,68,67.998197,1843.000,1846.000,3.000,
31452.141,boundary,beat,68,68.013363,,,,
31555.477,boundary,quarter,68,68.253861,,,,0.25
31672.758,boundary,half,68,68.503026,,,,
31790.466,boundary,quarter,68,68.750025,,,,0.75
31893.574,callback,beat,69,68.971023,2291.000,2293.000,2.000,
31893.742,callback,grid,69,68.971023,2291.000,2293.000,2.000,
31914.254,boundary,beat,69,69.014356,,,,
32017.826,boundary,quarter,69,69.252688,,,,0.25
32141.961,boundary,half,69,69.517019,,,,
32252.370,boundary,quarter,69,69.751018,,,,0.75
32355.848,callback,beat,70,69.987183,2760.000,2764.000,4.000,
32355.991,callback,grid,70,69.987183,2760.000,2764.000,4.000,
32362.734,boundary,beat,70,70.002349,,,,
32486.951,boundary,quarter,70,70.266681,,,,0.25
32597.337,boundary,half,70,70.500679,,,,
32721.574,boundary,quarter,70,70.765011,,,,0.75
32825.056,boundary,beat,71,71.003342,,,,
32825.104,callback,beat,71,71.003342,3230.000,3233.000,3.000,
32825.225,callback,grid,71,71.003342,3230.000,3233.000,3.000,
32942.865,boundary,quarter,71,71.250341,,,,0.25
33066.661,boundary,half,71,71.514672,,,,
33170.077,boundary,quarter,71,71.750837,,,,0.75
33273.660,callback,bar,72,71.971836,3678.000,3680.000,2.000,
33273.824,callback,beat,72,71.971836,3678.000,3680.000,2.000,
33273.988,callback,grid,72,71.971836,3678.000,3680.000,2.000,
33287.414,boundary,beat,72,72.002169,,,,
33405.323,boundary,quarter,72,72.253500,,,,0.25
33528.851,boundary,half,72,72.511332,,,,
33633.033,boundary,quarter,72,72.753997,,,,0.75
33742.761,callback,beat,73,72.985829,4147.000,4148.000,1.000,
33742.957,callback,grid,73,72.985829,4147.000,4148.000,1.000,
33749.977,boundary,beat,73,73.000995,,,,
33873.861,boundary,quarter,73,73.265327,,,,0.25
33977.344,boundary,half,73,73.501492,,,,
34094.639,boundary,quarter,73,73.750657,,,,0.75
34191.260,callback,beat,74,73.954322,4595.000,4595.000,0.000,
34191.512,callback,grid,74,73.954322,4595.000,4595.000,0.000,
34218.832,boundary,beat,74,74.014988,,,,
34336.148,boundary,quarter,74,74.261987,,,,0.25
34439.666,boundary,half,74,74.502485,,,,
34556.954,boundary,quarter,74,74.751650,,,,0.75
34667.384,callback,beat,75,74.983482,5064.000,5070.000,6.000,
34667.727,callback,grid,75,74.983482,5064.000,5070.000,6.000,
34681.323,boundary,beat,75,75.018148,,,,
34798.941,boundary,quarter,75,75.262980,,,,0.25
34901.937,boundary,half,75,75.501311,,,,
35019.255,boundary,quarter,75,75.750476,,,,0.75
35136.577,callback,bar,76,75.999641,5534.000,5539.000,5.000,
35136.942,callback,beat,76,75.999641,5534.000,5539.000,5.000,
35137.131,callback,grid,76,75.999641,5534.000,5539.000,5.000,
35143.622,boundary,beat,76,76.014808,,,,
35247.077,boundary,quarter,76,76.250973,,,,0.25
35364.507,boundary,half,76,76.502304,,,,
35488.472,boundary,quarter,76,76.764469,,,,0.75
35585.093,callback,beat,77,76.968134,5982.000,5985.000,3.000,
35585.341,callback,grid,77,76.968134,5982.000,5985.000,3.000,
35605.774,boundary,beat,77,77.013634,,,,
35711.835,boundary,quarter,77,77.258466,,,,0.25
35833.453,boundary,half,77,77.518464,,,,
35950.801,boundary,quarter,77,77.763296,,,,0.75
36056.087,callback,beat,78,77.986461,6451.000,6455.000,4.000,
36056.263,callback,grid,78,77.986461,6451.000,6455.000,4.000,
36068.039,boundary,beat,78,78.010294,,,,
36171.683,boundary,quarter,78,78.252959,,,,0.25
36295.732,boundary,half,78,78.515124,,,,
36413.051,boundary,quarter,78,78.764289,,,,0.75
36516.561,boundary,beat,79,79.002620,,,,
36516.615,callback,beat,79,79.002620,6920.000,6925.000,5.000,
36516.745,callback,grid,79,79.002620,6920.000,6925.000,5.000,
36640.850,boundary,quarter,79,79.264785,,,,0.25
36758.054,boundary,half,79,79.513950,,,,
36875.390,boundary,quarter,79,79.763115,,,,0.75
36965.022,callback,bar,80,79.968947,7368.000,7371.000,3.000,
36965.218,callback,beat,80,79.968947,7368.000,7371.000,3.000,
36965.421,callback,grid,80,79.968947,7368.000,7371.000,3.000,
36979.909,boundary,beat,80,80.001447,,,,
36979.963,arrangement,layer,5,80.001447,,,,true
37096.181,boundary,quarter,80,80.250612,,,,0.25
37220.379,boundary,half,80,80.512777,,,,
37323.924,boundary,quarter,80,80.751108,,,,0.75
37434.264,callback,beat,81,80.987273,7838.000,7841.000,3.000,
37434.634,callback,grid,81,80.987273,7838.000,7841.000,3.000,
37441.245,boundary,beat,81,81.002440,,,,
37565.377,boundary,quarter,81,81.266771,,,,0.25
37682.644,boundary,half,81,81.511603,,,,
37786.168,boundary,quarter,81,81.752101,,,,0.75
37903.458,boundary,beat,82,82.001266,,,,
37903.515,callback,beat,82,82.001266,8307.000,8309.000,2.000,
37903.648,callback,grid,82,82.001266,8307.000,8309.000,2.000,
38027.797,boundary,quarter,82,82.263431,,,,0.25
38131.211,boundary,half,82,82.501763,,,,
38248.454,boundary,quarter,82,82.750928,,,,0.75
38351.912,callback,beat,83,82.967593,8755.000,8755.000,0.000,
38352.241,callback,grid,83,82.967593,8755.000,8755.000,0.000,
38372.723,boundary,beat,83,83.015259,,,,
38490.020,boundary,quarter,83,83.262258,,,,0.25
38593.463,boundary,half,83,83.502756,,,,
38717.646,boundary,quarter,83,83.767087,,,,0.75
38821.162,callback,bar,84,83.983753,9224.000,9224.000,0.000,
38822.533,callback,beat,84,83.983753,9224.000,9224.000,0.000,
38823.138,callback,grid,84,83.983753,9224.000,9224.000,0.000,
38834.958,boundary,beat,84,84.011919,,,,
38953.500,boundary,quarter,84,84.265417,,,,0.25
39055.902,boundary,half,84,84.501582,,,,
39180.164,boundary,quarter,84,84.763747,,,,0.75
39276.542,callback,beat,85,84.965246,9672.000,9677.000,5.000,
39276.662,callback,grid,85,84.965246,9672.000,9677.000,5.000,
39297.272,boundary,beat,85,85.015079,,,,
39400.733,boundary,quarter,85,85.251244,,,,0.25
39524.932,boundary,half,85,85.515575,,,,
39642.268,boundary,quarter,85,85.764740,,,,0.75
39745.731,callback,beat,86,85.983572,10142.000,10146.000,4.000,
39745.869,callback,grid,86,85.983572,10142.000,10146.000,4.000,
39759.535,boundary,beat,86,86.011739,,,,
39863.038,boundary,quarter,86,86.252237,,,,0.25
39987.235,boundary,half,86,86.514402,,,,
40104.562,boundary,quarter,86,86.763567,,,,0.75
40215.264,callback,beat,87,86.999732,10611.000,10615.000,4.000,
40215.455,callback,grid,87,86.999732,10611.000,10615.000,4.000,
40222.530,boundary,beat,87,87.012732,,,,
40325.357,boundary,quarter,87,87.251063,,,,0.25
40442.668,boundary,half,87,87.500228,,,,
40567.022,boundary,quarter,87,87.760227,,,,0.75
40656.582,callback,bar,88,87.970392,11059.000,11064.000,5.000,
40656.807,callback,beat,88,87.970392,11059.000,11064.000,5.000,
40657.023,callback,grid,88,87.970392,11059.000,11064.000,5.000,
40670.356,boundary,beat,88,88.000725,,,,
40788.542,boundary,quarter,88,88.252056,,,,0.25
40906.238,boundary,half,88,88.501221,,,,
41016.213,boundary,quarter,88,88.752553,,,,0.75
41126.624,callback,beat,89,88.986551,11528.000,11533.000,5.000,
41126.756,callback,grid,89,88.986551,11528.000,11533.000,5.000,
41133.569,boundary,beat,89,89.001718,,,,
41257.728,boundary,quarter,89,89.266049,,,,0.25
41368.113,boundary,half,89,89.500048,,,,
41478.600,boundary,quarter,89,89.753546,,,,0.75
41595.840,boundary,beat,90,90.002711,,,,
41595.882,callback,beat,90,90.002711,11998.000,12002.000,4.000,
41595.988,callback,grid,90,90.002711,11998.000,12002.000,4.000,
41715.664,boundary,quarter,90,90.254043,,,,0.25
41832.939,boundary,half,90,90.503208,,,,
41943.339,boundary,quarter,90,90.758872,,,,0.75
42047.478,callback,beat,91,90.977704,12446.000,12452.000,6.000,
42048.530,callback,grid,91,90.977704,12446.000,12452.000,6.000,
42060.647,boundary,beat,91,91.005871,,,,
42209.742,boundary,quarter,91,91.326535,,,,0.25
42290.371,boundary,half,91,91.512867,,,,
42407.673,boundary,quarter,91,91.762032,,,,0.75
42519.910,callback,bar,92,91.998197,12915.000,12923.000,8.000,
42520.359,callback,beat,92,91.998197,12915.000,12923.000,8.000,
42520.695,callback,grid,92,91.998197,12915.000,12923.000,8.000,
42521.027,boundary,beat,92,92.000364,,,,
42644.123,boundary,quarter,92,92.264695,,,,0.25
42747.667,boundary,half,92,92.503027,,,,
42871.828,boundary,quarter,92,92.767359,,,,0.75
42982.206,callback,beat,93,92.999190,13384.000,13385.000,1.000,
42982.384,callback,grid,93,92.999190,13384.000,13385.000,1.000,
42989.098,boundary,beat,93,93.012190,,,,
43106.459,boundary,quarter,93,93.261355,,,,0.25
43216.775,boundary,half,93,93.517020,,,,
43327.209,boundary,quarter,93,93.751018,,,,0.75
43437.582,callback,beat,94,93.980684,13832.000,13838.000,6.000,
43437.701,callback,grid,94,93.980684,13832.000,13838.000,6.000,
43451.403,boundary,beat,94,94.015350,,,,
43555.023,boundary,quarter,94,94.251515,,,,0.25
43672.165,boundary,half,94,94.500680,,,,
43796.405,boundary,quarter,94,94.765011,,,,0.75
43906.792,callback,beat,95,94.999010,14302.000,14307.000,5.000,
43906.901,callback,grid,95,94.999010,14302.000,14307.000,5.000,
43913.690,boundary,beat,95,95.012010,,,,
44017.376,boundary,quarter,95,95.250341,,,,0.25
44141.463,boundary,half,95,95.514673,,,,
44258.702,boundary,quarter,95,95.761671,,,,0.75
44362.169,boundary,beat,96,96.002170,,,,
44362.210,arrangement,transition,6,96.002170,,,,alternate
44486.416,boundary,quarter,96,96.264334,,,,0.25
44599.847,boundary,half,96,96.502666,,,,
44721.716,boundary,quarter,96,96.762664,,,,0.75
44817.643,callback,beat,97,96.985829,450.000,456.000,6.000,
44817.804,callback,grid,97,96.985829,450.000,456.000,6.000,
44824.528,boundary,beat,97,97.000996,,,,
44941.822,boundary,quarter,97,97.250161,,,,0.25
45065.958,boundary,half,97,97.510159,,,,
45169.490,boundary,quarter,97,97.750657,,,,0.75
45286.791,callback,beat,98,97.999822,919.000,924.000,5.000,
45287.071,callback,grid,98,97.999822,919.000,924.000,5.000,
45293.667,boundary,beat,98,98.014989,,,,
45411.441,boundary,quarter,98,98.264154,,,,0.25
45528.336,boundary,half,98,98.513319,,,,
45638.710,boundary,quarter,98,98.764650,,,,0.75
45735.272,callback,beat,99,98.968316,1367.000,1371.000,4.000,
45735.379,callback,grid,99,98.968316,1367.000,1371.000,4.000,
45756.009,boundary,beat,99,99.013815,,,,
45873.557,boundary,quarter,99,99.262980,,,,0.25
45990.573,boundary,half,99,99.509979,,,,
46094.106,boundary,quarter,99,99.750477,,,,0.75
46201.498,callback,bar,100,99.975809,1836.000,1836.000,0.000,
46201.735,callback,beat,100,99.975809,1836.000,1836.000,0.000,
46201.864,callback,grid,100,99.975809,1836.000,1836.000,0.000,
46218.310,boundary,beat,100,100.012642,,,,
46335.614,boundary,quarter,100,100.261807,,,,0.25
46439.610,boundary,half,100,100.502305,,,,
46563.304,boundary,quarter,100,100.766637,,,,0.75
46673.685,callback,beat,101,100.998468,2306.000,2308.000,2.000,
46673.801,callback,grid,101,100.998468,2306.000,2308.000,2.000,
46680.589,boundary,beat,101,101.013635,,,,
46797.893,boundary,quarter,101,101.258467,,,,0.25
46901.400,boundary,half,101,101.501132,,,,
47025.601,boundary,quarter,101,101.763296,,,,0.75
47122.226,callback,beat,102,101.966962,2754.000,2755.000,1.000,
47122.411,callback,grid,102,101.966962,2754.000,2755.000,1.000,
47142.982,boundary,beat,102,102.012461,,,,
47260.177,boundary,quarter,102,102.261626,,,,0.25
47370.623,boundary,half,102,102.512958,,,,
47487.940,boundary,quarter,102,102.762123,,,,0.75
47591.402,callback,beat,103,102.980955,3223.000,3223.000,0.000,
47591.536,callback,grid,103,102.980955,3223.000,3223.000,0.000,
47605.182,boundary,beat,103,103.011288,,,,
47715.568,boundary,quarter,103,103.266953,,,,0.25
47832.923,boundary,half,103,103.513951,,,,
47950.190,boundary,quarter,103,103.760949,,,,0.75
48060.615,boundary,beat,104,104.014447,,,,
48067.474,callback,bar,104,104.014447,3692.000,3698.000,6.000,
48067.602,callback,beat,104,104.014447,3692.000,3698.000,6.000,
48067.689,callback,grid,104,104.014447,3692.000,3698.000,6.000,
48177.922,boundary,quarter,104,104.263612,,,,0.25
48295.193,boundary,half,104,104.514944,,,,
48412.582,boundary,quarter,104,104.761942,,,,0.75
48502.169,callback,beat,105,104.969941,4140.000,4141.000,1.000,
48502.395,callback,grid,105,104.969941,4140.000,4141.000,1.000,
48522.898,boundary,beat,105,105.013274,,,,
48640.177,boundary,quarter,105,105.264606,,,,0.25
48757.509,boundary,half,105,105.511604,,,,
48874.792,boundary,quarter,105,105.760769,,,,0.75
48971.365,callback,beat,106,105.986101,4610.000,4610.000,0.000,
48971.489,callback,grid,106,105.986101,4610.000,4610.000,0.000,
48978.306,boundary,beat,106,106.001267,,,,
49102.507,boundary,quarter,106,106.265599,,,,0.25
49219.769,boundary,half,106,106.510430,,,,
49323.288,boundary,quarter,106,106.750929,,,,0.75
49426.844,callback,beat,107,106.967594,5058.000,5063.000,5.000,
49431.907,callback,grid,107,106.967594,5058.000,5063.000,5.000,
49447.503,boundary,beat,107,107.015260,,,,
49564.811,boundary,quarter,107,107.262258,,,,0.25
49682.142,boundary,half,107,107.513590,,,,
49792.518,boundary,quarter,107,107.764922,,,,0.75
49896.001,callback,bar,108,107.981587,5527.000,5531.000,4.000,
49896.149,callback,beat,108,107.981587,5527.000,5531.000,4.000,
49896.226,callback,grid,108,107.981587,5527.000,5531.000,4.000,
49909.809,boundary,beat,108,108.011920,,,,
50027.263,boundary,quarter,108,108.263251,,,,0.25
50144.392,boundary,half,108,108.510250,,,,
50254.773,boundary,quarter,108,108.765915,,,,0.75
50365.196,callback,beat,109,108.997746,5996.000,6000.000,4.000,
50365.336,callback,grid,109,108.997746,5996.000,6000.000,4.000,
50373.173,boundary,beat,109,109.012913,,,,
50489.437,boundary,quarter,109,109.259911,,,,0.25
50592.859,boundary,half,109,109.500410,,,,
50717.075,boundary,quarter,109,109.764741,,,,0.75
50813.700,callback,beat,110,109.964073,6444.000,6446.000,2.000,
50813.860,callback,grid,110,109.964073,6444.000,6446.000,2.000,
50834.411,boundary,beat,110,110.013906,,,,
50951.684,boundary,quarter,110,110.258738,,,,0.25
51062.070,boundary,half,110,110.516569,,,,
51179.375,boundary,quarter,110,110.763567,,,,0.75
51282.885,callback,beat,111,110.980233,6914.000,6915.000,1.000,
51283.003,callback,grid,111,110.980233,6914.000,6915.000,1.000,
51296.708,boundary,beat,111,111.010566,,,,
51407.099,boundary,quarter,111,111.264064,,,,0.25
51524.369,boundary,half,111,111.513229,,,,
51641.710,boundary,quarter,111,111.762394,,,,0.75
51752.117,callback,bar,112,111.996392,7383.000,7384.000,1.000,
51752.260,callback,beat,112,111.996392,7383.000,7384.000,1.000,
51752.400,callback,grid,112,111.996392,7383.000,7384.000,1.000,
51759.032,boundary,beat,112,112.009392,,,,
51759.089,arrangement,layer,7,112.009392,,,,false
51869.718,boundary,quarter,112,112.265057,,,,0.25
51986.694,boundary,half,112,112.514222,,,,
52104.058,boundary,quarter,112,112.759054,,,,0.75
52193.675,callback,beat,113,112.969219,7831.000,7833.000,2.000,
52193.799,callback,grid,113,112.969219,7831.000,7833.000,2.000,
52214.367,boundary,beat,113,113.014719,,,,
52331.682,boundary,quarter,113,113.263884,,,,0.25
52448.966,boundary,half,113,113.510882,,,,
52566.291,boundary,quarter,113,113.762213,,,,0.75
52662.885,callback,beat,114,113.983212,8300.000,8301.000,1.000,
52663.101,callback,grid,114,113.983212,8300.000,8301.000,1.000,
52676.663,boundary,beat,114,114.013545,,,,
52793.987,boundary,quarter,114,114.262710,,,,0.25
52911.258,boundary,half,114,114.511875,,,,
53028.605,boundary,quarter,114,114.758873,,,,0.75
53112.390,callback,beat,115,114.953872,8748.000,8749.000,1.000,
53112.585,callback,grid,115,114.953872,8748.000,8749.000,1.000,
53132.123,boundary,beat,115,115.001538,,,,
53256.320,boundary,quarter,115,115.259370,,,,0.25
53373.662,boundary,half,115,115.510701,,,,
53477.155,boundary,quarter,115,115.751200,,,,0.75
53582.104,callback,bar,116,115.972198,9218.000,9219.000,1.000,
53582.373,callback,beat,116,115.972198,9218.000,9219.000,1.000,
53582.702,callback,grid,116,115.972198,9218.000,9219.000,1.000,
53601.348,boundary,beat,116,116.015531,,,,
53718.606,boundary,quarter,116,116.262529,,,,0.25
53835.925,boundary,half,116,116.507361,,,,
53946.323,boundary,quarter,116,116.765193,,,,0.75
54056.693,callback,beat,117,116.997024,9687.000,9692.000,5.000,
54056.825,callback,grid,117,116.997024,9687.000,9692.000,5.000,
54063.591,boundary,beat,117,117.012191,,,,
54180.928,boundary,quarter,117,117.259189,,,,0.25
54298.176,boundary,half,117,117.510521,,,,
54408.844,boundary,quarter,117,117.761852,,,,0.75
54505.189,callback,beat,118,117.965518,10135.000,10139.000,4.000,
54505.295,callback,grid,118,117.965518,10135.000,10139.000,4.000,
54525.877,boundary,beat,118,118.011017,,,,
54643.180,boundary,quarter,118,118.260182,,,,0.25
54753.641,boundary,half,118,118.515847,,,,
54870.958,boundary,quarter,118,118.762846,,,,0.75
54974.431,callback,beat,119,118.979511,10604.000,10607.000,3.000,
54974.569,callback,grid,119,118.979511,10604.000,10607.000,3.000,
54988.230,boundary,beat,119,119.009844,,,,
55100.442,boundary,quarter,119,119.263342,,,,0.25
55215.899,boundary,half,119,119.512507,,,,
55333.994,boundary,quarter,119,119.763839,,,,0.75
55443.601,callback,bar,120,119.995670,11074.000,11076.000,2.000,
55443.742,callback,beat,120,119.995670,11074.000,11076.000,2.000,
55443.824,callback,grid,120,119.995670,11074.000,11076.000,2.000,
55450.519,boundary,beat,120,120.010837,,,,
55561.041,boundary,quarter,120,120.262168,,,,0.25
55678.207,boundary,half,120,120.513500,,,,
55795.497,boundary,quarter,120,120.760498,,,,0.75
55892.081,callback,beat,121,120.966330,11522.000,11522.000,0.000,
55892.212,callback,grid,121,120.966330,11522.000,11522.000,0.000,
55912.773,boundary,beat,121,121.009663,,,,
56016.303,boundary,quarter,121,121.250162,,,,0.25
56140.569,boundary,half,121,121.510160,,,,
56257.829,boundary,quarter,121,121.759325,,,,0.75
56354.416,callback,beat,122,121.984657,11991.000,11994.000,3.000,
56354.554,callback,grid,122,121.984657,11991.000,11994.000,3.000,
56368.193,boundary,beat,122,122.014990,,,,
56485.894,boundary,quarter,122,122.264155,,,,0.25
56602.821,boundary,half,122,122.511153,,,,
56720.127,boundary,quarter,122,122.758151,,,,0.75
56828.707,boundary,beat,123,123.009483,,,,
56828.772,callback,beat,123,123.009483,12460.000,12467.000,7.000,
56829.081,callback,grid,123,123.009483,12460.000,12467.000,7.000,
56947.799,boundary,quarter,123,123.260814,,,,0.25
57065.360,boundary,half,123,123.512146,,,,
57182.405,boundary,quarter,123,123.759144,,,,0.75
57272.148,callback,bar,124,123.967143,12908.000,12909.000,1.000,
57272.333,callback,beat,124,123.967143,12908.000,12909.000,1.000,
57272.440,callback,grid,124,123.967143,12908.000,12909.000,1.000,
57292.779,boundary,beat,124,124.014809,,,,
57410.118,boundary,quarter,124,124.261808,,,,0.25
57527.383,boundary,half,124,124.508806,,,,
57637.794,boundary,quarter,124,124.764471,,,,0.75
57741.308,callback,beat,125,124.983303,13378.000,13378.000,0.000,
57741.451,callback,grid,125,124.983303,13378.000,13378.000,0.000,
57755.119,boundary,beat,125,125.013636,,,,
57872.410,boundary,quarter,125,125.262801,,,,0.25
57989.698,boundary,half,125,125.507632,,,,
58100.087,boundary,quarter,125,125.763297,,,,0.75
58196.751,callback,beat,126,125.964796,13826.000,13831.000,5.000,
58196.962,callback,grid,126,125.964796,13826.000,13831.000,5.000,
58217.436,boundary,beat,126,126.012462,,,,
58334.710,boundary,quarter,126,126.259460,,,,0.25
58445.070,boundary,half,126,126.512959,,,,
58562.399,boundary,quarter,126,126.762124,,,,0.75
58665.934,callback,beat,127,126.978789,14295.000,14299.000,4.000,
58666.209,callback,grid,127,126.978789,14295.000,14299.000,4.000,
58679.726,boundary,beat,127,127.009122,,,,
58797.037,boundary,quarter,127,127.260453,,,,0.25
58907.393,boundary,half,127,127.513952,,,,
59024.721,boundary,quarter,127,127.763117,,,,0.75
59142.037,boundary,beat,128,128.007948,,,,
59142.092,arrangement,transition,8,128.007948,,,,loop
59252.434,boundary,quarter,128,128.263613,,,,0.25
59369.669,boundary,half,128,128.512778,,,,
59487.049,boundary,quarter,128,128.757610,,,,0.75
59583.612,callback,beat,129,128.965608,443.000,445.000,2.000,
59583.777,callback,grid,129,128.965608,443.000,445.000,2.000,
59604.289,boundary,beat,129,129.008941,,,,
59714.688,boundary,quarter,129,129.262440,,,,0.25
59831.984,boundary,half,129,129.511605,,,,
59949.314,boundary,quarter,129,129.760769,,,,0.75
60052.822,callback,beat,130,129.979601,912.000,913.000,1.000,
60053.034,callback,grid,130,129.979601,912.000,913.000,1.000,
60066.588,boundary,beat,130,130.005601,,,,
60177.015,boundary,quarter,130,130.263433,,,,0.25
60294.306,boundary,half,130,130.510431,,,,
60411.627,boundary,quarter,130,130.759596,,,,0.75
60515.142,boundary,beat,131,131.000094,,,,
60515.213,callback,beat,131,131.000094,1382.000,1386.000,4.000,
60515.327,callback,grid,131,131.000094,1382.000,1386.000,4.000,
60639.330,boundary,quarter,131,131.260092,,,,0.25
60756.641,boundary,half,131,131.509257,,,,
60873.918,boundary,quarter,131,131.756256,,,,0.75
60963.579,callback,bar,132,131.966421,1830.000,1832.000,2.000,
60963.712,callback,beat,132,131.966421,1830.000,1832.000,2.000,
60963.799,callback,grid,132,131.966421,1830.000,1832.000,2.000,
60984.327,boundary,beat,132,132.014087,,,,
61101.580,boundary,quarter,132,132.261086,,,,0.25
61218.884,boundary,half,132,132.505917,,,,
61329.352,boundary,quarter,132,132.761582,,,,0.75
61432.780,callback,beat,133,132.980414,2299.000,2300.000,1.000,
61432.892,callback,grid,133,132.980414,2299.000,2300.000,1.000,
61446.582,boundary,beat,133,133.010747,,,,
61563.936,boundary,quarter,133,133.259912,,,,0.25
61681.169,boundary,half,133,133.509077,,,,
61791.625,boundary,quarter,133,133.764742,,,,0.75
61902.031,callback,beat,134,133.996574,2768.000,2769.000,1.000,
61902.182,callback,grid,134,133.996574,2768.000,2769.000,1.000,
61908.917,boundary,beat,134,134.009573,,,,
62026.240,boundary,quarter,134,134.258738,,,,0.25
62138.181,boundary,half,134,134.516570,,,,
62253.910,boundary,quarter,134,134.761402,,,,0.75
62358.043,callback,beat,135,134.978067,3216.000,3222.000,6.000,
62358.320,callback,grid,135,134.978067,3216.000,3222.000,6.000,
62371.205,boundary,beat,135,135.012733,,,,
62486.860,boundary,quarter,135,135.253232,,,,0.25
62597.915,boundary,half,135,135.508896,,,,
62714.337,boundary,quarter,135,135.758061,,,,0.75
62824.729,callback,bar,136,135.989893,3686.000,3689.000,3.000,
62824.878,callback,beat,136,135.989893,3686.000,3689.000,3.000,
62825.041,callback,grid,136,135.989893,3686.000,3689.000,3.000,
62831.667,boundary,beat,136,136.005060,,,,
62955.852,boundary,quarter,136,136.269391,,,,0.25
63059.314,boundary,half,136,136.507723,,,,
63176.602,boundary,quarter,136,136.754721,,,,0.75
63273.239,callback,beat,137,136.958386,4134.000,4136.000,2.000,
63273.386,callback,grid,137,136.958386,4134.000,4136.000,2.000,
63293.960,boundary,beat,137,137.003886,,,,
63404.347,boundary,quarter,137,137.259551,,,,0.25
63521.626,boundary,half,137,137.508716,,,,
63639.031,boundary,quarter,137,137.755714,,,,0.75
63742.438,callback,beat,138,137.976713,4603.000,4604.000,1.000,
63742.815,callback,grid,138,137.976713,4603.000,4604.000,1.000,
63756.240,boundary,beat,138,138.002712,,,,
63866.874,boundary,quarter,138,138.258377,,,,0.25
63983.927,boundary,half,138,138.505376,,,,
64101.231,boundary,quarter,138,138.756707,,,,0.75
64212.577,callback,beat,139,138.990706,5072.000,5073.000,1.000,
64213.960,callback,grid,139,138.990706,5072.000,5073.000,1.000,
64218.943,boundary,beat,139,139.001539,,,,
64329.126,boundary,quarter,139,139.257204,,,,0.25
64446.227,boundary,half,139,139.506369,,,,
64563.518,boundary,quarter,139,139.753367,,,,0.75
64653.276,callback,bar,140,139.961366,5520.000,5522.000,2.000,
64653.547,callback,beat,140,139.961366,5520.000,5522.000,2.000,
64653.768,callback,grid,140,139.961366,5520.000,5522.000,2.000,
64673.957,boundary,beat,140,140.009032,,,,
64791.212,boundary,quarter,140,140.256030,,,,0.25
64908.497,boundary,half,140,140.503029,,,,
65018.912,boundary,quarter,140,140.756527,,,,0.75
65122.487,callback,beat,141,140.977525,5990.000,5991.000,1.000,
65122.676,callback,grid,141,140.977525,5990.000,5991.000,1.000,
65136.234,boundary,beat,141,141.007858,,,,
65253.646,boundary,quarter,141,141.257023,,,,0.25
65370.801,boundary,half,141,141.501855,,,,
65481.246,boundary,quarter,141,141.757520,,,,0.75
65591.612,callback,beat,142,141.991518,6459.000,6459.000,0.000,
65591.761,callback,grid,142,141.991518,6459.000,6459.000,0.000,
65598.548,boundary,beat,142,142.006685,,,,
65715.832,boundary,quarter,142,142.253683,,,,0.25
65833.135,boundary,half,142,142.505015,,,,
65943.514,boundary,quarter,142,142.756346,,,,0.75
66047.034,callback,beat,143,142.973011,6907.000,6912.000,5.000,
66047.193,callback,grid,143,142.973011,6907.000,6912.000,5.000,
66060.845,boundary,beat,143,143.003345,,,,
66178.113,boundary,quarter,143,143.254676,,,,0.25
66288.512,boundary,half,143,143.508174,,,,
66405.925,boundary,quarter,143,143.757339,,,,0.75
66516.226,callback,bar,144,143.989171,7376.000,7381.000,5.000,
66516.378,callback,beat,144,143.989171,7376.000,7381.000,5.000,
66516.553,callback,grid,144,143.989171,7376.000,7381.000,5.000,
66523.140,boundary,beat,144,144.004338,,,,
66523.195,arrangement,layer,9,144.004338,,,,true
66640.423,boundary,quarter,144,144.251336,,,,0.25
66750.788,boundary,half,144,144.507001,,,,
66868.122,boundary,quarter,144,144.756166,,,,0.75
66985.399,boundary,beat,145,145.005331,,,,
66985.441,callback,beat,145,145.005331,7846.000,7850.000,4.000,
66985.593,callback,grid,145,145.005331,7846.000,7850.000,4.000,
67102.684,boundary,quarter,145,145.250162,,,,0.25
67213.102,boundary,half,145,145.507994,,,,
67330.420,boundary,quarter,145,145.754992,,,,0.75
67433.951,callback,beat,146,145.971657,8294.000,8296.000,2.000,
67434.098,callback,grid,146,145.971657,8294.000,8296.000,2.000,
67447.722,boundary,beat,146,146.001991,,,,
67558.178,boundary,quarter,146,146.259822,,,,0.25
67675.545,boundary,half,146,146.504654,,,,
67793.328,boundary,quarter,146,146.755985,,,,0.75
67903.108,callback,beat,147,146.994317,8763.000,8765.000,2.000,
67903.239,callback,grid,147,146.994317,8763.000,8765.000,2.000,
67910.046,boundary,beat,147,147.002984,,,,
68020.432,boundary,quarter,147,147.256482,,,,0.25
68137.698,boundary,half,147,147.505647,,,,
68255.011,boundary,quarter,147,147.752645,,,,0.75
68344.729,callback,bar,148,147.960644,9211.000,9214.000,3.000,
68345.001,callback,beat,148,147.960644,9211.000,9214.000,3.000,
68345.216,callback,grid,148,147.960644,9211.000,9214.000,3.000,
68365.408,boundary,beat,148,148.006143,,,,
68482.714,boundary,quarter,148,148.255308,,,,0.25
68599.996,boundary,half,148,148.504473,,,,
68717.324,boundary,quarter,148,148.753638,,,,0.75
68813.947,callback,beat,149,148.974637,9680.000,9682.000,2.000,
68814.094,callback,grid,149,148.974637,9680.000,9682.000,2.000,
68827.723,boundary,beat,149,149.004970,,,,
68945.032,boundary,quarter,149,149.256301,,,,0.25
69062.372,boundary,half,149,149.503300,,,,
69172.707,boundary,quarter,149,149.756798,,,,0.75
69283.144,callback,beat,150,149.992963,10150.000,10152.000,2.000,
69283.312,callback,grid,150,149.992963,10150.000,10152.000,2.000,
69290.016,boundary,beat,150,150.008129,,,,
69407.526,boundary,quarter,150,150.252961,,,,0.25
69524.664,boundary,half,150,150.502126,,,,
69635.015,boundary,quarter,150,150.757791,,,,0.75
69732.232,callback,beat,151,150.961456,10598.000,10599.000,1.000,
69732.863,callback,grid,151,150.961456,10598.000,10599.000,1.000,
69753.001,boundary,beat,151,151.006956,,,,
69869.622,boundary,quarter,151,151.253954,,,,0.25
69986.950,boundary,half,151,151.500953,,,,
70097.290,boundary,quarter,151,151.756617,,,,0.75
70207.735,callback,bar,152,151.988449,11067.000,11073.000,6.000,
70207.927,callback,beat,152,151.988449,11067.000,11073.000,6.000,
70208.045,callback,grid,152,151.988449,11067.000,11073.000,6.000,
70214.619,boundary,beat,152,152.003616,,,,
70331.922,boundary,quarter,152,152.252781,,,,0.25
70442.287,boundary,half,152,152.508446,,,,
70559.618,boundary,quarter,152,152.753277,,,,0.75
70676.926,boundary,beat,153,153.004609,,,,
70676.981,callback,beat,153,153.004609,11536.000,11542.000,6.000,
70677.148,callback,grid,153,153.004609,11536.000,11542.000,6.000,
70794.221,boundary,quarter,153,153.251607,,,,0.25
70904.630,boundary,half,153,153.507272,,,,
71021.960,boundary,quarter,153,153.756437,,,,0.75
71125.406,callback,beat,154,153.970935,11984.000,11988.000,4.000,
71125.534,callback,grid,154,153.970935,11984.000,11988.000,4.000,
71139.234,boundary,beat,154,154.001269,,,,
71250.215,boundary,quarter,154,154.256933,,,,0.25
71366.909,boundary,half,154,154.503932,,,,
71484.311,boundary,quarter,154,154.755263,,,,0.75
71594.611,callback,beat,155,154.987095,12454.000,12457.000,3.000,
71594.738,callback,grid,155,154.987095,12454.000,12457.000,3.000,
71602.311,boundary,beat,155,155.004428,,,,
71711.933,boundary,quarter,155,155.260093,,,,0.25
71829.179,boundary,half,155,155.504925,,,,
71946.530,boundary,quarter,155,155.751923,,,,0.75
72056.922,boundary,beat,156,156.007588,,,,
72063.809,callback,bar,156,156.007588,12923.000,12925.000,2.000,
72063.947,callback,beat,156,156.007588,12923.000,12925.000,2.000,
72064.028,callback,grid,156,156.007588,12923.000,12925.000,2.000,
72174.360,boundary,quarter,156,156.256753,,,,0.25
72291.497,boundary,half,156,156.505918,,,,
72408.837,boundary,quarter,156,156.750750,,,,0.75
72505.438,callback,beat,157,156.976081,13371.000,13375.000,4.000,
72505.639,callback,grid,157,156.976081,13371.000,13375.000,4.000,
72519.265,boundary,beat,157,157.006414,,,,
72636.506,boundary,quarter,157,157.255579,,,,0.25
72753.826,boundary,half,157,157.502578,,,,
72872.145,boundary,quarter,157,157.753909,,,,0.75
72975.117,callback,beat,158,157.992241,13840.000,13844.000,4.000,
72975.723,callback,grid,158,157.992241,13840.000,13844.000,4.000,
72981.920,boundary,beat,158,158.005241,,,,
73098.915,boundary,quarter,158,158.252239,,,,0.25
73216.115,boundary,half,158,158.503571,,,,
73327.028,boundary,quarter,158,158.759236,,,,0.75
73423.118,callback,beat,159,158.958568,14288.000,14290.000,2.000,
73423.258,callback,grid,159,158.958568,14288.000,14290.000,2.000,
73443.892,boundary,beat,159,159.006234,,,,
73561.103,boundary,quarter,159,159.253232,,,,0.25
73678.397,boundary,half,159,159.500231,,,,
73788.828,boundary,quarter,159,159.755895,,,,0.75
73906.146,boundary,beat,160,160.005060,,,,
73906.200,arrangement,transition,10,160.005060,,,,alternate
74023.403,boundary,quarter,160,160.254225,,,,0.25
74147.637,boundary,half,160,160.514224,,,,
74251.126,boundary,quarter,160,160.756889,,,,0.75
74361.534,callback,beat,161,160.988720,458.000,458.000,0.000,
74361.687,callback,grid,161,160.988720,458.000,458.000,0.000,
74368.521,boundary,beat,161,161.003887,,,,
74485.704,boundary,quarter,161,161.250885,,,,0.25
74596.107,boundary,half,161,161.508717,,,,
74713.511,boundary,quarter,161,161.753548,,,,0.75
74816.913,callback,beat,162,161.972380,906.000,912.000,6.000,
74817.076,callback,grid,162,161.972380,906.000,912.000,6.000,
74830.760,boundary,beat,162,162.000547,,,,
74951.872,boundary,quarter,162,162.258378,,,,0.25
75058.461,boundary,half,162,162.505376,,,,
75175.750,boundary,quarter,162,162.754541,,,,0.75
75286.117,callback,beat,163,162.986373,1375.000,1380.000,5.000,
75286.297,callback,grid,163,162.986373,1375.000,1380.000,5.000,
75293.077,boundary,beat,163,163.001540,,,,
75403.394,boundary,quarter,163,163.255038,,,,0.25
75520.770,boundary,half,163,163.504203,,,,
75638.040,boundary,quarter,163,163.753368,,,,0.75
75755.323,boundary,beat,164,164.002533,,,,
75755.380,callback,bar,164,164.002533,1845.000,1849.000,4.000,
75755.539,callback,beat,164,164.002533,1845.000,1849.000,4.000,
75755.665,callback,grid,164,164.002533,1845.000,1849.000,4.000,
75865.703,boundary,quarter,164,164.253864,,,,0.25
75983.004,boundary,half,164,164.505196,,,,
76100.383,boundary,quarter,164,164.750028,,,,0.75
76196.925,callback,beat,165,164.977526,2293.000,2299.000,6.000,
76197.073,callback,grid,165,164.977526,2293.000,2299.000,6.000,
76211.031,boundary,beat,165,165.005692,,,,
76328.017,boundary,quarter,165,165.257024,,,,0.25
76445.320,boundary,half,165,165.501856,,,,
76562.674,boundary,quarter,165,165.751021,,,,0.75
76666.128,callback,beat,166,165.991519,2762.000,2767.000,5.000,
76666.317,callback,grid,166,165.991519,2762.000,2767.000,5.000,
76673.017,boundary,beat,166,166.006686,,,,
76790.345,boundary,quarter,166,166.253684,,,,0.25
76907.750,boundary,half,166,166.502849,,,,
77032.450,boundary,quarter,166,166.769347,,,,0.75
77133.367,boundary,beat,167,167.001179,,,,
77133.417,callback,beat,167,167.001179,3210.000,3233.000,23.000,
77133.607,callback,grid,167,167.001179,3210.000,3233.000,23.000,
77252.386,boundary,quarter,167,167.252510,,,,0.25
77371.460,boundary,half,167,167.506009,,,,
77481.891,boundary,quarter,167,167.759507,,,,0.75
77585.376,callback,bar,168,167.976172,3679.000,3683.000,4.000,
77585.503,callback,beat,168,167.976172,3679.000,3683.000,4.000,
77585.593,callback,grid,168,167.976172,3679.000,3683.000,4.000,
77599.143,boundary,beat,168,168.006505,,,,
77716.470,boundary,quarter,168,168.255670,,,,0.25
77833.754,boundary,half,168,168.502668,,,,
77944.185,boundary,quarter,168,168.760500,,,,0.75
78054.616,callback,beat,169,168.992332,4149.000,4152.000,3.000,
78054.781,callback,grid,169,168.992332,4149.000,4152.000,3.000,
78061.932,boundary,beat,169,169.009665,,,,
78178.795,boundary,quarter,169,169.252330,,,,0.25
78289.221,boundary,half,169,169.507995,,,,
78406.480,boundary,quarter,169,169.757160,,,,0.75
78503.116,callback,beat,170,169.960825,4597.000,4599.000,2.000,
78503.265,callback,grid,170,169.960825,4597.000,4599.000,2.000,
78523.800,boundary,beat,170,170.006325,,,,
78641.726,boundary,quarter,170,170.255489,,,,0.25
78751.481,boundary,half,170,170.511154,,,,
78868.808,boundary,quarter,170,170.755986,,,,0.75
78972.276,callback,beat,171,170.974818,5066.000,5067.000,1.000,
78972.427,callback,grid,171,170.974818,5066.000,5067.000,1.000,
78986.105,boundary,beat,171,171.005151,,,,
79096.458,boundary,quarter,171,171.258649,,,,0.25
79213.789,boundary,half,171,171.507814,,,,
79331.090,boundary,quarter,171,171.759146,,,,0.75
79441.452,callback,bar,172,171.988811,5535.000,5535.000,0.000,
79441.560,callback,beat,172,171.988811,5535.000,5535.000,0.000,
79441.619,callback,grid,172,171.988811,5535.000,5535.000,0.000,
79448.346,boundary,beat,172,172.003977,,,,
79558.859,boundary,quarter,172,172.257476,,,,0.25
79676.337,boundary,half,172,172.508807,,,,
79793.400,boundary,quarter,172,172.755806,,,,0.75
79896.868,callback,beat,173,172.976804,5983.000,5989.000,6.000,
79896.989,callback,grid,173,172.976804,5983.000,5989.000,6.000,
79910.700,boundary,beat,173,173.000637,,,,
80021.093,boundary,quarter,173,173.258469,,,,0.25
80138.362,boundary,half,173,173.505467,,,,
80255.781,boundary,quarter,173,173.754632,,,,0.75
80352.289,callback,beat,174,173.979964,6453.000,6454.000,1.000,
80352.591,callback,grid,174,173.979964,6453.000,6454.000,1.000,
80366.080,boundary,beat,174,174.010297,,,,
80484.076,boundary,quarter,174,174.261628,,,,0.25
80600.673,boundary,half,174,174.504293,,,,
80717.995,boundary,quarter,174,174.753458,,,,0.75
80821.501,callback,beat,175,174.993957,6922.000,6922.000,0.000,
80821.664,callback,grid,175,174.993957,6922.000,6922.000,0.000,
80828.381,boundary,beat,175,175.009123,,,,
80945.718,boundary,quarter,175,175.256122,,,,0.25
81062.948,boundary,half,175,175.507453,,,,
81180.247,boundary,quarter,175,175.752285,,,,0.75
81276.907,callback,bar,176,175.977617,7370.000,7376.000,6.000,
81277.048,callback,beat,176,175.977617,7370.000,7376.000,6.000,
81277.125,callback,grid,176,175.977617,7370.000,7376.000,6.000,
81290.760,boundary,beat,176,176.005783,,,,
81290.835,arrangement,layer,11,176.005783,,,,false
81408.005,boundary,quarter,176,176.257115,,,,0.25
81525.273,boundary,half,176,176.504113,,,,
81635.719,boundary,quarter,176,176.759778,,,,0.75
81746.099,callback,beat,177,176.991610,7839.000,7844.000,5.000,
81746.251,callback,grid,177,176.991610,7839.000,7844.000,5.000,
81752.994,boundary,beat,177,177.006776,,,,
81870.336,boundary,quarter,177,177.253774,,,,0.25
81980.686,boundary,half,177,177.507273,,,,
82095.228,boundary,quarter,177,177.752104,,,,0.75
82197.279,callback,beat,178,177.964436,8287.000,8293.000,6.000,
82197.481,callback,grid,178,177.964436,8287.000,8293.000,6.000,
82215.285,boundary,beat,178,178.007769,,,,
82332.553,boundary,quarter,178,178.252601,,,,0.25
82442.959,boundary,half,178,178.508266,,,,
82560.252,boundary,quarter,178,178.757431,,,,0.75
82663.763,callback,beat,179,178.974096,8757.000,8759.000,2.000,
82663.877,callback,grid,179,178.974096,8757.000,8759.000,2.000,
82677.580,boundary,beat,179,179.004429,,,,
82794.849,boundary,quarter,179,179.253594,,,,0.25
82905.256,boundary,half,179,179.507092,,,,
83022.571,boundary,quarter,179,179.756257,,,,0.75
83132.939,callback,bar,180,179.990256,9226.000,9228.000,2.000,
83133.124,callback,beat,180,179.990256,9226.000,9228.000,2.000,
83133.293,callback,grid,180,179.990256,9226.000,9228.000,2.000,
83139.898,boundary,beat,180,180.005422,,,,
83250.254,boundary,quarter,180,180.258920,,,,0.25
83367.581,boundary,half,180,180.508085,,,,
83484.924,boundary,quarter,180,180.755084,,,,0.75
83581.481,callback,beat,181,180.960915,9674.000,9674.000,0.000,
83581.592,callback,grid,181,180.960915,9674.000,9674.000,0.000,
83602.935,boundary,beat,181,181.006415,,,,
83716.246,boundary,quarter,181,181.262080,,,,0.25
83829.878,boundary,half,181,181.506912,,,,
83947.283,boundary,quarter,181,181.756077,,,,0.75
84057.606,callback,beat,182,181.990075,10143.000,10149.000,6.000,
84057.780,callback,grid,182,181.990075,10143.000,10149.000,6.000,
84064.458,boundary,beat,182,182.000908,,,,
84175.002,boundary,quarter,182,182.258740,,,,0.25
84292.179,boundary,half,182,182.505738,,,,
84409.491,boundary,quarter,182,182.752736,,,,0.75
84512.951,callback,beat,183,182.995401,10613.000,10615.000,2.000,
84513.062,callback,grid,183,182.995401,10613.000,10615.000,2.000,
84519.848,boundary,beat,183,183.008401,,,,
84637.183,boundary,quarter,183,183.255400,,,,0.25
84754.503,boundary,half,183,183.504565,,,,
84871.957,boundary,quarter,183,183.753730,,,,0.75
84961.477,callback,bar,184,183.961728,11061.000,11061.000,0.000,
84961.643,callback,beat,184,183.961728,11061.000,11061.000,0.000,
84962.086,callback,grid,184,183.961728,11061.000,11061.000,0.000,
84982.200,boundary,beat,184,184.009394,,,,
85099.482,boundary,quarter,184,184.256393,,,,0.25
85216.752,boundary,half,184,184.501224,,,,
85327.253,boundary,quarter,184,184.756889,,,,0.75
85437.614,callback,beat,185,184.990888,11530.000,11536.000,6.000,
85437.788,callback,grid,185,184.990888,11530.000,11536.000,6.000,
85444.463,boundary,beat,185,185.006054,,,,
85561.789,boundary,quarter,185,185.255219,,,,0.25
85679.122,boundary,half,185,185.504384,,,,
85789.476,boundary,quarter,185,185.755716,,,,0.75
85906.909,boundary,beat,186,186.007047,,,,
85906.992,callback,beat,186,186.007047,11999.000,12005.000,6.000,
85907.175,callback,grid,186,186.007047,11999.000,12005.000,6.000,
86024.109,boundary,quarter,186,186.254046,,,,0.25
86134.467,boundary,half,186,186.507544,,,,
86251.762,boundary,quarter,186,186.756709,,,,0.75
86355.355,callback,beat,187,186.973374,12447.000,12451.000,4.000,
86355.582,callback,grid,187,186.973374,12447.000,12451.000,4.000,
86369.070,boundary,beat,187,187.003707,,,,
86486.362,boundary,quarter,187,187.252872,,,,0.25
86596.789,boundary,half,187,187.506370,,,,
86714.063,boundary,quarter,187,187.757702,,,,0.75
86824.479,callback,bar,188,187.989534,12917.000,12920.000,3.000,
86824.593,callback,beat,188,187.989534,12917.000,12920.000,3.000,
86824.710,callback,grid,188,187.989534,12917.000,12920.000,3.000,
86831.352,boundary,beat,188,188.004700,,,,
86955.795,boundary,quarter,188,188.269032,,,,0.25
87060.456,boundary,half,188,188.509530,,,,
87176.389,boundary,quarter,188,188.754362,,,,0.75
87274.268,callback,beat,189,188.960194,13365.000,13368.000,3.000,
87275.145,callback,grid,189,188.960194,13365.000,13368.000,3.000,
87293.702,boundary,beat,189,189.003527,,,,
87405.174,boundary,quarter,189,189.261358,,,,0.25
87521.380,boundary,half,189,189.508356,,,,
87638.780,boundary,quarter,189,189.753188,,,,0.75
87742.194,callback,beat,190,189.976353,13834.000,13835.000,1.000,
87742.313,callback,grid,190,189.976353,13834.000,13835.000,1.000,
87756.022,boundary,beat,190,190.002353,,,,
87866.394,boundary,quarter,190,190.258018,,,,0.25
87983.651,boundary,half,190,190.505016,,,,
88100.955,boundary,quarter,190,190.756348,,,,0.75
88211.361,callback,beat,191,190.988179,14303.000,14303.000,0.000,
88211.470,callback,grid,191,190.988179,14303.000,14303.000,0.000,
88218.301,boundary,beat,191,191.001179,,,,
88328.732,boundary,quarter,191,191.254678,,,,0.25
88445.977,boundary,half,191,191.506009,,,,
88563.286,boundary,quarter,191,191.753008,,,,0.75
88673.775,boundary,beat,192,192.006506,,,,
88673.830,arrangement,transition,12,192.006506,,,,loop
88791.024,boundary,quarter,192,192.255671,,,,0.25
88908.292,boundary,half,192,192.502669,,,,
89018.682,boundary,quarter,192,192.754001,,,,0.75
89122.860,callback,beat,193,192.977166,451.000,453.000,2.000,
89123.015,callback,grid,193,192.977166,451.000,453.000,2.000,
89136.134,boundary,beat,193,193.005332,,,,
89253.285,boundary,quarter,193,193.254497,,,,0.25
89371.611,boundary,half,193,193.503662,,,,
89481.989,boundary,quarter,193,193.759327,,,,0.75
89592.940,callback,beat,194,193.995492,921.000,923.000,2.000,
89593.153,callback,grid,194,193.995492,921.000,923.000,2.000,
89598.256,boundary,beat,194,194.006325,,,,
89715.596,boundary,quarter,194,194.251157,,,,0.25
89832.843,boundary,half,194,194.502489,,,,
89943.305,boundary,quarter,194,194.755987,,,,0.75
90046.747,callback,beat,195,194.972652,1369.000,1374.000,5.000,
90046.849,callback,grid,195,194.972652,1369.000,1374.000,5.000,
90060.565,boundary,beat,195,195.002985,,,,
90177.865,boundary,quarter,195,195.254317,,,,0.25
90288.276,boundary,half,195,195.505648,,,,
90405.720,boundary,quarter,195,195.754813,,,,0.75
90515.983,callback,bar,196,195.988812,1838.000,1843.000,5.000,
90516.208,callback,beat,196,195.988812,1838.000,1843.000,5.000,
90516.351,callback,grid,196,195.988812,1838.000,1843.000,5.000,
90522.916,boundary,beat,196,196.003978,,,,
90640.565,boundary,quarter,196,196.250976,,,,0.25
90751.651,boundary,half,196,196.508808,,,,
90867.929,boundary,quarter,196,196.753640,,,,0.75
90980.930,callback,beat,197,196.994138,2307.000,2307.000,0.000,
90981.151,callback,grid,197,196.994138,2307.000,2307.000,0.000,
90985.260,boundary,beat,197,197.002805,,,,
91109.388,boundary,quarter,197,197.264969,,,,0.25
91212.864,boundary,half,197,197.507634,,,,
91330.200,boundary,quarter,197,197.754633,,,,0.75
91433.650,callback,beat,198,197.969131,2755.000,2757.000,2.000,
91433.813,callback,grid,198,197.969131,2755.000,2757.000,2.000,
91454.374,boundary,beat,198,198.018964,,,,
91557.857,boundary,quarter,198,198.257296,,,,0.25
91675.160,boundary,half,198,198.504294,,,,
91792.495,boundary,quarter,198,198.753459,,,,0.75
91902.888,callback,beat,199,198.989624,3225.000,3227.000,2.000,
91903.023,callback,grid,199,198.989624,3225.000,3227.000,2.000,
91909.775,boundary,beat,199,199.000457,,,,
92020.171,boundary,quarter,199,199.253956,,,,0.25
92137.497,boundary,half,199,199.503121,,,,
92254.778,boundary,quarter,199,199.752286,,,,0.75
92344.489,callback,bar,200,199.960284,3673.000,3676.000,3.000,
92344.669,callback,beat,200,199.960284,3673.000,3676.000,3.000,
92344.831,callback,grid,200,199.960284,3673.000,3676.000,3.000,
92365.169,boundary,beat,200,200.005784,,,,
92482.478,boundary,quarter,200,200.254949,,,,0.25
92606.711,boundary,half,200,200.519280,,,,
92717.387,boundary,quarter,200,200.751112,,,,0.75
92813.728,callback,beat,201,200.974277,4142.000,4144.000,2.000,
92813.899,callback,grid,201,200.974277,4142.000,4144.000,2.000,
92828.686,boundary,beat,201,201.006777,,,,
92944.832,boundary,quarter,201,201.253775,,,,0.25
93062.689,boundary,half,201,201.502940,,,,
93172.470,boundary,quarter,201,201.754272,,,,0.75
93282.873,callback,beat,202,201.988270,4611.000,4612.000,1.000,
93283.023,callback,grid,202,201.988270,4611.000,4612.000,1.000,
93289.811,boundary,beat,202,202.003437,,,,
93407.087,boundary,quarter,202,202.252602,,,,0.25
93524.368,boundary,half,202,202.501767,,,,
93634.792,boundary,quarter,202,202.755265,,,,0.75
93731.383,callback,beat,203,202.956763,5059.000,5059.000,0.000,
93731.528,callback,grid,203,202.956763,5059.000,5059.000,0.000,
93752.089,boundary,beat,203,203.006596,,,,
93869.402,boundary,quarter,203,203.251428,,,,0.25
93993.581,boundary,half,203,203.515760,,,,
94097.090,boundary,quarter,203,203.756258,,,,0.75
94207.475,callback,bar,204,203.988090,5529.000,5535.000,6.000,
94207.620,callback,beat,204,203.988090,5529.000,5535.000,6.000,
94207.734,callback,grid,204,203.988090,5529.000,5535.000,6.000,
94214.373,boundary,beat,204,204.003256,,,,
94331.662,boundary,quarter,204,204.252421,,,,0.25
94442.095,boundary,half,204,204.505919,,,,
94559.477,boundary,quarter,204,204.752918,,,,0.75
94677.782,boundary,beat,205,205.004249,,,,
94677.839,callback,beat,205,205.004249,5998.000,6004.000,6.000,
94678.238,callback,grid,205,205.004249,5998.000,6004.000,6.000,
94793.992,boundary,quarter,205,205.251248,,,,0.25
94904.547,boundary,half,205,205.506912,,,,
95021.665,boundary,quarter,205,205.751744,,,,0.75
95125.169,callback,beat,206,205.970576,6446.000,6450.000,4.000,
95125.287,callback,grid,206,205.970576,6446.000,6450.000,4.000,
95138.991,boundary,beat,206,206.000909,,,,
95249.367,boundary,quarter,206,206.254407,,,,0.25
95366.661,boundary,half,206,206.503572,,,,
95483.950,boundary,quarter,206,206.754904,,,,0.75
95594.354,callback,beat,207,206.984569,6915.000,6918.000,3.000,
95594.515,callback,grid,207,206.984569,6915.000,6918.000,3.000,
95608.163,boundary,beat,207,207.014902,,,,
95711.673,boundary,quarter,207,207.255400,,,,0.25
95828.953,boundary,half,207,207.504565,,,,
95946.272,boundary,quarter,207,207.751564,,,,0.75
96056.700,boundary,beat,208,208.002895,,,,
96056.760,arrangement,layer,13,208.002895,,,,true
96063.671,callback,bar,208,208.002895,7385.000,7387.000,2.000,
96063.836,callback,beat,208,208.002895,7385.000,7387.000,2.000,
96063.940,callback,grid,208,208.002895,7385.000,7387.000,2.000,
96174.649,boundary,quarter,208,208.254227,,,,0.25
96291.319,boundary,half,208,208.503392,,,,
96408.658,boundary,quarter,208,208.750390,,,,0.75
96505.282,callback,beat,209,208.975722,7833.000,7837.000,4.000,
96506.025,callback,grid,209,208.975722,7833.000,7837.000,4.000,
96519.118,boundary,beat,209,209.006055,,,,
96636.314,boundary,quarter,209,209.255220,,,,0.25
96753.555,boundary,half,209,209.500051,,,,
96870.933,boundary,quarter,209,209.751383,,,,0.75
96974.397,callback,beat,210,209.989715,8302.000,8305.000,3.000,
96974.571,callback,grid,210,209.989715,8302.000,8305.000,3.000,
96981.258,boundary,beat,210,210.004881,,,,
97098.556,boundary,quarter,210,210.251880,,,,0.25
97215.844,boundary,half,210,210.503211,,,,
97326.358,boundary,quarter,210,210.754543,,,,0.75
97422.860,callback,beat,211,210.958208,8750.000,8752.000,2.000,
97422.960,callback,grid,211,210.958208,8750.000,8752.000,2.000,
97443.579,boundary,beat,211,211.003708,,,,
97560.887,boundary,quarter,211,211.252873,,,,0.25
97685.156,boundary,half,211,211.517204,,,,
97788.570,boundary,quarter,211,211.755536,,,,0.75
97892.098,callback,bar,212,211.972201,9219.000,9220.000,1.000,
97892.300,callback,beat,212,211.972201,9219.000,9220.000,1.000,
97892.532,callback,grid,212,211.972201,9219.000,9220.000,1.000,
97905.902,boundary,beat,212,212.002534,,,,
98023.485,boundary,quarter,212,212.251699,,,,0.25
98147.368,boundary,half,212,212.513864,,,,
98250.929,boundary,quarter,212,212.756529,,,,0.75
98361.304,callback,beat,213,212.988361,9689.000,9689.000,0.000,
98361.423,callback,grid,213,212.988361,9689.000,9689.000,0.000,
98368.264,boundary,beat,213,213.003527,,,,
98492.423,boundary,quarter,213,213.267859,,,,0.25
98596.017,boundary,half,213,213.506190,,,,
98713.197,boundary,quarter,213,213.753189,,,,0.75
98816.664,callback,beat,214,213.969854,10137.000,10142.000,5.000,
98816.787,callback,grid,214,213.969854,10137.000,10142.000,5.000,
98830.471,boundary,beat,214,214.000187,,,,
98947.772,boundary,quarter,214,214.251519,,,,0.25
99058.170,boundary,half,214,214.502850,,,,
99175.512,boundary,quarter,214,214.752015,,,,0.75
99285.857,callback,beat,215,214.986014,10606.000,10611.000,5.000,
99285.973,callback,grid,215,214.986014,10606.000,10611.000,5.000,
99292.809,boundary,beat,215,215.001180,,,,
99403.209,boundary,quarter,215,215.254678,,,,0.25
99521.377,boundary,half,215,215.506010,,,,
99639.241,boundary,quarter,215,215.753008,,,,0.75
99755.147,boundary,beat,216,216.000007,,,,
99755.195,callback,bar,216,216.000007,11075.000,11079.000,4.000,
99755.340,callback,beat,216,216.000007,11075.000,11079.000,4.000,
99755.463,callback,grid,216,216.000007,11075.000,11079.000,4.000,
99865.494,boundary,quarter,216,216.253505,,,,0.25
99983.265,boundary,half,216,216.504836,,,,
100100.306,boundary,quarter,216,216.751835,,,,0.75
100196.708,callback,beat,217,216.972833,11523.000,11528.000,5.000,
100196.874,callback,grid,217,216.972833,11523.000,11528.000,5.000,
100210.500,boundary,beat,217,217.003166,,,,
100327.822,boundary,quarter,217,217.254498,,,,0.25
100445.080,boundary,half,217,217.501496,,,,
100562.358,boundary,quarter,217,217.750661,,,,0.75
100665.852,callback,beat,218,217.991159,11993.000,11998.000,5.000,
100665.957,callback,grid,218,217.991159,11993.000,11998.000,5.000,
100672.773,boundary,beat,218,218.006326,,,,
100790.075,boundary,quarter,218,218.251158,,,,0.25
100907.384,boundary,half,218,218.500323,,,,
101031.575,boundary,quarter,218,218.764654,,,,0.75
101114.391,callback,beat,219,218.957486,12441.000,12444.000,3.000,
101114.575,callback,grid,219,218.957486,12441.000,12444.000,3.000,
101135.129,boundary,beat,219,219.005152,,,,
101252.416,boundary,quarter,219,219.252151,,,,0.25
101376.616,boundary,half,219,219.516482,,,,
101480.072,boundary,quarter,219,219.754814,,,,0.75
101583.603,callback,bar,220,219.971479,12910.000,12912.000,2.000,
101583.807,callback,beat,220,219.971479,12910.000,12912.000,2.000,
101583.946,callback,grid,220,219.971479,12910.000,12912.000,2.000,
101597.364,boundary,beat,220,220.001812,,,,
101715.380,boundary,quarter,220,220.253144,,,,0.25
101831.989,boundary,half,220,220.500142,,,,
101943.751,boundary,quarter,220,220.757974,,,,0.75
102054.122,callback,beat,221,220.989805,13379.000,13382.000,3.000,
102054.334,callback,grid,221,220.989805,13379.000,13382.000,3.000,
102061.024,boundary,beat,221,221.004972,,,,
102178.274,boundary,quarter,221,221.251970,,,,0.25
102288.743,boundary,half,221,221.507635,,,,
102405.964,boundary,quarter,221,221.756800,,,,0.75
102502.579,callback,beat,222,221.956132,13827.000,13828.000,1.000,
102502.724,callback,grid,222,221.956132,13827.000,13828.000,1.000,
102523.389,boundary,beat,222,222.005965,,,,
102640.557,boundary,quarter,222,222.250797,,,,0.25
102750.992,boundary,half,222,222.508628,,,,
102868.312,boundary,quarter,222,222.755627,,,,0.75
102971.812,callback,beat,223,222.974458,14297.000,14298.000,1.000,
102972.150,callback,grid,223,222.974458,14297.000,14298.000,1.000,
102985.604,boundary,beat,223,223.002625,,,,
103096.040,boundary,quarter,223,223.256123,,,,0.25
103213.310,boundary,half,223,223.505288,,,,
103330.605,boundary,quarter,223,223.752286,,,,0.75
103447.929,boundary,beat,224,224.003618,,,,
103447.983,arrangement,transition,14,224.003618,,,,alternate
103558.338,boundary,quarter,224,224.254949,,,,0.25
103675.591,boundary,half,224,224.504114,,,,
103792.913,boundary,quarter,224,224.753279,,,,0.75
103896.375,callback,beat,225,224.972111,445.000,450.000,5.000,
103896.501,callback,grid,225,224.972111,445.000,450.000,5.000,
103910.178,boundary,beat,225,225.000278,,,,
104020.572,boundary,quarter,225,225.255943,,,,0.25
104137.868,boundary,half,225,225.502941,,,,
104255.172,boundary,quarter,225,225.752106,,,,0.75
104351.775,callback,beat,226,225.977438,914.000,915.000,1.000,
104351.909,callback,grid,226,225.977438,914.000,915.000,1.000,
104365.575,boundary,beat,226,226.005604,,,,
104482.921,boundary,quarter,226,226.256936,,,,0.25
104600.156,boundary,half,226,226.503934,,,,
104724.371,boundary,quarter,226,226.768265,,,,0.75
104820.994,callback,beat,227,226.991431,1383.000,1383.000,0.000,
104821.185,callback,grid,227,226.991431,1383.000,1383.000,0.000,
104827.895,boundary,beat,227,227.006597,,,,
104945.746,boundary,quarter,227,227.253595,,,,0.25
105062.456,boundary,half,227,227.502760,,,,
105179.992,boundary,quarter,227,227.751925,,,,0.75
105276.520,callback,bar,228,227.972924,1831.000,1836.000,5.000,
105276.891,callback,beat,228,227.972924,1831.000,1836.000,5.000,
105277.341,callback,grid,228,227.972924,1831.000,1836.000,5.000,
105290.208,boundary,beat,228,228.003257,,,,
105407.587,boundary,quarter,228,228.252422,,,,0.25
105524.856,boundary,half,228,228.501587,,,,
105635.197,boundary,quarter,228,228.757252,,,,0.75
105745.682,callback,beat,229,228.989083,2301.000,2305.000,4.000,
105745.934,callback,grid,229,228.989083,2301.000,2305.000,4.000,
105752.469,boundary,beat,229,229.004250,,,,
105869.826,boundary,quarter,229,229.251248,,,,0.25
105980.177,boundary,half,229,229.504747,,,,
106097.471,boundary,quarter,229,229.753911,,,,0.75
106194.054,callback,beat,230,229.957577,2749.000,2752.000,3.000,
106194.174,callback,grid,230,229.957577,2749.000,2752.000,3.000,
106214.760,boundary,beat,230,230.005243,,,,
106332.044,boundary,quarter,230,230.252241,,,,0.25
106442.460,boundary,half,230,230.503573,,,,
106559.818,boundary,quarter,230,230.754905,,,,0.75
106663.334,callback,beat,231,230.971570,3218.000,3220.000,2.000,
106663.477,callback,grid,231,230.971570,3218.000,3220.000,2.000,
106677.612,boundary,beat,231,231.001903,,,,
106794.412,boundary,quarter,231,231.251068,,,,0.25
106904.827,boundary,half,231,231.506733,,,,
107022.093,boundary,quarter,231,231.755898,,,,0.75
107132.515,callback,bar,232,231.985563,3687.000,3688.000,1.000,
107132.984,callback,beat,232,231.985563,3687.000,3688.000,1.000,
107134.599,callback,grid,232,231.985563,3687.000,3688.000,1.000,
107139.410,boundary,beat,232,232.000729,,,,
107251.189,boundary,quarter,232,232.258561,,,,0.25
107367.092,boundary,half,232,232.505559,,,,
107484.436,boundary,quarter,232,232.752557,,,,0.75
107580.950,callback,beat,233,232.958389,4135.000,4135.000,0.000,
107581.080,callback,grid,233,232.958389,4135.000,4135.000,0.000,
107601.759,boundary,beat,233,233.003889,,,,
107712.083,boundary,quarter,233,233.255221,,,,0.25
107829.378,boundary,half,233,233.502219,,,,
107946.675,boundary,quarter,233,233.751384,,,,0.75
108057.075,callback,beat,234,233.987549,4605.000,4611.000,6.000,
108057.189,callback,grid,234,233.987549,4605.000,4611.000,6.000,
108063.971,boundary,beat,234,234.000549,,,,
108174.372,boundary,quarter,234,234.256214,,,,0.25
108291.680,boundary,half,234,234.503212,,,,
108408.990,boundary,quarter,234,234.750210,,,,0.75
108512.492,callback,beat,235,234.990709,5074.000,5075.000,1.000,
108512.644,callback,grid,235,234.990709,5074.000,5075.000,1.000,
108519.383,boundary,beat,235,235.005875,,,,
108636.664,boundary,quarter,235,235.252873,,,,0.25
108753.973,boundary,half,235,235.504205,,,,
108872.117,boundary,quarter,235,235.751203,,,,0.75
108961.065,callback,bar,236,235.959202,5522.000,5522.000,0.000,
108962.109,callback,beat,236,235.959202,5522.000,5522.000,0.000,
108962.311,callback,grid,236,235.959202,5522.000,5522.000,0.000,
108981.678,boundary,beat,236,236.004702,,,,
109099.010,boundary,quarter,236,236.253867,,,,0.25
109216.273,boundary,half,236,236.500865,,,,
109326.671,boundary,quarter,236,236.754363,,,,0.75
109437.057,callback,beat,237,236.988361,5991.000,5997.000,6.000,
109437.185,callback,grid,237,236.988361,5991.000,5997.000,6.000,
109443.973,boundary,beat,237,237.003528,,,,
109561.295,boundary,quarter,237,237.252693,,,,0.25
109685.482,boundary,half,237,237.514858,,,,
109788.962,boundary,quarter,237,237.755356,,,,0.75
109906.284,boundary,beat,238,238.004521,,,,
109906.323,callback,beat,238,238.004521,6461.000,6466.000,5.000,
109906.454,callback,grid,238,238.004521,6461.000,6466.000,5.000,
110030.493,boundary,quarter,238,238.264519,,,,0.25
110133.998,boundary,half,238,238.505018,,,,
110251.264,boundary,quarter,238,238.754183,,,,0.75
110354.866,callback,beat,239,238.973014,6909.000,6913.000,4.000,
110355.026,callback,grid,239,238.973014,6909.000,6913.000,4.000,
110368.595,boundary,beat,239,239.001181,,,,
110485.921,boundary,quarter,239,239.252512,,,,0.25
110596.374,boundary,half,239,239.503844,,,,
110713.578,boundary,quarter,239,239.753009,,,,0.75
110824.292,callback,bar,240,239.987007,7378.000,7381.000,3.000,
110824.572,callback,beat,240,239.987007,7378.000,7381.000,3.000,
110824.922,callback,grid,240,239.987007,7378.000,7381.000,3.000,
110830.874,boundary,beat,240,240.002174,,,,
110831.028,arrangement,layer,15,240.002174,,,,false
110955.113,boundary,quarter,240,240.266505,,,,0.25
111058.584,boundary,half,240,240.504837,,,,
111175.909,boundary,quarter,240,240.751835,,,,0.75
111272.509,callback,beat,241,240.953334,7826.000,7827.000,1.000,
111272.669,callback,grid,241,240.953334,7826.000,7827.000,1.000,
111293.162,boundary,beat,241,241.001000,,,,
111403.586,boundary,quarter,241,241.254499,,,,0.25
111520.888,boundary,half,241,241.505830,,,,
111638.179,boundary,quarter,241,241.752828,,,,0.75
111741.698,callback,beat,242,241.973827,8295.000,8295.000,0.000,
111741.891,callback,grid,242,241.973827,8295.000,8295.000,0.000,
111762.377,boundary,beat,242,242.017160,,,,
111865.908,boundary,quarter,242,242.255492,,,,0.25
111983.236,boundary,half,242,242.502490,,,,
112100.794,boundary,quarter,242,242.753822,,,,0.75
112210.903,callback,beat,243,242.987820,8765.000,8765.000,0.000,
112211.331,callback,grid,243,242.987820,8765.000,8765.000,0.000,
112218.010,boundary,beat,243,243.000820,,,,
112328.213,boundary,quarter,243,243.252151,,,,0.25
112445.812,boundary,half,243,243.503483,,,,
112566.956,boundary,quarter,243,243.759148,,,,0.75
112652.516,callback,bar,244,243.958480,9213.000,9214.000,1.000,
112652.665,callback,beat,244,243.958480,9213.000,9214.000,1.000,
112652.784,callback,grid,244,243.958480,9213.000,9214.000,1.000,
112674.560,boundary,beat,244,244.008313,,,,
112790.571,boundary,quarter,244,244.253145,,,,0.25
112907.748,boundary,half,244,244.500143,,,,
113018.220,boundary,quarter,244,244.753641,,,,0.75
113121.837,callback,beat,245,244.974640,9682.000,9683.000,1.000,
113121.987,callback,grid,245,244.974640,9682.000,9683.000,1.000,
113135.462,boundary,beat,245,245.002806,,,,
113252.768,boundary,quarter,245,245.254138,,,,0.25
113370.063,boundary,half,245,245.501136,,,,
113480.485,boundary,quarter,245,245.752467,,,,0.75
113590.862,callback,beat,246,245.988633,10151.000,10151.000,0.000,
113591.022,callback,grid,246,245.988633,10151.000,10151.000,0.000,
113597.776,boundary,beat,246,246.003799,,,,
113715.069,boundary,quarter,246,246.250797,,,,0.25
113839.327,boundary,half,246,246.515129,,,,
113942.787,boundary,quarter,246,246.755627,,,,0.75
114046.259,callback,beat,247,246.970126,10599.000,10604.000,5.000,
114046.394,callback,grid,247,246.970126,10599.000,10604.000,5.000,
114060.714,boundary,beat,247,247.000459,,,,
114184.305,boundary,quarter,247,247.264790,,,,0.25
114287.759,boundary,half,247,247.505289,,,,
114405.117,boundary,quarter,247,247.754454,,,,0.75
114515.572,callback,bar,248,247.986285,11069.000,11073.000,4.000,
114515.724,callback,beat,248,247.986285,11069.000,11073.000,4.000,
114515.800,callback,grid,248,247.986285,11069.000,11073.000,4.000,
114522.658,boundary,beat,248,248.001452,,,,
114646.564,boundary,quarter,248,248.265783,,,,0.25
114750.391,boundary,half,248,248.504115,,,,
114867.416,boundary,quarter,248,248.751113,,,,0.75
114984.686,boundary,beat,249,249.002445,,,,
114984.743,callback,beat,249,249.002445,11538.000,11542.000,4.000,
114984.885,callback,grid,249,249.002445,11538.000,11542.000,4.000,
115108.843,boundary,quarter,249,249.264610,,,,0.25
115212.356,boundary,half,249,249.505108,,,,
115329.663,boundary,quarter,249,249.752107,,,,0.75
115433.155,callback,beat,250,249.968772,11986.000,11988.000,2.000,
115433.269,callback,grid,250,249.968772,11986.000,11988.000,2.000,
115453.862,boundary,beat,250,250.016438,,,,
115557.381,boundary,quarter,250,250.254770,,,,0.25
115674.670,boundary,half,250,250.503935,,,,
115792.027,boundary,quarter,250,250.753100,,,,0.75
115902.389,callback,beat,251,250.987098,12455.000,12456.000,1.000,
115902.528,callback,grid,251,250.987098,12455.000,12456.000,1.000,
115916.191,boundary,beat,251,251.013098,,,,
116022.322,boundary,quarter,251,251.260096,,,,0.25
116139.085,boundary,half,251,251.507094,,,,
116255.451,boundary,quarter,251,251.751926,,,,0.75
116343.989,callback,bar,252,251.957758,12903.000,12906.000,3.000,
116344.138,callback,beat,252,251.957758,12903.000,12906.000,3.000,
116344.222,callback,grid,252,251.957758,12903.000,12906.000,3.000,
116364.657,boundary,beat,252,252.003258,,,,
116481.956,boundary,quarter,252,252.252423,,,,0.25
116606.196,boundary,half,252,252.516754,,,,
116723.506,boundary,quarter,252,252.763752,,,,0.75
116813.155,callback,beat,253,252.973918,13373.000,13375.000,2.000,
116813.289,callback,grid,253,252.973918,13373.000,13375.000,2.000,
116826.954,boundary,beat,253,253.004251,,,,
116944.279,boundary,quarter,253,253.253416,,,,0.25
117068.470,boundary,half,253,253.513414,,,,
117171.957,boundary,quarter,253,253.753912,,,,0.75
117282.358,callback,beat,254,253.987911,13842.000,13843.000,1.000,
117282.529,callback,grid,254,253.987911,13842.000,13843.000,1.000,
117289.293,boundary,beat,254,254.003077,,,,
117406.754,boundary,quarter,254,254.252242,,,,0.25
117523.875,boundary,half,254,254.501407,,,,
117634.304,boundary,quarter,254,254.752739,,,,0.75
117730.863,callback,beat,255,254.956404,14290.000,14290.000,0.000,
117731.052,callback,grid,255,254.956404,14290.000,14290.000,0.000,
117751.588,boundary,beat,255,255.001904,,,,
117875.788,boundary,quarter,255,255.264068,,,,0.25
117993.092,boundary,half,255,255.515400,,,,
118096.645,boundary,quarter,255,255.753732,,,,0.75
118213.901,boundary,beat,256,256.000730,,,,
118213.963,arrangement,transition,16,256.000730,,,,loop
118338.103,boundary,quarter,256,256.265061,,,,0.25
118441.550,boundary,half,256,256.503393,,,,
118558.880,boundary,quarter,256,256.752558,,,,0.75
118676.198,boundary,beat,257,257.001723,,,,
118676.255,callback,beat,257,257.001723,460.000,465.000,5.000,
118676.400,callback,grid,257,257.001723,460.000,465.000,5.000,
118800.373,boundary,quarter,257,257.261721,,,,0.25
118903.860,boundary,half,257,257.504386,,,,
119021.171,boundary,quarter,257,257.751385,,,,0.75
119124.702,callback,beat,258,257.970216,908.000,912.000,4.000,
119124.866,callback,grid,258,257.970216,908.000,912.000,4.000,
119145.355,boundary,beat,258,258.015716,,,,
119248.927,boundary,quarter,258,258.251881,,,,0.25
119366.146,boundary,half,258,258.501046,,,,
119483.476,boundary,quarter,258,258.750211,,,,0.75
119593.897,callback,beat,259,258.984209,1377.000,1380.000,3.000,
119594.064,callback,grid,259,258.984209,1377.000,1380.000,3.000,
119607.711,boundary,beat,259,259.014542,,,,
119711.191,boundary,quarter,259,259.255041,,,,0.25
119828.483,boundary,half,259,259.502039,,,,
119952.696,boundary,quarter,259,259.768537,,,,0.75
120056.184,boundary,beat,260,260.002536,,,,
120063.106,callback,bar,260,260.002536,1846.000,1848.000,2.000,
120063.274,callback,beat,260,260.002536,1846.000,1848.000,2.000,
120063.431,callback,grid,260,260.002536,1846.000,1848.000,2.000,
120173.481,boundary,quarter,260,260.251701,,,,0.25
120290.754,boundary,half,260,260.503032,,,,
120408.091,boundary,quarter,260,260.750030,,,,0.75
120504.662,callback,beat,261,260.973196,2294.000,2298.000,4.000,
120504.771,callback,grid,261,260.973196,2294.000,2298.000,4.000,
120518.478,boundary,beat,261,261.001362,,,,
120635.751,boundary,quarter,261,261.252694,,,,0.25
120759.969,boundary,half,261,261.514859,,,,
120877.298,boundary,quarter,261,261.764023,,,,0.75
120973.940,callback,beat,262,261.989355,2764.000,2767.000,3.000,
120974.269,callback,grid,262,261.989355,2764.000,2767.000,3.000,
120980.922,boundary,beat,262,262.004522,,,,
121105.612,boundary,quarter,262,262.268853,,,,0.25
121222.317,boundary,half,262,262.513685,,,,
121325.820,boundary,quarter,262,262.754183,,,,0.75
121422.416,callback,beat,263,262.955682,3212.000,3213.000,1.000,
121422.571,callback,grid,263,262.955682,3212.000,3213.000,1.000,
121443.123,boundary,beat,263,263.003348,,,,
121560.427,boundary,quarter,263,263.250347,,,,0.25
121685.653,boundary,half,263,263.519011,,,,
121788.127,boundary,quarter,263,263.753010,,,,0.75
121891.708,callback,bar,264,263.971842,3681.000,3682.000,1.000,
121891.912,callback,beat,264,263.971842,3681.000,3682.000,1.000,
121892.039,callback,grid,264,263.971842,3681.000,3682.000,1.000,
121905.441,boundary,beat,264,264.000008,,,,
122022.702,boundary,quarter,264,264.251340,,,,0.25
122146.836,boundary,half,264,264.513504,,,,
122257.320,boundary,quarter,264,264.769169,,,,0.75
122360.749,callback,beat,265,264.985835,4150.000,4150.000,0.000,
122360.848,callback,grid,265,264.985835,4150.000,4150.000,0.000,
122367.663,boundary,beat,265,265.001001,,,,
122491.892,boundary,quarter,265,265.265333,,,,0.25
122595.397,boundary,half,265,265.503664,,,,
122712.690,boundary,quarter,265,265.752829,,,,0.75
122816.189,callback,beat,266,265.967328,4598.000,4603.000,5.000,
122816.402,callback,grid,266,265.967328,4598.000,4603.000,5.000,
122837.497,boundary,beat,266,266.017161,,,,
122940.399,boundary,quarter,266,266.251159,,,,0.25
123057.703,boundary,half,266,266.502491,,,,
123175.011,boundary,quarter,266,266.751656,,,,0.75
123285.380,callback,beat,267,266.983487,5068.000,5072.000,4.000,
123285.657,callback,grid,267,266.983487,5068.000,5072.000,4.000,
123299.187,boundary,beat,267,267.013820,,,,
123403.393,boundary,quarter,267,267.252152,,,,0.25
123520.717,boundary,half,267,267.503484,,,,
123644.174,boundary,quarter,267,267.765649,,,,0.75
123754.559,callback,bar,268,267.997480,5537.000,5540.000,3.000,
123754.676,callback,beat,268,267.997480,5537.000,5540.000,3.000,
123754.747,callback,grid,268,267.997480,5537.000,5540.000,3.000,
123761.473,boundary,beat,268,268.012647,,,,
123864.949,boundary,quarter,268,268.253145,,,,0.25
123982.343,boundary,half,268,268.502310,,,,
124106.483,boundary,quarter,268,268.762308,,,,0.75
124196.172,callback,beat,269,268.972474,5985.000,5990.000,5.000,
124196.300,callback,grid,269,268.972474,5985.000,5990.000,5.000,
124210.009,boundary,beat,269,269.002807,,,,
124327.269,boundary,quarter,269,269.251972,,,,0.25
124444.575,boundary,half,269,269.501137,,,,
124561.887,boundary,quarter,269,269.750302,,,,0.75
124665.366,callback,beat,270,269.986467,6454.000,6458.000,4.000,
124665.479,callback,grid,270,269.986467,6454.000,6458.000,4.000,
124672.289,boundary,beat,270,270.001633,,,,
124797.275,boundary,quarter,270,270.268131,,,,0.25
124913.792,boundary,half,270,270.515130,,,,
125031.167,boundary,quarter,270,270.764295,,,,0.75
125113.860,callback,beat,271,270.954960,6902.000,6905.000,3.000,
125113.974,callback,grid,271,270.954960,6902.000,6905.000,3.000,
125134.625,boundary,beat,271,271.002626,,,,
125259.473,boundary,quarter,271,271.264791,,,,0.25
125376.124,boundary,half,271,271.513956,,,,
125479.567,boundary,quarter,271,271.752288,,,,0.75
125583.083,callback,bar,272,271.971120,7372.000,7374.000,2.000,
125583.277,callback,beat,272,271.971120,7372.000,7374.000,2.000,
125583.576,callback,grid,272,271.971120,7372.000,7374.000,2.000,
125596.870,boundary,beat,272,272.001453,,,,
125596.913,arrangement,layer,17,272.001453,,,,true
125714.168,boundary,quarter,272,272.250618,,,,0.25
125838.490,boundary,half,272,272.510616,,,,
125941.856,boundary,quarter,272,272.753281,,,,0.75
126052.315,callback,beat,273,272.985113,7841.000,7842.000,1.000,
126052.474,callback,grid,273,272.985113,7841.000,7842.000,1.000,
126059.185,boundary,beat,273,273.000279,,,,
126183.397,boundary,quarter,273,273.264611,,,,0.25
126286.873,boundary,half,273,273.500776,,,,
126411.164,boundary,quarter,273,273.769440,,,,0.75
126501.769,callback,beat,274,273.955772,8289.000,8290.000,1.000,
126501.973,callback,grid,274,273.955772,8289.000,8290.000,1.000,
126522.242,boundary,beat,274,274.001272,,,,
126645.707,boundary,quarter,274,274.263437,,,,0.25
126749.146,boundary,half,274,274.501769,,,,
126866.534,boundary,quarter,274,274.750934,,,,0.75
126976.919,callback,beat,275,274.982765,8758.000,8764.000,6.000,
126977.076,callback,grid,275,274.982765,8758.000,8764.000,6.000,
126990.717,boundary,beat,275,275.017432,,,,
127094.456,boundary,quarter,275,275.251430,,,,0.25
127211.496,boundary,half,275,275.500595,,,,
127335.664,boundary,quarter,275,275.767093,,,,0.75
127446.080,callback,bar,276,275.998925,9228.000,9233.000,5.000,
127446.227,callback,beat,276,275.998925,9228.000,9233.000,5.000,
127446.310,callback,grid,276,275.998925,9228.000,9233.000,5.000,
127453.002,boundary,beat,276,276.014092,,,,
127556.500,boundary,quarter,276,276.250257,,,,0.25
127673.809,boundary,half,276,276.501588,,,,
127797.961,boundary,quarter,276,276.763753,,,,0.75
127894.559,callback,beat,277,276.969585,9676.000,9679.000,3.000,
127894.721,callback,grid,277,276.969585,9676.000,9679.000,3.000,
127915.288,boundary,beat,277,277.012918,,,,
128018.771,boundary,quarter,277,277.253416,,,,0.25
128142.947,boundary,half,277,277.517748,,,,
128260.283,boundary,quarter,277,277.762580,,,,0.75
128357.000,callback,beat,278,277.987911,10145.000,10151.000,6.000,
128357.182,callback,grid,278,277.987911,10145.000,10151.000,6.000,
128363.855,boundary,beat,278,278.003078,,,,
128481.089,boundary,quarter,278,278.252243,,,,0.25
128605.279,boundary,half,278,278.514408,,,,
128723.272,boundary,quarter,278,278.765739,,,,0.75
128826.165,boundary,beat,279,279.001904,,,,
128826.241,callback,beat,279,279.001904,10614.000,10619.000,5.000,
128826.373,callback,grid,279,279.001904,10614.000,10619.000,5.000,
128952.033,boundary,quarter,279,279.270569,,,,0.25
129060.732,boundary,half,279,279.500234,,,,
129184.902,boundary,quarter,279,279.762399,,,,0.75
129274.571,callback,bar,280,279.970398,11062.000,11066.000,4.000,
129274.703,callback,beat,280,279.970398,11062.000,11066.000,4.000,
129274.778,callback,grid,280,279.970398,11062.000,11066.000,4.000,
129295.287,boundary,beat,280,280.018064,,,,
129412.600,boundary,quarter,280,280.265062,,,,0.25
129529.877,boundary,half,280,280.512061,,,,
129633.386,boundary,quarter,280,280.752559,,,,0.75
129743.771,callback,beat,281,280.986557,11532.000,11535.000,3.000,
129743.887,callback,grid,281,280.986557,11532.000,11535.000,3.000,
129750.642,boundary,beat,281,281.001724,,,,
129874.878,boundary,quarter,281,281.266055,,,,0.25
129978.387,boundary,half,281,281.500054,,,,
130095.733,boundary,quarter,281,281.751385,,,,0.75
130192.256,callback,beat,282,281.952884,11980.000,11981.000,1.000,
130192.366,callback,grid,282,281.952884,11980.000,11981.000,1.000,
130212.953,boundary,beat,282,282.000550,,,,
130337.173,boundary,quarter,282,282.262715,,,,0.25
130445.688,boundary,half,282,282.511880,,,,
130558.342,boundary,quarter,282,282.750212,,,,0.75
130661.493,callback,beat,283,282.966877,12449.000,12449.000,0.000,
130661.899,callback,grid,283,282.966877,12449.000,12449.000,0.000,
130682.173,boundary,beat,283,283.014543,,,,
130799.471,boundary,quarter,283,283.261541,,,,0.25
130902.996,boundary,half,283,283.502040,,,,
131027.215,boundary,quarter,283,283.766371,,,,0.75
131130.673,callback,bar,284,283.983037,12918.000,12918.000,0.000,
131130.799,callback,beat,284,283.983037,12918.000,12918.000,0.000,
131130.926,callback,grid,284,283.983037,12918.000,12918.000,0.000,
131144.449,boundary,beat,284,284.011203,,,,
131248.010,boundary,quarter,284,284.251701,,,,0.25
131365.245,boundary,half,284,284.500866,,,,
131482.616,boundary,quarter,284,284.750031,,,,0.75
131586.094,callback,beat,285,284.968863,13366.000,13371.000,5.000,
131586.231,callback,grid,285,284.968863,13366.000,13371.000,5.000,
131606.792,boundary,beat,285,285.014363,,,,
131710.302,boundary,quarter,285,285.250528,,,,0.25
131834.467,boundary,half,285,285.514859,,,,
131951.791,boundary,quarter,285,285.764024,,,,0.75
132055.260,callback,beat,286,285.982856,13836.000,13840.000,4.000,
132055.376,callback,grid,286,285.982856,13836.000,13840.000,4.000,
132069.074,boundary,beat,286,286.011022,,,,
132173.053,boundary,quarter,286,286.253687,,,,0.25
132297.184,boundary,half,286,286.513686,,,,
132414.227,boundary,quarter,286,286.762851,,,,0.75
132510.696,callback,beat,287,286.988182,14305.000,14305.000,0.000,
132510.839,callback,grid,287,286.988182,14305.000,14305.000,0.000,
132517.882,boundary,beat,287,287.003349,,,,
132634.866,boundary,quarter,287,287.250347,,,,0.25
132759.087,boundary,half,287,287.514679,,,,
132876.406,boundary,quarter,287,287.759510,,,,0.75
132979.852,boundary,beat,288,288.000009,,,,
132979.892,arrangement,transition,18,288.000009,,,,alternate
133104.056,boundary,quarter,288,288.264340,,,,0.25
133221.409,boundary,half,288,288.513505,,,,
133338.661,boundary,quarter,288,288.760503,,,,0.75
133435.257,callback,beat,289,288.983669,453.000,457.000,4.000,
133435.388,callback,grid,289,288.983669,453.000,457.000,4.000,
133449.059,boundary,beat,289,289.014002,,,,
133566.472,boundary,quarter,289,289.263167,,,,0.25
133683.728,boundary,half,289,289.512332,,,,
133794.121,boundary,quarter,289,289.767997,,,,0.75
133904.673,callback,beat,290,289.999828,922.000,926.000,4.000,
133904.824,callback,grid,290,289.999828,922.000,926.000,4.000,
133911.392,boundary,beat,290,290.012828,,,,
134028.728,boundary,quarter,290,290.261993,,,,0.25
134132.146,boundary,half,290,290.500325,,,,
134256.456,boundary,quarter,290,290.764656,,,,0.75
134352.986,callback,beat,291,290.966155,1370.000,1372.000,2.000,
134353.150,callback,grid,291,290.966155,1370.000,1372.000,2.000,
134373.701,boundary,beat,291,291.015988,,,,
134490.963,boundary,quarter,291,291.260820,,,,0.25
134601.383,boundary,half,291,291.514318,,,,
134711.795,boundary,quarter,291,291.750483,,,,0.75
134822.199,callback,bar,292,291.982315,1840.000,1841.000,1.000,
134822.332,callback,beat,292,291.982315,1840.000,1841.000,1.000,
134822.448,callback,grid,292,291.982315,1840.000,1841.000,1.000,
134835.987,boundary,beat,292,292.012648,,,,
134953.349,boundary,quarter,292,292.261813,,,,0.25
135056.766,boundary,half,292,292.500144,,,,
135180.992,boundary,quarter,292,292.764476,,,,0.75
135270.671,callback,beat,293,292.950808,2288.000,2288.000,0.000,
135270.811,callback,grid,293,292.950808,2288.000,2288.000,0.000,
135298.295,boundary,beat,293,293.011474,,,,
135401.772,boundary,quarter,293,293.251972,,,,0.25
135525.992,boundary,half,293,293.516304,,,,
135643.282,boundary,quarter,293,293.761136,,,,0.75
135746.909,callback,beat,294,293.984301,2757.000,2763.000,6.000,
135747.435,callback,grid,294,293.984301,2757.000,2763.000,6.000,
135760.826,boundary,beat,294,294.012467,,,,
135864.071,boundary,quarter,294,294.250799,,,,0.25
135988.327,boundary,half,294,294.512964,,,,
136105.663,boundary,quarter,294,294.764295,,,,0.75
136215.980,callback,beat,295,294.998294,3226.000,3231.000,5.000,
136216.116,callback,grid,295,294.998294,3226.000,3231.000,5.000,
136222.986,boundary,beat,295,295.009127,,,,
136333.263,boundary,quarter,295,295.264792,,,,0.25
136450.590,boundary,half,295,295.513957,,,,
136567.871,boundary,quarter,295,295.760955,,,,0.75
136650.641,callback,bar,296,295.953787,3674.000,3674.000,0.000,
136650.758,callback,beat,296,295.953787,3674.000,3674.000,0.000,
136650.833,callback,grid,296,295.953787,3674.000,3674.000,0.000,
136671.349,boundary,beat,296,296.001453,,,,
136795.567,boundary,quarter,296,296.263618,,,,0.25
136912.892,boundary,half,296,296.512783,,,,
137030.200,boundary,quarter,296,296.759781,,,,0.75
137126.818,callback,beat,297,296.985113,4144.000,4150.000,6.000,
137126.986,callback,grid,297,296.985113,4144.000,4150.000,6.000,
137133.654,boundary,beat,297,297.000280,,,,
137257.898,boundary,quarter,297,297.264611,,,,0.25
137375.193,boundary,half,297,297.509443,,,,
137485.675,boundary,quarter,297,297.765108,,,,0.75
137595.975,callback,beat,298,297.999106,4613.000,4618.000,5.000,
137596.181,callback,grid,298,297.999106,4613.000,4618.000,5.000,
137602.875,boundary,beat,298,298.014273,,,,
137720.175,boundary,quarter,298,298.261271,,,,0.25
137837.481,boundary,half,298,298.510436,,,,
137941.522,boundary,quarter,298,298.750934,,,,0.75
138044.504,callback,beat,299,298.965433,5061.000,5064.000,3.000,
138044.699,callback,grid,299,298.965433,5061.000,5064.000,3.000,
138065.152,boundary,beat,299,299.013099,,,,
138182.478,boundary,quarter,299,299.260098,,,,0.25
138285.969,boundary,half,299,299.500596,,,,
138410.149,boundary,quarter,299,299.764927,,,,0.75
138513.655,callback,bar,300,299.981593,5530.000,5533.000,3.000,
138513.768,callback,beat,300,299.981593,5530.000,5533.000,3.000,
138513.884,callback,grid,300,299.981593,5530.000,5533.000,3.000,
138527.455,boundary,beat,300,300.009759,,,,
138644.749,boundary,quarter,300,300.261091,,,,0.25
138755.170,boundary,half,300,300.514589,,,,
138872.508,boundary,quarter,300,300.765920,,,,0.75
138982.889,callback,beat,301,300.997752,6000.000,6002.000,2.000,
138983.045,callback,grid,301,300.997752,6000.000,6002.000,2.000,
138989.788,boundary,beat,301,301.012919,,,,
139107.101,boundary,quarter,301,301.257750,,,,0.25
139210.558,boundary,half,301,301.500415,,,,
139334.840,boundary,quarter,301,301.762580,,,,0.75
139431.431,callback,beat,302,301.964079,6448.000,6448.000,0.000,
139431.698,callback,grid,302,301.964079,6448.000,6448.000,0.000,
139452.159,boundary,beat,302,302.011745,,,,
139555.949,boundary,quarter,302,302.252244,,,,0.25
139679.777,boundary,half,302,302.512242,,,,
139797.250,boundary,quarter,302,302.761407,,,,0.75
139900.568,callback,beat,303,302.984572,6917.000,6917.000,0.000,
139900.753,callback,grid,303,302.984572,6917.000,6917.000,0.000,
139914.459,boundary,beat,303,303.008405,,,,
140024.783,boundary,quarter,303,303.266237,,,,0.25
140142.076,boundary,half,303,303.513235,,,,
140259.390,boundary,quarter,303,303.758066,,,,0.75
140342.258,callback,bar,304,303.953065,7365.000,7366.000,1.000,
140342.472,callback,beat,304,303.953065,7365.000,7366.000,1.000,
140342.578,callback,grid,304,303.953065,7365.000,7366.000,1.000,
140369.842,boundary,beat,304,304.013731,,,,
140369.900,arrangement,layer,19,304.013731,,,,false
140487.095,boundary,quarter,304,304.262896,,,,0.25
140604.450,boundary,half,304,304.514228,,,,
140721.750,boundary,quarter,304,304.761226,,,,0.75
140811.442,callback,beat,305,304.967058,7834.000,7834.000,0.000,
140811.629,callback,grid,305,304.967058,7834.000,7834.000,0.000,
140833.295,boundary,beat,305,305.019058,,,,
140949.966,boundary,quarter,305,305.263889,,,,0.25
141067.269,boundary,half,305,305.510888,,,,
141177.063,boundary,quarter,305,305.764386,,,,0.75
141282.441,callback,beat,306,305.987551,8304.000,8305.000,1.000,
141282.598,callback,grid,306,305.987551,8304.000,8305.000,1.000,
141290.864,boundary,beat,306,306.004884,,,,
141411.745,boundary,quarter,306,306.264882,,,,0.25
141574.983,boundary,half,306,306.615880,,,,
141635.492,boundary,quarter,306,306.754546,,,,0.75
141734.520,callback,beat,307,306.964711,8752.000,8756.000,4.000,
141734.694,callback,grid,307,306.964711,8752.000,8756.000,4.000,
141754.857,boundary,beat,307,307.008044,,,,
141878.251,boundary,quarter,307,307.270209,,,,0.25
141989.587,boundary,half,307,307.504207,,,,
142100.032,boundary,quarter,307,307.759872,,,,0.75
142203.522,callback,bar,308,307.978704,9221.000,9224.000,3.000,
142203.680,callback,beat,308,307.978704,9221.000,9224.000,3.000,
142203.824,callback,grid,308,307.978704,9221.000,9224.000,3.000,
142217.366,boundary,beat,308,308.006870,,,,
142334.591,boundary,quarter,308,308.258202,,,,0.25
142444.974,boundary,half,308,308.511700,,,,
142562.316,boundary,quarter,308,308.760865,,,,0.75
142672.694,callback,beat,309,308.992697,9690.000,9692.000,2.000,
142672.811,callback,grid,309,308.992697,9690.000,9692.000,2.000,
142679.626,boundary,beat,309,309.007863,,,,
142799.643,boundary,quarter,309,309.261362,,,,0.25
142903.130,boundary,half,309,309.501860,,,,
143020.571,boundary,quarter,309,309.751025,,,,0.75
143123.961,callback,beat,310,309.965524,10138.000,10141.000,3.000,
143124.917,callback,grid,310,309.965524,10138.000,10141.000,3.000,
143144.671,boundary,beat,310,310.015357,,,,
143261.968,boundary,quarter,310,310.260188,,,,0.25
143365.683,boundary,half,310,310.500686,,,,
143489.654,boundary,quarter,310,310.765018,,,,0.75
143593.169,callback,beat,311,310.981683,10608.000,10610.000,2.000,
143593.387,callback,grid,311,310.981683,10608.000,10610.000,2.000,
143607.034,boundary,beat,311,311.012016,,,,
143710.521,boundary,quarter,311,311.254681,,,,0.25
143834.608,boundary,half,311,311.514679,,,,
143951.921,boundary,quarter,311,311.763844,,,,0.75
144055.438,boundary,beat,312,312.000009,,,,
144062.361,callback,bar,312,312.000009,11077.000,11078.000,1.000,
144062.574,callback,beat,312,312.000009,11077.000,11078.000,1.000,
144062.869,callback,grid,312,312.000009,11077.000,11078.000,1.000,
144172.756,boundary,quarter,312,312.251341,,,,0.25
144296.917,boundary,half,312,312.515673,,,,
144414.212,boundary,quarter,312,312.760504,,,,0.75
144503.913,callback,beat,313,312.970669,11525.000,11528.000,3.000,
144504.036,callback,grid,313,312.970669,11525.000,11528.000,3.000,
144517.716,boundary,beat,313,313.001003,,,,
144635.027,boundary,quarter,313,313.250167,,,,0.25
144759.513,boundary,half,313,313.512332,,,,
144876.547,boundary,quarter,313,313.763664,,,,0.75
144973.139,callback,beat,314,313.984662,11994.000,11996.000,2.000,
144973.262,callback,grid,314,313.984662,11994.000,11996.000,2.000,
144986.987,boundary,beat,314,314.014996,,,,
145100.112,boundary,quarter,314,314.253327,,,,0.25
145221.546,boundary,half,314,314.513325,,,,
145325.058,boundary,quarter,314,314.751657,,,,0.75
145421.665,callback,beat,315,314.953156,12442.000,12443.000,1.000,
145421.825,callback,grid,315,314.953156,12442.000,12443.000,1.000,
145442.520,boundary,beat,315,315.002989,,,,
145566.536,boundary,quarter,315,315.262987,,,,0.25
145683.825,boundary,half,315,315.512152,,,,
145787.395,boundary,quarter,315,315.750484,,,,0.75
145890.799,callback,bar,316,315.969315,12912.000,12912.000,0.000,
145890.904,callback,beat,316,315.969315,12912.000,12912.000,0.000,
145890.953,callback,grid,316,315.969315,12912.000,12912.000,0.000,
145911.527,boundary,beat,316,316.016982,,,,
146028.805,boundary,quarter,316,316.263980,,,,0.25
146146.160,boundary,half,316,316.508812,,,,
146256.526,boundary,quarter,316,316.766643,,,,0.75
146366.903,callback,beat,317,316.998475,13381.000,13387.000,6.000,
146367.010,callback,grid,317,316.998475,13381.000,13387.000,6.000,
146373.856,boundary,beat,317,317.013641,,,,
146491.154,boundary,quarter,317,317.262806,,,,0.25
146594.657,boundary,half,317,317.503305,,,,
146718.868,boundary,quarter,317,317.763303,,,,0.75
146815.453,callback,beat,318,317.966968,13829.000,13834.000,5.000,
146815.614,callback,grid,318,317.966968,13829.000,13834.000,5.000,
146836.140,boundary,beat,318,318.012468,,,,
146953.457,boundary,quarter,318,318.261633,,,,0.25
147063.830,boundary,half,318,318.517298,,,,
147174.484,boundary,quarter,318,318.751296,,,,0.75
147284.726,callback,beat,319,318.980961,14298.000,14302.000,4.000,
147284.863,callback,grid,319,318.980961,14298.000,14302.000,4.000,
147298.406,boundary,beat,319,319.009128,,,,
147408.899,boundary,quarter,319,319.264793,,,,0.25
147526.137,boundary,half,319,319.513958,,,,
147643.456,boundary,quarter,319,319.765289,,,,0.75
147760.699,boundary,beat,320,320.012287,,,,
147760.739,arrangement,transition,20,320.012287,,,,loop
147871.118,boundary,quarter,320,320.265786,,,,0.25
147988.457,boundary,half,320,320.514951,,,,
148105.772,boundary,quarter,320,320.761949,,,,0.75
148195.447,callback,beat,321,320.969947,446.000,451.000,5.000,
148195.606,callback,grid,321,320.969947,446.000,451.000,5.000,
148216.175,boundary,beat,321,321.013280,,,,
148333.417,boundary,quarter,321,321.262445,,,,0.25
148451.588,boundary,half,321,321.513777,,,,
148568.013,boundary,quarter,321,321.760775,,,,0.75
148664.946,callback,beat,322,321.986107,916.000,920.000,4.000,
148666.989,callback,grid,322,321.986107,916.000,920.000,4.000,
148672.722,boundary,beat,322,322.003440,,,,
148795.740,boundary,quarter,322,322.265605,,,,0.25
148914.237,boundary,half,322,322.512603,,,,
149030.356,boundary,quarter,322,322.757435,,,,0.75
149113.126,callback,beat,323,322.952434,1364.000,1366.000,2.000,
149113.234,callback,grid,323,322.952434,1364.000,1366.000,2.000,
149133.846,boundary,beat,323,323.000100,,,,
149258.067,boundary,quarter,323,323.262265,,,,0.25
149375.360,boundary,half,323,323.511430,,,,
149485.867,boundary,quarter,323,323.764928,,,,0.75
149582.314,callback,bar,324,323.966427,1833.000,1834.000,1.000,
149582.467,callback,beat,324,323.966427,1833.000,1834.000,1.000,
149582.598,callback,grid,324,323.966427,1833.000,1834.000,1.000,
149603.039,boundary,beat,324,324.014093,,,,
149720.361,boundary,quarter,324,324.261091,,,,0.25
149837.647,boundary,half,324,324.510256,,,,
149941.124,boundary,quarter,324,324.750755,,,,0.75
150051.541,callback,beat,325,324.982586,2302.000,2303.000,1.000,
150052.024,callback,grid,325,324.982586,2302.000,2303.000,1.000,
150065.308,boundary,beat,325,325.010753,,,,
150182.732,boundary,quarter,325,325.262084,,,,0.25
150299.926,boundary,half,325,325.509083,,,,
150410.367,boundary,quarter,325,325.762581,,,,0.75
150507.050,callback,beat,326,325.964080,2750.000,2756.000,6.000,
150507.248,callback,grid,326,325.964080,2750.000,2756.000,6.000,
150527.632,boundary,beat,326,326.013913,,,,
150646.369,boundary,quarter,326,326.260911,,,,0.25
150755.357,boundary,half,326,326.514409,,,,
150872.644,boundary,quarter,326,326.763574,,,,0.75
150976.145,callback,beat,327,326.980239,3220.000,3225.000,5.000,
150976.277,callback,grid,327,326.980239,3220.000,3225.000,5.000,
150989.939,boundary,beat,327,327.010572,,,,
151100.374,boundary,quarter,327,327.261904,,,,0.25
151217.607,boundary,half,327,327.513236,,,,
151334.955,boundary,quarter,327,327.762400,,,,0.75
151445.314,callback,bar,328,327.994232,3689.000,3693.000,4.000,
151445.480,callback,beat,328,327.994232,3689.000,3693.000,4.000,
151445.623,callback,grid,328,327.994232,3689.000,3693.000,4.000,
151452.249,boundary,beat,328,328.009399,,,,
151562.719,boundary,quarter,328,328.265064,,,,0.25
151679.904,boundary,half,328,328.514229,,,,
151797.238,boundary,quarter,328,328.759060,,,,0.75
151893.830,callback,beat,329,328.967059,4137.000,4140.000,3.000,
151893.967,callback,grid,329,328.967059,4137.000,4140.000,3.000,
151914.968,boundary,beat,329,329.010392,,,,
152024.957,boundary,quarter,329,329.263890,,,,0.25
152142.301,boundary,half,329,329.513055,,,,
152256.255,boundary,quarter,329,329.753553,,,,0.75
152356.289,callback,beat,330,329.983218,4606.000,4611.000,5.000,
152356.540,callback,grid,330,329.983218,4606.000,4611.000,5.000,
152369.926,boundary,beat,330,330.013552,,,,
152487.258,boundary,quarter,330,330.262717,,,,0.25
152604.653,boundary,half,330,330.511881,,,,
152721.861,boundary,quarter,330,330.761046,,,,0.75
152825.333,callback,beat,331,330.999378,5076.000,5080.000,4.000,
152825.484,callback,grid,331,330.999378,5076.000,5080.000,4.000,
152832.225,boundary,beat,331,331.014545,,,,
152949.508,boundary,quarter,331,331.261543,,,,0.25
153066.824,boundary,half,331,331.510708,,,,
153184.166,boundary,quarter,331,331.757706,,,,0.75
153273.803,callback,bar,332,331.967871,5524.000,5527.000,3.000,
153273.948,callback,beat,332,331.967871,5524.000,5527.000,3.000,
153274.065,callback,grid,332,331.967871,5524.000,5527.000,3.000,
153294.509,boundary,beat,332,332.015538,,,,
153411.811,boundary,quarter,332,332.262536,,,,0.25
153529.101,boundary,half,332,332.507368,,,,
153632.677,boundary,quarter,332,332.750033,,,,0.75
153743.111,callback,beat,333,332.981864,5993.000,5995.000,2.000,
153743.724,callback,grid,333,332.981864,5993.000,5995.000,2.000,
153757.785,boundary,beat,333,333.012198,,,,
153874.117,boundary,quarter,333,333.261362,,,,0.25
153991.438,boundary,half,333,333.510527,,,,
154102.019,boundary,quarter,333,333.766192,,,,0.75
154191.614,callback,beat,334,333.950358,6441.000,6442.000,1.000,
154191.805,callback,grid,334,333.950358,6441.000,6442.000,1.000,
154219.142,boundary,beat,334,334.011024,,,,
154336.467,boundary,quarter,334,334.260189,,,,0.25
154443.306,boundary,half,334,334.505021,,,,
154564.170,boundary,quarter,334,334.762852,,,,0.75
154660.720,callback,beat,335,334.964351,6910.000,6910.000,0.000,
154660.858,callback,grid,335,334.964351,6910.000,6910.000,0.000,
154681.849,boundary,beat,335,335.014184,,,,
154798.740,boundary,quarter,335,335.259015,,,,0.25
154916.122,boundary,half,335,335.529847,,,,
155026.547,boundary,quarter,335,335.763845,,,,0.75
155136.930,callback,bar,336,335.995677,7380.000,7386.000,6.000,
155137.088,callback,beat,336,335.995677,7380.000,7386.000,6.000,
155137.181,callback,grid,336,335.995677,7380.000,7386.000,6.000,
155143.818,boundary,beat,336,336.010843,,,,
155143.869,arrangement,layer,21,336.010843,,,,true
155254.260,boundary,quarter,336,336.262175,,,,0.25
155371.531,boundary,half,336,336.513507,,,,
155488.830,boundary,quarter,336,336.760505,,,,0.75
155585.429,callback,beat,337,336.966337,7828.000,7833.000,5.000,
155585.609,callback,grid,337,336.966337,7828.000,7833.000,5.000,
155606.104,boundary,beat,337,337.009670,,,,
155709.595,boundary,quarter,337,337.250168,,,,0.25
155833.854,boundary,half,337,337.514500,,,,
155951.137,boundary,quarter,337,337.759331,,,,0.75
156052.816,callback,beat,338,337.973830,8297.000,8299.000,2.000,
156052.979,callback,grid,338,337.973830,8297.000,8299.000,2.000,
156068.464,boundary,beat,338,338.008496,,,,
156178.845,boundary,quarter,338,338.264161,,,,0.25
156296.114,boundary,half,338,338.511159,,,,
156413.411,boundary,quarter,338,338.760324,,,,0.75
156516.903,callback,beat,339,338.998656,8766.000,8772.000,6.000,
156517.060,callback,grid,339,338.998656,8766.000,8772.000,6.000,
156523.820,boundary,beat,339,339.013823,,,,
156641.157,boundary,quarter,339,339.262988,,,,0.25
156758.482,boundary,half,339,339.512153,,,,
156875.723,boundary,quarter,339,339.759151,,,,0.75
156965.405,callback,bar,340,339.967149,9214.000,9219.000,5.000,
156965.594,callback,beat,340,339.967149,9214.000,9219.000,5.000,
156965.718,callback,grid,340,339.967149,9214.000,9219.000,5.000,
156986.117,boundary,beat,340,340.014816,,,,
157103.426,boundary,quarter,340,340.261814,,,,0.25
157220.688,boundary,half,340,340.510979,,,,
157338.016,boundary,quarter,340,340.757977,,,,0.75
157434.635,callback,beat,341,340.983309,9684.000,9688.000,4.000,
157434.795,callback,grid,341,340.983309,9684.000,9688.000,4.000,
157448.421,boundary,beat,341,341.013642,,,,
157565.725,boundary,quarter,341,341.262807,,,,0.25
157683.861,boundary,half,341,341.509805,,,,
157793.409,boundary,quarter,341,341.765470,,,,0.75
157903.819,callback,beat,342,341.997302,10153.000,10156.000,3.000,
157903.990,callback,grid,342,341.997302,10153.000,10156.000,3.000,
157910.920,boundary,beat,342,342.012469,,,,
158028.038,boundary,quarter,342,342.259467,,,,0.25
158138.729,boundary,half,342,342.512965,,,,
158255.717,boundary,quarter,342,342.762130,,,,0.75
158352.321,callback,beat,343,342.963629,10601.000,10602.000,1.000,
158352.473,callback,grid,343,342.963629,10601.000,10602.000,1.000,
158373.013,boundary,beat,343,343.011295,,,,
158490.471,boundary,quarter,343,343.260460,,,,0.25
158600.701,boundary,half,343,343.513958,,,,
158718.001,boundary,quarter,343,343.763123,,,,0.75
158821.536,callback,bar,344,343.979788,11070.000,11071.000,1.000,
158821.683,callback,beat,344,343.979788,11070.000,11071.000,1.000,
158821.837,callback,grid,344,343.979788,11070.000,11071.000,1.000,
158835.325,boundary,beat,344,344.007955,,,,
158952.684,boundary,quarter,344,344.259286,,,,0.25
159063.014,boundary,half,344,344.512785,,,,
159180.407,boundary,quarter,344,344.764116,,,,0.75
159280.011,callback,beat,345,344.961282,11518.000,11524.000,6.000,
159280.234,callback,grid,345,344.961282,11518.000,11524.000,6.000,
159302.048,boundary,beat,345,345.019781,,,,
159408.062,boundary,quarter,345,345.262446,,,,0.25
159525.979,boundary,half,345,345.513778,,,,
159655.658,boundary,quarter,345,345.791109,,,,0.75
159742.062,callback,beat,346,345.970941,11988.000,11989.000,1.000,
159742.266,callback,grid,346,345.970941,11988.000,11989.000,1.000,
159762.747,boundary,beat,346,346.016441,,,,
159864.043,boundary,quarter,346,346.250439,,,,0.25
159994.035,boundary,half,346,346.527771,,,,
160100.862,boundary,quarter,346,346.750936,,,,0.75
160210.660,callback,beat,347,346.984934,12457.000,12457.000,0.000,
160210.856,callback,grid,347,346.984934,12457.000,12457.000,0.000,
160223.321,boundary,beat,347,347.008767,,,,
160333.785,boundary,quarter,347,347.266599,,,,0.25
160451.054,boundary,half,347,347.513597,,,,
160568.341,boundary,quarter,347,347.760596,,,,0.75
160651.147,callback,bar,348,347.953428,12905.000,12905.000,0.000,
160651.342,callback,beat,348,347.953428,12905.000,12905.000,0.000,
160651.455,callback,grid,348,347.953428,12905.000,12905.000,0.000,
160671.879,boundary,beat,348,348.001094,,,,
160796.008,boundary,quarter,348,348.263259,,,,0.25
160913.310,boundary,half,348,348.514590,,,,
161030.711,boundary,quarter,348,348.761589,,,,0.75
161120.374,callback,beat,349,348.969587,13374.000,13374.000,0.000,
161120.480,callback,grid,349,348.969587,13374.000,13374.000,0.000,
161141.222,boundary,beat,349,349.017254,,,,
161258.528,boundary,quarter,349,349.264252,,,,0.25
161375.637,boundary,half,349,349.511250,,,,
161486.057,boundary,quarter,349,349.764748,,,,0.75
161596.678,boundary,beat,350,350.000913,,,,
161596.740,callback,beat,350,350.000913,13844.000,13850.000,6.000,
161597.144,callback,grid,350,350.000913,13844.000,13850.000,6.000,
161715.427,boundary,quarter,350,350.250078,,,,0.25
161837.945,boundary,half,350,350.510077,,,,
161941.468,boundary,quarter,350,350.750575,,,,0.75
162044.935,callback,beat,351,350.967240,14292.000,14296.000,4.000,
162045.082,callback,grid,351,350.967240,14292.000,14296.000,4.000,
162065.655,boundary,beat,351,351.014906,,,,
162182.940,boundary,quarter,351,351.261905,,,,0.25
162286.411,boundary,half,351,351.500236,,,,
162410.603,boundary,quarter,351,351.764568,,,,0.75
162527.903,boundary,beat,352,352.011566,,,,
162527.948,arrangement,transition,22,352.011566,,,,alternate
162645.205,boundary,quarter,352,352.260731,,,,0.25
162755.633,boundary,half,352,352.514229,,,,
162872.957,boundary,quarter,352,352.763394,,,,0.75
162983.355,callback,beat,353,352.997393,461.000,464.000,3.000,
162983.575,callback,grid,353,352.997393,461.000,464.000,3.000,
162990.267,boundary,beat,353,353.010393,,,,
163107.555,boundary,quarter,353,353.259558,,,,0.25
163211.036,boundary,half,353,353.500056,,,,
163335.240,boundary,quarter,353,353.760054,,,,0.75
163432.809,callback,beat,354,353.963719,909.000,910.000,1.000,
163433.259,callback,grid,354,353.963719,909.000,910.000,1.000,
163452.546,boundary,beat,354,354.011386,,,,
163562.934,boundary,quarter,354,354.264884,,,,0.25
163680.902,boundary,half,354,354.516215,,,,
163797.542,boundary,quarter,354,354.763214,,,,0.75
163901.017,callback,beat,355,354.982046,1378.000,1378.000,0.000,
163901.122,callback,grid,355,354.982046,1378.000,1378.000,0.000,
163914.816,boundary,beat,355,355.008045,,,,
164025.261,boundary,quarter,355,355.263710,,,,0.25
164142.512,boundary,half,355,355.512875,,,,
164259.871,boundary,quarter,355,355.759874,,,,0.75
164342.616,callback,bar,356,355.952706,1826.000,1828.000,2.000,
164342.746,callback,beat,356,355.952706,1826.000,1828.000,2.000,
164342.803,callback,grid,356,355.952706,1826.000,1828.000,2.000,
164370.200,boundary,beat,356,356.011205,,,,
164487.525,boundary,quarter,356,356.262537,,,,0.25
164604.838,boundary,half,356,356.511702,,,,
164722.117,boundary,quarter,356,356.758700,,,,0.75
164811.854,callback,beat,357,356.968865,2296.000,2297.000,1.000,
164812.041,callback,grid,357,356.968865,2296.000,2297.000,1.000,
164832.538,boundary,beat,357,357.016532,,,,
164949.840,boundary,quarter,357,357.263530,,,,0.25
165067.129,boundary,half,357,357.508361,,,,
165177.542,boundary,quarter,357,357.764026,,,,0.75
165281.054,callback,beat,358,357.982858,2765.000,2765.000,0.000,
165281.206,callback,grid,358,357.982858,2765.000,2765.000,0.000,
165294.824,boundary,beat,358,358.013191,,,,
165412.169,boundary,quarter,358,358.262356,,,,0.25
165529.477,boundary,half,358,358.511521,,,,
165639.854,boundary,quarter,358,358.762853,,,,0.75
165736.404,callback,beat,359,358.966518,3213.000,3219.000,6.000,
165736.528,callback,grid,359,358.966518,3213.000,3219.000,6.000,
165757.162,boundary,beat,359,359.012018,,,,
165874.447,boundary,quarter,359,359.261183,,,,0.25
165991.735,boundary,half,359,359.510348,,,,
166102.098,boundary,quarter,359,359.763846,,,,0.75
166205.625,callback,bar,360,359.980511,3682.000,3687.000,5.000,
166206.157,callback,beat,360,359.980511,3682.000,3687.000,5.000,
166206.327,callback,grid,360,359.980511,3682.000,3687.000,5.000,
166219.424,boundary,beat,360,360.010844,,,,
166336.722,boundary,quarter,360,360.260009,,,,0.25
166447.094,boundary,half,360,360.513507,,,,
166564.422,boundary,quarter,360,360.762672,,,,0.75
166674.854,callback,beat,361,360.996671,4152.000,4156.000,4.000,
166675.057,callback,grid,361,360.996671,4152.000,4156.000,4.000,
166681.741,boundary,beat,361,361.011837,,,,
166799.003,boundary,quarter,361,361.256669,,,,0.25
166909.412,boundary,half,361,361.514500,,,,
167026.781,boundary,quarter,361,361.761499,,,,0.75
167124.357,callback,beat,362,361.967331,4600.000,4604.000,4.000,
167124.527,callback,grid,362,361.967331,4600.000,4604.000,4.000,
167144.060,boundary,beat,362,362.010664,,,,
167261.394,boundary,quarter,362,362.257662,,,,0.25
167371.749,boundary,half,362,362.515494,,,,
167489.031,boundary,quarter,362,362.760325,,,,0.75
167592.764,callback,beat,363,362.979157,5069.000,5071.000,2.000,
167592.934,callback,grid,363,362.979157,5069.000,5071.000,2.000,
167606.363,boundary,beat,363,363.009490,,,,
167716.865,boundary,quarter,363,363.265155,,,,0.25
167833.996,boundary,half,363,363.512153,,,,
167948.720,boundary,quarter,363,363.752652,,,,0.75
168059.615,boundary,beat,364,364.006150,,,,
168065.976,callback,bar,364,364.006150,5538.000,5543.000,5.000,
168066.169,callback,beat,364,364.006150,5538.000,5543.000,5.000,
168066.342,callback,grid,364,364.006150,5538.000,5543.000,5.000,
168183.554,boundary,quarter,364,364.274815,,,,0.25
168308.203,boundary,half,364,364.536980,,,,
168413.826,boundary,quarter,364,364.760145,,,,0.75
168503.534,callback,beat,365,364.968143,5986.000,5989.000,3.000,
168503.735,callback,grid,365,364.968143,5986.000,5989.000,3.000,
168524.234,boundary,beat,365,365.011476,,,,
168641.508,boundary,quarter,365,365.262808,,,,0.25
168758.837,boundary,half,365,365.509806,,,,
168879.390,boundary,quarter,365,365.767638,,,,0.75
168972.743,callback,beat,366,365.984303,6456.000,6458.000,2.000,
168972.889,callback,grid,366,365.984303,6456.000,6458.000,2.000,
168987.562,boundary,beat,366,366.016803,,,,
169104.092,boundary,quarter,366,366.263801,,,,0.25
169221.369,boundary,half,366,366.510799,,,,
169332.550,boundary,quarter,366,366.766464,,,,0.75
169421.458,callback,beat,367,366.952796,6904.000,6905.000,1.000,
169421.687,callback,grid,367,366.952796,6904.000,6905.000,1.000,
169449.099,boundary,beat,367,367.013462,,,,
169566.371,boundary,quarter,367,367.262627,,,,0.25
169683.646,boundary,half,367,367.511792,,,,
169794.057,boundary,quarter,367,367.763124,,,,0.75
169890.668,callback,bar,368,367.966789,7373.000,7373.000,0.000,
169890.892,callback,beat,368,367.966789,7373.000,7373.000,0.000,
169891.084,callback,grid,368,367.966789,7373.000,7373.000,0.000,
169911.375,boundary,beat,368,368.014455,,,,
169911.418,arrangement,layer,23,368.014455,,,,false
170028.654,boundary,quarter,368,368.261454,,,,0.25
170145.948,boundary,half,368,368.508452,,,,
170256.427,boundary,quarter,368,368.766284,,,,0.75
170366.795,callback,beat,369,368.995949,7842.000,7848.000,6.000,
170366.970,callback,grid,369,368.995949,7842.000,7848.000,6.000,
170373.711,boundary,beat,369,369.011115,,,,
170491.007,boundary,quarter,369,369.260280,,,,0.25
170594.633,boundary,half,369,369.500779,,,,
170718.697,boundary,quarter,369,369.762943,,,,0.75
170816.320,callback,beat,370,369.966609,8290.000,8296.000,6.000,
170816.756,callback,grid,370,369.966609,8290.000,8296.000,6.000,
170835.954,boundary,beat,370,370.012108,,,,
170953.289,boundary,quarter,370,370.259107,,,,0.25
171063.658,boundary,half,370,370.514772,,,,
171181.263,boundary,quarter,370,370.761770,,,,0.75
171284.452,callback,beat,371,370.980602,8760.000,8764.000,4.000,
171284.557,callback,grid,371,370.980602,8760.000,8764.000,4.000,
171298.232,boundary,beat,371,371.008768,,,,
171408.697,boundary,quarter,371,371.262266,,,,0.25
171525.968,boundary,half,371,371.511431,,,,
171643.269,boundary,quarter,371,371.762763,,,,0.75
171753.860,callback,bar,372,371.994595,9229.000,9232.000,3.000,
171754.259,callback,beat,372,371.994595,9229.000,9232.000,3.000,
171754.715,callback,grid,372,371.994595,9229.000,9232.000,3.000,
171760.601,boundary,beat,372,372.009761,,,,
171870.969,boundary,quarter,372,372.265426,,,,0.25
171988.302,boundary,half,372,372.512424,,,,
172105.679,boundary,quarter,372,372.759423,,,,0.75
172195.240,callback,beat,373,372.969588,9677.000,9682.000,5.000,
172195.399,callback,grid,373,372.969588,9677.000,9682.000,5.000,
172215.972,boundary,beat,373,373.012921,,,,
172333.280,boundary,quarter,373,373.264253,,,,0.25
172452.680,boundary,half,373,373.517751,,,,
172568.597,boundary,quarter,373,373.762582,,,,0.75
172665.142,callback,beat,374,373.983581,10146.000,10150.000,4.000,
172665.285,callback,grid,374,373.983581,10146.000,10150.000,4.000,
172673.174,boundary,beat,374,374.000914,,,,
172796.212,boundary,quarter,374,374.263079,,,,0.25
172913.624,boundary,half,374,374.512244,,,,
173030.855,boundary,quarter,374,374.761409,,,,0.75
173113.642,callback,beat,375,374.952074,10594.000,10597.000,3.000,
173113.827,callback,grid,375,374.952074,10594.000,10597.000,3.000,
173134.308,boundary,beat,375,375.001907,,,,
173258.526,boundary,quarter,375,375.261905,,,,0.25
173375.844,boundary,half,375,375.511070,,,,
173479.306,boundary,quarter,375,375.751569,,,,0.75
173582.833,callback,bar,376,375.968234,11064.000,11066.000,2.000,
173582.995,callback,beat,376,375.968234,11064.000,11066.000,2.000,
173583.079,callback,grid,376,375.968234,11064.000,11066.000,2.000,
173603.508,boundary,beat,376,376.015900,,,,
173720.844,boundary,quarter,376,376.262898,,,,0.25
173838.284,boundary,half,376,376.509897,,,,
173941.712,boundary,quarter,376,376.750395,,,,0.75
174052.013,callback,beat,377,376.982227,11533.000,11534.000,1.000,
174052.134,callback,grid,377,376.982227,11533.000,11534.000,1.000,
174065.940,boundary,beat,377,377.012560,,,,
174183.136,boundary,quarter,377,377.261725,,,,0.25
174302.994,boundary,half,377,377.515223,,,,
174410.875,boundary,quarter,377,377.766555,,,,0.75
174501.088,callback,beat,378,377.950720,11981.000,11981.000,0.000,
174501.535,callback,grid,378,377.950720,11981.000,11981.000,0.000,
174528.656,boundary,beat,378,378.013553,,,,
174646.138,boundary,quarter,378,378.260551,,,,0.25
174749.481,boundary,half,378,378.501050,,,,
174866.778,boundary,quarter,378,378.750215,,,,0.75
174970.261,callback,beat,379,378.966880,12450.000,12450.000,0.000,
174970.389,callback,grid,379,378.966880,12450.000,12450.000,0.000,
174991.012,boundary,beat,379,379.014546,,,,
175094.499,boundary,quarter,379,379.250711,,,,0.25
175218.705,boundary,half,379,379.515043,,,,
175336.037,boundary,quarter,379,379.764208,,,,0.75
175446.417,callback,bar,380,379.998206,12920.000,12926.000,6.000,
175446.633,callback,beat,380,379.998206,12920.000,12926.000,6.000,
175446.941,callback,grid,380,379.998206,12920.000,12926.000,6.000,
175453.278,boundary,beat,380,380.013373,,,,
175563.666,boundary,quarter,380,380.264704,,,,0.25
175681.011,boundary,half,380,380.513869,,,,
175798.273,boundary,quarter,380,380.763034,,,,0.75
175894.909,callback,beat,381,380.968866,13368.000,13372.000,4.000,
175895.039,callback,grid,381,380.968866,13368.000,13372.000,4.000,
175915.558,boundary,beat,381,381.012199,,,,
176019.097,boundary,quarter,381,381.250531,,,,0.25
176143.315,boundary,half,381,381.517029,,,,
176260.591,boundary,quarter,381,381.761860,,,,0.75
176357.200,callback,beat,382,381.985026,13837.000,13843.000,6.000,
176357.642,callback,grid,382,381.985026,13837.000,13843.000,6.000,
176364.270,boundary,beat,382,382.000192,,,,
176481.376,boundary,quarter,382,382.251524,,,,0.25
176605.578,boundary,half,382,382.513689,,,,
176722.864,boundary,quarter,382,382.762854,,,,0.75
176826.393,boundary,beat,383,383.001185,,,,
176826.455,callback,beat,383,383.001185,14306.000,14312.000,6.000,
176826.598,callback,grid,383,383.001185,14306.000,14312.000,6.000,
176950.610,boundary,quarter,383,383.265517,,,,0.25
177067.880,boundary,half,383,383.512515,,,,
177185.168,boundary,quarter,383,383.759513,,,,0.75
177295.630,boundary,beat,384,384.017345,,,,
177295.682,arrangement,transition,24,384.017345,,,,loop
177412.967,boundary,quarter,384,384.262176,,,,0.25
177530.189,boundary,half,384,384.509175,,,,
177633.707,boundary,quarter,384,384.751840,,,,0.75
177744.066,callback,beat,385,384.983672,455.000,458.000,3.000,
177744.604,callback,grid,385,384.983672,455.000,458.000,3.000,
177757.866,boundary,beat,385,385.014005,,,,
177875.184,boundary,quarter,385,385.263170,,,,0.25
177993.186,boundary,half,385,385.510168,,,,
178102.888,boundary,quarter,385,385.765833,,,,0.75
178192.600,callback,beat,386,385.952165,903.000,905.000,2.000,
178192.799,callback,grid,386,385.952165,903.000,905.000,2.000,
178220.285,boundary,beat,386,386.014998,,,,
178337.466,boundary,quarter,386,386.261996,,,,0.25
178447.873,boundary,half,386,386.513328,,,,
178565.155,boundary,quarter,386,386.762493,,,,0.75
178661.744,callback,beat,387,386.966158,1372.000,1373.000,1.000,
178661.866,callback,grid,387,386.966158,1372.000,1373.000,1.000,
178682.476,boundary,beat,387,387.011657,,,,
178799.785,boundary,quarter,387,387.260822,,,,0.25
178903.275,boundary,half,387,387.501321,,,,
179020.590,boundary,quarter,387,387.750486,,,,0.75
179130.947,callback,bar,388,387.980151,1841.000,1841.000,0.000,
179131.064,callback,beat,388,387.980151,1841.000,1841.000,0.000,
179131.128,callback,grid,388,387.980151,1841.000,1841.000,0.000,
179144.786,boundary,beat,388,388.010484,,,,
179248.635,boundary,quarter,388,388.250982,,,,0.25
179365.568,boundary,half,388,388.500147,,,,
179489.868,boundary,quarter,388,388.762312,,,,0.75
179580.296,callback,beat,389,388.952977,2289.000,2289.000,0.000,
179580.472,callback,grid,389,388.952977,2289.000,2289.000,0.000,
179607.114,boundary,beat,389,389.011477,,,,
179717.504,boundary,quarter,389,389.264975,,,,0.25
179834.784,boundary,half,389,389.514140,,,,
179952.121,boundary,quarter,389,389.761138,,,,0.75
180055.614,callback,beat,390,389.982137,2759.000,2764.000,5.000,
180055.739,callback,grid,390,389.982137,2759.000,2764.000,5.000,
180069.406,boundary,beat,390,390.010303,,,,
180172.938,boundary,quarter,390,390.250802,,,,0.25
180297.052,boundary,half,390,390.510800,,,,
180414.384,boundary,quarter,390,390.762132,,,,0.75
180511.012,callback,beat,391,390.985297,3228.000,3228.000,0.000,
180511.171,callback,grid,391,390.985297,3228.000,3228.000,0.000,
180517.883,boundary,beat,391,391.000463,,,,
180642.065,boundary,quarter,391,391.264795,,,,0.25
180759.375,boundary,half,391,391.513960,,,,
180876.823,boundary,quarter,391,391.758791,,,,0.75
180966.389,callback,bar,392,391.968957,3676.000,3682.000,6.000,
180966.571,callback,beat,392,391.968957,3676.000,3682.000,6.000,
180966.722,callback,grid,392,391.968957,3676.000,3682.000,6.000,
180980.812,boundary,beat,392,392.001456,,,,
181104.803,boundary,quarter,392,392.263621,,,,0.25
181222.159,boundary,half,392,392.512786,,,,
181343.198,boundary,quarter,392,392.768451,,,,0.75
181431.098,callback,beat,393,392.972116,4145.000,4145.000,0.000,
181431.269,callback,grid,393,392.972116,4145.000,4145.000,0.000,
181444.879,boundary,beat,393,393.002449,,,,
181562.210,boundary,quarter,393,393.251614,,,,0.25
181679.515,boundary,half,393,393.500779,,,,
181790.605,boundary,quarter,393,393.758611,,,,0.75
181900.296,callback,beat,394,393.990443,4615.000,4615.000,0.000,
181900.457,callback,grid,394,393.990443,4615.000,4615.000,0.000,
181907.213,boundary,beat,394,394.003442,,,,
182024.529,boundary,quarter,394,394.250441,,,,0.25
182134.901,boundary,half,394,394.503939,,,,
182252.272,boundary,quarter,394,394.755271,,,,0.75
182355.719,callback,beat,395,394.971936,5063.000,5068.000,5.000,
182355.846,callback,grid,395,394.971936,5063.000,5068.000,5.000,
182369.540,boundary,beat,395,395.002269,,,,
182486.796,boundary,quarter,395,395.251434,,,,0.25
182597.197,boundary,half,395,395.502765,,,,
182714.676,boundary,quarter,395,395.754097,,,,0.75
182824.906,callback,bar,396,395.985929,5532.000,5536.000,4.000,
182825.092,callback,beat,396,395.985929,5532.000,5536.000,4.000,
182825.190,callback,grid,396,395.985929,5532.000,5536.000,4.000,
182831.807,boundary,beat,396,396.001095,,,,
182956.015,boundary,quarter,396,396.265427,,,,0.25
183059.837,boundary,half,396,396.505925,,,,
183177.474,boundary,quarter,396,396.750757,,,,0.75
183273.507,callback,beat,397,396.954422,5980.000,5983.000,3.000,
183273.647,callback,grid,397,396.954422,5980.000,5983.000,3.000,
183301.014,boundary,beat,397,397.015088,,,,
183404.560,boundary,quarter,397,397.255587,,,,0.25
183527.974,boundary,half,397,397.517752,,,,
183639.133,boundary,quarter,397,397.751750,,,,0.75
183742.716,callback,beat,398,397.972748,6449.000,6451.000,2.000,
183742.959,callback,grid,398,397.972748,6449.000,6451.000,2.000,
183763.330,boundary,beat,398,398.018248,,,,
183866.823,boundary,quarter,398,398.254413,,,,0.25
183984.111,boundary,half,398,398.501411,,,,
184101.408,boundary,quarter,398,398.752743,,,,0.75
184211.806,callback,beat,399,398.986741,6919.000,6920.000,1.000,
184211.938,callback,grid,399,398.986741,6919.000,6920.000,1.000,
184225.620,boundary,beat,399,399.014908,,,,
184329.134,boundary,quarter,399,399.251073,,,,0.25
184447.630,boundary,half,399,399.504571,,,,
184570.725,boundary,quarter,399,399.766736,,,,0.75
184653.408,callback,bar,400,399.959568,7367.000,7370.000,3.000,
184653.553,callback,beat,400,399.959568,7367.000,7370.000,3.000,
184653.637,callback,grid,400,399.959568,7367.000,7370.000,3.000,
184675.936,boundary,beat,400,400.009401,,,,
184675.989,arrangement,layer,25,400.009401,,,,true
184792.368,boundary,quarter,400,400.256399,,,,0.25
184916.216,boundary,half,400,400.520731,,,,
185019.178,boundary,quarter,400,400.752562,,,,0.75
185122.614,callback,beat,401,400.973561,7836.000,7838.000,2.000,
185122.761,callback,grid,401,400.973561,7836.000,7838.000,2.000,
185136.701,boundary,beat,401,401.003894,,,,
185253.731,boundary,quarter,401,401.253059,,,,0.25
185370.979,boundary,half,401,401.500057,,,,
185481.391,boundary,quarter,401,401.753556,,,,0.75
185591.828,callback,beat,402,401.987554,8305.000,8306.000,1.000,
185591.979,callback,grid,402,401.987554,8305.000,8306.000,1.000,
185598.707,boundary,beat,402,402.002720,,,,
185722.947,boundary,quarter,402,402.267052,,,,0.25
185833.329,boundary,half,402,402.501050,,,,
185943.718,boundary,quarter,402,402.754549,,,,0.75
186041.097,callback,beat,403,402.956047,8753.000,8753.000,0.000,
186041.300,callback,grid,403,402.956047,8753.000,8753.000,0.000,
186061.026,boundary,beat,403,403.003714,,,,
186178.337,boundary,quarter,403,403.250712,,,,0.25
186288.733,boundary,half,403,403.504210,,,,
186406.221,boundary,quarter,403,403.755542,,,,0.75
186510.275,callback,bar,404,403.967874,9223.000,9220.000,-3.000,
186510.505,callback,beat,404,403.967874,9223.000,9220.000,-3.000,
186510.798,callback,grid,404,403.967874,9223.000,9220.000,-3.000,
186523.365,boundary,beat,404,404.002540,,,,
186641.735,boundary,quarter,404,404.253872,,,,0.25
186751.011,boundary,half,404,404.503037,,,,
186868.383,boundary,quarter,404,404.752201,,,,0.75
186985.625,boundary,beat,405,405.001366,,,,
186985.693,callback,beat,405,405.001366,9692.000,9697.000,5.000,
186985.888,callback,grid,405,405.001366,9692.000,9697.000,5.000,
187109.832,boundary,quarter,405,405.263531,,,,0.25
187213.307,boundary,half,405,405.506196,,,,
187330.604,boundary,quarter,405,405.751028,,,,0.75
187434.088,callback,beat,406,405.967693,10140.000,10143.000,3.000,
187434.303,callback,grid,406,405.967693,10140.000,10143.000,3.000,
187454.806,boundary,beat,406,406.015359,,,,
187558.301,boundary,quarter,406,406.255858,,,,0.25
187675.594,boundary,half,406,406.502856,,,,
187792.938,boundary,quarter,406,406.752021,,,,0.75
187903.356,callback,beat,407,406.988186,10609.000,10612.000,3.000,
187903.646,callback,grid,407,406.988186,10609.000,10612.000,3.000,
187917.140,boundary,beat,407,407.012019,,,,
188020.766,boundary,quarter,407,407.254684,,,,0.25
188137.921,boundary,half,407,407.501682,,,,
188255.289,boundary,quarter,407,407.750847,,,,0.75
188345.327,callback,bar,408,407.958846,11057.000,11062.000,5.000,
188345.499,callback,beat,408,407.958846,11057.000,11062.000,5.000,
188346.196,callback,grid,408,407.958846,11057.000,11062.000,5.000,
188365.728,boundary,beat,408,408.002179,,,,
188482.946,boundary,quarter,408,408.251344,,,,0.25
188601.568,boundary,half,408,408.504842,,,,
188724.800,boundary,quarter,408,408.764840,,,,0.75
188814.248,callback,beat,409,408.972839,11527.000,11530.000,3.000,
188814.803,callback,grid,409,408.972839,11527.000,11530.000,3.000,
188827.923,boundary,beat,409,409.003172,,,,
188945.368,boundary,quarter,409,409.254504,,,,0.25
189075.815,boundary,half,409,409.531835,,,,
189171.324,boundary,quarter,409,409.750667,,,,0.75
189285.701,callback,beat,410,409.993332,11996.000,12001.000,5.000,
189285.891,callback,grid,410,409.993332,11996.000,12001.000,5.000,
189292.594,boundary,beat,410,410.008498,,,,
189409.943,boundary,quarter,410,410.255497,,,,0.25
189527.163,boundary,half,410,410.506828,,,,
189637.631,boundary,quarter,410,410.758160,,,,0.75
189734.211,callback,beat,411,410.961825,12444.000,12448.000,4.000,
189734.336,callback,grid,411,410.961825,12444.000,12448.000,4.000,
189754.901,boundary,beat,411,411.007325,,,,
189872.223,boundary,quarter,411,411.256490,,,,0.25
189989.488,boundary,half,411,411.503488,,,,
190099.907,boundary,quarter,411,411.759153,,,,0.75
190203.671,callback,bar,412,411.975818,12913.000,12916.000,3.000,
190203.913,callback,beat,412,411.975818,12913.000,12916.000,3.000,
190204.488,callback,grid,412,411.975818,12913.000,12916.000,3.000,
190217.215,boundary,beat,412,412.006151,,,,
190334.524,boundary,quarter,412,412.255316,,,,0.25
190444.900,boundary,half,412,412.508815,,,,
190562.371,boundary,quarter,412,412.760146,,,,0.75
190673.721,callback,beat,413,412.994145,13383.000,13386.000,3.000,
190673.956,callback,grid,413,412.994145,13383.000,13386.000,3.000,
190679.518,boundary,beat,413,413.007144,,,,
190796.769,boundary,quarter,413,413.251976,,,,0.25
190907.177,boundary,half,413,413.509808,,,,
191024.483,boundary,quarter,413,413.756806,,,,0.75
191121.093,callback,beat,414,413.958305,13831.000,13831.000,0.000,
191121.204,callback,grid,414,413.958305,13831.000,13831.000,0.000,
191141.782,boundary,beat,414,414.005971,,,,
191259.061,boundary,quarter,414,414.252969,,,,0.25
191369.478,boundary,half,414,414.506467,,,,
191486.795,boundary,quarter,414,414.755632,,,,0.75
191590.320,callback,beat,415,414.974464,14300.000,14300.000,0.000,
191590.474,callback,grid,415,414.974464,14300.000,14300.000,0.000,
191604.205,boundary,beat,415,415.002631,,,,
191714.509,boundary,quarter,415,415.260462,,,,0.25
191831.790,boundary,half,415,415.507460,,,,
191949.156,boundary,quarter,415,415.752292,,,,0.75
192059.531,boundary,beat,416,416.007957,,,,
192059.597,arrangement,transition,26,416.007957,,,,alternate
192179.258,boundary,quarter,416,416.261455,,,,0.25
192294.288,boundary,half,416,416.508454,,,,
192411.467,boundary,quarter,416,416.753285,,,,0.75
192501.085,callback,beat,417,416.961284,448.000,448.000,0.000,
192501.268,callback,grid,417,416.961284,448.000,448.000,0.000,
192521.880,boundary,beat,417,417.006783,,,,
192639.124,boundary,quarter,417,417.255948,,,,0.25
192756.410,boundary,half,417,417.505113,,,,
192873.722,boundary,quarter,417,417.754278,,,,0.75
192970.313,callback,beat,418,417.977443,917.000,917.000,0.000,
192970.496,callback,grid,418,417.977443,917.000,917.000,0.000,
192984.095,boundary,beat,418,418.005610,,,,
193101.390,boundary,quarter,418,418.256941,,,,0.25
193218.682,boundary,half,418,418.503940,,,,
193327.019,boundary,quarter,418,418.753105,,,,0.75
193439.379,callback,beat,419,418.982770,1365.000,1381.000,16.000,
193439.516,callback,grid,419,418.982770,1365.000,1381.000,16.000,
193446.295,boundary,beat,419,419.004436,,,,
193575.330,boundary,quarter,419,419.279601,,,,0.25
193687.777,boundary,half,419,419.513599,,,,
193803.619,boundary,quarter,419,419.780098,,,,0.75
193927.104,boundary,beat,420,420.044429,,,,
193927.159,callback,bar,420,420.044429,1835.000,1871.000,36.000,
193927.303,callback,beat,420,420.044429,1835.000,1871.000,36.000,
193946.894,callback,grid,420,420.044429,1835.000,1871.000,36.000,
194030.112,boundary,quarter,420,420.261094,,,,0.25
194147.406,boundary,half,420,420.505926,,,,
194257.786,boundary,quarter,420,420.761591,,,,0.75
194362.818,callback,beat,421,420.982589,2304.000,2304.000,0.000,
194363.048,callback,grid,421,420.982589,2304.000,2304.000,0.000,
194385.381,boundary,beat,421,421.034589,,,,
194488.899,boundary,quarter,421,421.253421,,,,0.25
194599.332,boundary,half,421,421.511252,,,,
194716.611,boundary,quarter,421,421.751751,,,,0.75
194817.768,callback,beat,422,421.964082,2752.000,2757.000,5.000,
194818.252,callback,grid,422,421.964082,2752.000,2757.000,5.000,
194833.878,boundary,beat,422,422.005249,,,,
194951.191,boundary,quarter,422,422.254414,,,,0.25
195061.593,boundary,half,422,422.510079,,,,
195178.862,boundary,quarter,422,422.757077,,,,0.75
195282.412,callback,beat,423,422.971576,3221.000,3222.000,1.000,
195282.583,callback,grid,423,422.971576,3221.000,3222.000,1.000,
195296.287,boundary,beat,423,423.001909,,,,
195406.584,boundary,quarter,423,423.257574,,,,0.25
195523.842,boundary,half,423,423.506738,,,,
195641.202,boundary,quarter,423,423.758070,,,,0.75
195751.548,callback,bar,424,423.989902,3691.000,3692.000,1.000,
195751.672,callback,beat,424,423.989902,3691.000,3692.000,1.000,
195751.743,callback,grid,424,423.989902,3691.000,3692.000,1.000,
195758.495,boundary,beat,424,424.005068,,,,
195868.891,boundary,quarter,424,424.256400,,,,0.25
195986.209,boundary,half,424,424.507732,,,,
196103.477,boundary,quarter,424,424.754730,,,,0.75
196193.260,callback,beat,425,424.964895,4139.000,4142.000,3.000,
196193.733,callback,grid,425,424.964895,4139.000,4142.000,3.000,
196213.869,boundary,beat,425,425.008228,,,,
196331.246,boundary,quarter,425,425.259560,,,,0.25
196448.468,boundary,half,425,425.504391,,,,
196565.754,boundary,quarter,425,425.753556,,,,0.75
196662.373,callback,beat,426,425.978888,4608.000,4610.000,2.000,
196662.561,callback,grid,426,425.978888,4608.000,4610.000,2.000,
196676.716,boundary,beat,426,426.009221,,,,
196793.491,boundary,quarter,426,426.258386,,,,0.25
196910.767,boundary,half,426,426.505384,,,,
197028.078,boundary,quarter,426,426.750216,,,,0.75
197110.830,callback,beat,427,426.945215,5056.000,5056.000,0.000,
197110.940,callback,grid,427,426.945215,5056.000,5056.000,0.000,
197138.485,boundary,beat,427,427.008048,,,,
197255.787,boundary,quarter,427,427.255046,,,,0.25
197373.131,boundary,half,427,427.504211,,,,
197483.442,boundary,quarter,427,427.757709,,,,0.75
197587.009,callback,bar,428,427.974374,5525.000,5531.000,6.000,
197587.174,callback,beat,428,427.974374,5525.000,5531.000,6.000,
197587.346,callback,grid,428,427.974374,5525.000,5531.000,6.000,
197600.740,boundary,beat,428,428.009041,,,,
197718.095,boundary,quarter,428,428.251706,,,,0.25
197835.327,boundary,half,428,428.503037,,,,
197945.781,boundary,quarter,428,428.758702,,,,0.75
198056.223,callback,beat,429,428.992701,5995.000,6001.000,6.000,
198056.391,callback,grid,429,428.992701,5995.000,6001.000,6.000,
198063.051,boundary,beat,429,429.005700,,,,
198180.368,boundary,quarter,429,429.257032,,,,0.25
198297.662,boundary,half,429,429.501864,,,,
198408.292,boundary,quarter,429,429.757529,,,,0.75
198504.924,callback,beat,430,429.959027,6443.000,6447.000,4.000,
198505.170,callback,grid,430,429.959027,6443.000,6447.000,4.000,
198532.206,boundary,beat,430,430.021860,,,,
198642.703,boundary,quarter,430,430.253692,,,,0.25
198753.064,boundary,half,430,430.509357,,,,
198870.398,boundary,quarter,430,430.756355,,,,0.75
198973.870,callback,beat,431,430.973020,6912.000,6915.000,3.000,
198973.985,callback,grid,431,430.973020,6912.000,6915.000,3.000,
198987.773,boundary,beat,431,431.003353,,,,
199098.072,boundary,quarter,431,431.256852,,,,0.25
199215.352,boundary,half,431,431.508183,,,,
199332.658,boundary,quarter,431,431.757348,,,,0.75
199443.074,callback,bar,432,431.989180,7381.000,7384.000,3.000,
199443.232,callback,beat,432,431.989180,7381.000,7384.000,3.000,
199443.344,callback,grid,432,431.989180,7381.000,7384.000,3.000,
199450.038,boundary,beat,432,432.002180,,,,
199450.096,arrangement,layer,27,432.002180,,,,false
199560.370,boundary,quarter,432,432.257845,,,,0.25
199677.666,boundary,half,432,432.507010,,,,
199794.991,boundary,quarter,432,432.754008,,,,0.75
199891.637,callback,beat,433,432.959840,7829.000,7830.000,1.000,
199891.793,callback,grid,433,432.959840,7829.000,7830.000,1.000,
199912.308,boundary,beat,433,433.005339,,,,
200022.732,boundary,quarter,433,433.256671,,,,0.25
200141.049,boundary,half,433,433.508003,,,,
200261.018,boundary,quarter,433,433.761501,,,,0.75
200353.867,callback,beat,434,433.978166,8299.000,8302.000,3.000,
200354.007,callback,grid,434,433.978166,8299.000,8302.000,3.000,
200367.642,boundary,beat,434,434.008499,,,,
200484.974,boundary,quarter,434,434.257664,,,,0.25
200602.264,boundary,half,434,434.504662,,,,
200723.287,boundary,quarter,434,434.760327,,,,0.75
200823.175,callback,beat,435,434.994326,8768.000,8771.000,3.000,
200823.482,callback,grid,435,434.994326,8768.000,8771.000,3.000,
200829.966,boundary,beat,435,435.007326,,,,
200947.255,boundary,quarter,435,435.256491,,,,0.25
201064.581,boundary,half,435,435.505656,,,,
201181.895,boundary,quarter,435,435.750487,,,,0.75
201271.572,callback,bar,436,435.960652,9216.000,9217.000,1.000,
201271.723,callback,beat,436,435.960652,9216.000,9217.000,1.000,
201271.852,callback,grid,436,435.960652,9216.000,9217.000,1.000,
201292.265,boundary,beat,436,436.008319,,,,
201409.611,boundary,quarter,436,436.255317,,,,0.25
201527.290,boundary,half,436,436.504482,,,,
201637.274,boundary,quarter,436,436.760147,,,,0.75
201740.772,callback,beat,437,436.974645,9685.000,9685.000,0.000,
201740.902,callback,grid,437,436.974645,9685.000,9685.000,0.000,
201754.589,boundary,beat,437,437.004978,,,,
201871.970,boundary,quarter,437,437.254143,,,,0.25
201989.751,boundary,half,437,437.503308,,,,
202099.624,boundary,quarter,437,437.756807,,,,0.75
202196.186,callback,beat,438,437.958305,10133.000,10139.000,6.000,
202196.335,callback,grid,438,437.958305,10133.000,10139.000,6.000,
202218.361,boundary,beat,438,438.010305,,,,
202334.160,boundary,quarter,438,438.252970,,,,0.25
202444.628,boundary,half,438,438.506468,,,,
202561.886,boundary,quarter,438,438.755633,,,,0.75
202665.347,callback,beat,439,438.974465,10603.000,10608.000,5.000,
202665.524,callback,grid,439,438.974465,10603.000,10608.000,5.000,
202679.153,boundary,beat,439,439.004798,,,,
202796.491,boundary,quarter,439,439.253963,,,,0.25
202906.887,boundary,half,439,439.505295,,,,
203024.179,boundary,quarter,439,439.756626,,,,0.75
203134.599,callback,bar,440,439.988458,11072.000,11076.000,4.000,
203134.761,callback,beat,440,439.988458,11072.000,11076.000,4.000,
203134.855,callback,grid,440,439.988458,11072.000,11076.000,4.000,
203141.453,boundary,beat,440,440.003624,,,,
203251.869,boundary,quarter,440,440.257123,,,,0.25
203369.193,boundary,half,440,440.508454,,,,
203486.463,boundary,quarter,440,440.753286,,,,0.75
203583.053,callback,beat,441,440.961284,11520.000,11523.000,3.000,
203583.229,callback,grid,441,440.961284,11520.000,11523.000,3.000,
203603.737,boundary,beat,441,441.002451,,,,
203714.206,boundary,quarter,441,441.258116,,,,0.25
203831.438,boundary,half,441,441.507281,,,,
203948.779,boundary,quarter,441,441.754279,,,,0.75
204052.291,callback,beat,442,441.979611,11989.000,11991.000,2.000,
204052.705,callback,grid,442,441.979611,11989.000,11991.000,2.000,
204066.085,boundary,beat,442,442.001277,,,,
204176.559,boundary,quarter,442,442.256942,,,,0.25
204293.790,boundary,half,442,442.503940,,,,
204411.048,boundary,quarter,442,442.753105,,,,0.75
204514.579,callback,beat,443,442.993604,12459.000,12463.000,4.000,
204514.736,callback,grid,443,442.993604,12459.000,12463.000,4.000,
204521.468,boundary,beat,443,443.008770,,,,
204638.808,boundary,quarter,443,443.253602,,,,0.25
204756.078,boundary,half,443,443.504934,,,,
204873.403,boundary,quarter,443,443.751932,,,,0.75
204963.091,callback,bar,444,443.962097,12907.000,12910.000,3.000,
204963.440,callback,beat,444,443.962097,12907.000,12910.000,3.000,
204964.435,callback,grid,444,443.962097,12907.000,12910.000,3.000,
204983.967,boundary,beat,444,444.007597,,,,
205101.185,boundary,quarter,444,444.256762,,,,0.25
205218.396,boundary,half,444,444.501593,,,,
205328.790,boundary,quarter,444,444.755092,,,,0.75
205432.380,callback,beat,445,444.976090,13376.000,13378.000,2.000,
205433.890,callback,grid,445,444.976090,13376.000,13378.000,2.000,
205446.775,boundary,beat,445,445.006423,,,,
205563.516,boundary,quarter,445,445.255588,,,,0.25
205680.683,boundary,half,445,445.502586,,,,
205791.166,boundary,quarter,445,445.760418,,,,0.75
205901.489,callback,beat,446,445.990083,13845.000,13846.000,1.000,
205901.634,callback,grid,446,445.990083,13845.000,13846.000,1.000,
205908.408,boundary,beat,446,446.005250,,,,
206025.647,boundary,quarter,446,446.252248,,,,0.25
206136.109,boundary,half,446,446.507913,,,,
206253.401,boundary,quarter,446,446.757078,,,,0.75
206356.903,callback,beat,447,446.971576,14293.000,14299.000,6.000,
206357.014,callback,grid,447,446.971576,14293.000,14299.000,6.000,
206370.692,boundary,beat,447,447.006243,,,,
206488.217,boundary,quarter,447,447.253241,,,,0.25
206598.331,boundary,half,447,447.506739,,,,
206715.703,boundary,quarter,447,447.755904,,,,0.75
206833.070,boundary,beat,448,448.002902,,,,
206833.189,arrangement,transition,28,448.002902,,,,loop
206950.263,boundary,quarter,448,448.252067,,,,0.25
207060.652,boundary,half,448,448.505566,,,,
207178.337,boundary,quarter,448,448.752564,,,,0.75
207274.624,callback,beat,449,448.954063,441.000,445.000,4.000,
207274.781,callback,grid,449,448.954063,441.000,445.000,4.000,
207301.034,boundary,beat,449,449.014729,,,,
207407.589,boundary,quarter,449,449.259560,,,,0.25
207522.977,boundary,half,449,449.504392,,,,
207640.313,boundary,quarter,449,449.753557,,,,0.75
207743.743,callback,beat,450,449.972389,911.000,914.000,3.000,
207743.862,callback,grid,450,449.972389,911.000,914.000,3.000,
207757.550,boundary,beat,450,450.000555,,,,
207867.960,boundary,quarter,450,450.256220,,,,0.25
207985.301,boundary,half,450,450.503218,,,,
208102.601,boundary,quarter,450,450.752383,,,,0.75
208212.976,callback,beat,451,450.990715,1380.000,1382.000,2.000,
208213.179,callback,grid,451,450.990715,1380.000,1382.000,2.000,
208226.732,boundary,beat,451,451.014548,,,,
208330.320,boundary,quarter,451,451.257213,,,,0.25
208447.557,boundary,half,451,451.504212,,,,
208571.850,boundary,quarter,451,451.768543,,,,0.75
208654.603,callback,bar,452,451.959208,1828.000,1832.000,4.000,
208654.791,callback,beat,452,451.959208,1828.000,1832.000,4.000,
208655.033,callback,grid,452,451.959208,1828.000,1832.000,4.000,
208675.252,boundary,beat,452,452.006875,,,,
208792.555,boundary,quarter,452,452.253873,,,,0.25
208910.315,boundary,half,452,452.505205,,,,
209027.425,boundary,quarter,452,452.752203,,,,0.75
209123.795,callback,beat,453,452.973201,2297.000,2300.000,3.000,
209123.977,callback,grid,453,452.973201,2297.000,2300.000,3.000,
209137.579,boundary,beat,453,453.003535,,,,
209254.899,boundary,quarter,453,453.252699,,,,0.25
209372.205,boundary,half,453,453.501864,,,,
209482.550,boundary,quarter,453,453.755363,,,,0.75
209592.953,callback,beat,454,453.989361,2767.000,2769.000,2.000,
209593.071,callback,grid,454,453.989361,2767.000,2769.000,2.000,
209599.840,boundary,beat,454,454.004528,,,,
209718.006,boundary,quarter,454,454.251526,,,,0.25
209836.636,boundary,half,454,454.505024,,,,
209945.497,boundary,quarter,454,454.756356,,,,0.75
210042.059,callback,beat,455,454.960021,3215.000,3217.000,2.000,
210042.209,callback,grid,455,454.960021,3215.000,3217.000,2.000,
210062.788,boundary,beat,455,455.005521,,,,
210180.168,boundary,quarter,455,455.254686,,,,0.25
210290.576,boundary,half,455,455.506017,,,,
210407.804,boundary,quarter,455,455.755182,,,,0.75
210511.459,callback,bar,456,455.974014,3684.000,3685.000,1.000,
210511.747,callback,beat,456,455.974014,3684.000,3685.000,1.000,
210511.914,callback,grid,456,455.974014,3684.000,3685.000,1.000,
210525.103,boundary,beat,456,456.004347,,,,
210642.401,boundary,quarter,456,456.253512,,,,0.25
210752.837,boundary,half,456,456.507010,,,,
210870.119,boundary,quarter,456,456.758342,,,,0.75
210981.313,callback,beat,457,456.990174,4153.000,4154.000,1.000,
210981.477,callback,grid,457,456.990174,4153.000,4154.000,1.000,
210987.409,boundary,beat,457,457.003174,,,,
211104.705,boundary,quarter,457,457.250172,,,,0.25
211215.218,boundary,half,457,457.508003,,,,
211332.408,boundary,quarter,457,457.755002,,,,0.75
211435.881,callback,beat,458,457.969500,4601.000,4606.000,5.000,
211435.991,callback,grid,458,457.969500,4601.000,4606.000,5.000,
211456.562,boundary,beat,458,458.019333,,,,
211560.106,boundary,quarter,458,458.257665,,,,0.25
211677.357,boundary,half,458,458.504663,,,,
211794.669,boundary,quarter,458,458.753828,,,,0.75
211905.118,callback,beat,459,458.989993,5071.000,5076.000,5.000,
211905.355,callback,grid,459,458.989993,5071.000,5076.000,5.000,
211911.973,boundary,beat,459,459.000826,,,,
212022.402,boundary,quarter,459,459.258658,,,,0.25
212139.662,boundary,half,459,459.503490,,,,
212256.978,boundary,quarter,459,459.752655,,,,0.75
212341.110,callback,bar,460,459.949820,5519.000,5520.000,1.000,
212341.709,callback,beat,460,459.949820,5519.000,5520.000,1.000,
212342.097,callback,grid,460,459.949820,5519.000,5520.000,1.000,
212367.386,boundary,beat,460,460.006153,,,,
212485.087,boundary,quarter,460,460.257484,,,,0.25
212602.057,boundary,half,460,460.506649,,,,
212719.323,boundary,quarter,460,460.751481,,,,0.75
212815.923,callback,beat,461,460.974646,5988.000,5993.000,5.000,
212816.084,callback,grid,461,460.974646,5988.000,5993.000,5.000,
212829.731,boundary,beat,461,461.004979,,,,
212947.018,boundary,quarter,461,461.256311,,,,0.25
213064.436,boundary,half,461,461.503309,,,,
213174.706,boundary,quarter,461,461.754641,,,,0.75
213285.095,callback,beat,462,461.990806,6457.000,6462.000,5.000,
213285.247,callback,grid,462,461.990806,6457.000,6462.000,5.000,
213291.978,boundary,beat,462,462.003806,,,,
213409.293,boundary,quarter,462,462.250804,,,,0.25
213526.580,boundary,half,462,462.502136,,,,
213636.993,boundary,quarter,462,462.755634,,,,0.75
213733.576,callback,beat,463,462.957132,6905.000,6908.000,3.000,
213733.685,callback,grid,463,462.957132,6905.000,6908.000,3.000,
213754.306,boundary,beat,463,463.006965,,,,
213871.578,boundary,quarter,463,463.251797,,,,0.25
213995.800,boundary,half,463,463.516129,,,,
214100.095,boundary,quarter,463,463.758794,,,,0.75
214202.986,callback,bar,464,463.973292,7375.000,7377.000,2.000,
214203.148,callback,beat,464,463.973292,7375.000,7377.000,2.000,
214204.159,callback,grid,464,463.973292,7375.000,7377.000,2.000,
214216.613,boundary,beat,464,464.003625,,,,
214216.664,arrangement,layer,29,464.003625,,,,true
214333.928,boundary,quarter,464,464.252790,,,,0.25
214444.299,boundary,half,464,464.506288,,,,
214562.228,boundary,quarter,464,464.757620,,,,0.75
214671.969,callback,beat,465,464.989452,7844.000,7846.000,2.000,
214672.539,callback,grid,465,464.989452,7844.000,7846.000,2.000,
214679.485,boundary,beat,465,465.004618,,,,
214796.173,boundary,quarter,465,465.251617,,,,0.25
214906.559,boundary,half,465,465.507281,,,,
215023.894,boundary,quarter,465,465.752113,,,,0.75
215120.463,callback,beat,466,465.955778,8292.000,8292.000,0.000,
215120.570,callback,grid,466,465.955778,8292.000,8292.000,0.000,
215141.175,boundary,beat,466,466.003445,,,,
215258.505,boundary,quarter,466,466.250443,,,,0.25
215368.940,boundary,half,466,466.503941,,,,
215486.607,boundary,quarter,466,466.755273,,,,0.75
215596.593,callback,beat,467,466.984938,8761.000,8767.000,6.000,
215596.767,callback,grid,467,466.984938,8761.000,8767.000,6.000,
215603.521,boundary,beat,467,467.000104,,,,
215714.011,boundary,quarter,467,467.257936,,,,0.25
215831.207,boundary,half,467,467.504934,,,,
215948.515,boundary,quarter,467,467.751933,,,,0.75
216060.259,callback,bar,468,467.992431,9231.000,9231.000,0.000,
216060.569,callback,beat,468,467.992431,9231.000,9231.000,0.000,
216061.187,callback,grid,468,467.992431,9231.000,9231.000,0.000,
216065.813,boundary,beat,468,468.001098,,,,
216176.209,boundary,quarter,468,468.254596,,,,0.25
216293.500,boundary,half,468,468.503761,,,,
216411.251,boundary,quarter,468,468.752926,,,,0.75
216500.549,callback,beat,469,468.960924,9679.000,9679.000,0.000,
216500.772,callback,grid,469,468.960924,9679.000,9679.000,0.000,
216521.246,boundary,beat,469,469.006424,,,,
216638.598,boundary,quarter,469,469.255589,,,,0.25
216756.686,boundary,half,469,469.502587,,,,
216873.193,boundary,quarter,469,469.751752,,,,0.75
216976.619,callback,beat,470,469.990084,10148.000,10154.000,6.000,
216976.781,callback,grid,470,469.990084,10148.000,10154.000,6.000,
216983.478,boundary,beat,470,470.005250,,,,
217100.804,boundary,quarter,470,470.254415,,,,0.25
217218.137,boundary,half,470,470.503580,,,,
217328.646,boundary,quarter,470,470.754912,,,,0.75
217420.679,callback,beat,471,470.947744,10596.000,10596.000,0.000,
217420.855,callback,grid,471,470.947744,10596.000,10596.000,0.000,
217445.797,boundary,beat,471,471.004077,,,,
217563.126,boundary,quarter,471,471.253242,,,,0.25
217680.392,boundary,half,471,471.502407,,,,
217790.841,boundary,quarter,471,471.755905,,,,0.75
217894.314,callback,bar,472,471.972570,11065.000,11069.000,4.000,
217894.656,callback,beat,472,471.972570,11065.000,11069.000,4.000,
217895.436,callback,grid,472,471.972570,11065.000,11069.000,4.000,
217908.286,boundary,beat,472,472.002903,,,,
218025.405,boundary,quarter,472,472.252068,,,,0.25
218144.100,boundary,half,472,472.503400,,,,
218253.099,boundary,quarter,472,472.756898,,,,0.75
218363.504,callback,beat,473,472.988730,11535.000,11538.000,3.000,
218363.727,callback,grid,473,472.988730,11535.000,11538.000,3.000,
218370.380,boundary,beat,473,473.003896,,,,
218494.630,boundary,quarter,473,473.268228,,,,0.25
218598.076,boundary,half,473,473.506559,,,,
218715.375,boundary,quarter,473,473.753558,,,,0.75
218811.976,callback,beat,474,473.957223,11983.000,11985.000,2.000,
218812.125,callback,grid,474,473.957223,11983.000,11985.000,2.000,
218832.702,boundary,beat,474,474.002723,,,,
218949.989,boundary,quarter,474,474.251888,,,,0.25
219060.361,boundary,half,474,474.507553,,,,
219177.690,boundary,quarter,474,474.752384,,,,0.75
219281.266,callback,beat,475,474.971216,12452.000,12453.000,1.000,
219281.461,callback,grid,475,474.971216,12452.000,12453.000,1.000,
219294.987,boundary,beat,475,475.001549,,,,
219405.559,boundary,quarter,475,475.255047,,,,0.25
219523.545,boundary,half,475,475.506379,,,,
219640.779,boundary,quarter,475,475.755544,,,,0.75
219751.224,callback,bar,476,475.987376,12921.000,12922.000,1.000,
219751.418,callback,beat,476,475.987376,12921.000,12922.000,1.000,
219751.582,callback,grid,476,475.987376,12921.000,12922.000,1.000,
219758.093,boundary,beat,476,476.002542,,,,
219866.484,boundary,quarter,476,476.251707,,,,0.25
219985.820,boundary,half,476,476.505205,,,,
220103.128,boundary,quarter,476,476.754370,,,,0.75
220192.826,callback,beat,477,476.960202,13369.000,13371.000,2.000,
220193.120,callback,grid,477,476.960202,13369.000,13371.000,2.000,
220213.517,boundary,beat,477,477.005702,,,,
220330.827,boundary,quarter,477,477.254867,,,,0.25
220448.119,boundary,half,477,477.504032,,,,
220565.389,boundary,quarter,477,477.753197,,,,0.75
220662.009,callback,beat,478,477.978529,13839.000,13841.000,2.000,
220662.136,callback,grid,478,477.978529,13839.000,13841.000,2.000,
220675.896,boundary,beat,478,478.006695,,,,
220793.104,boundary,quarter,478,478.258027,,,,0.25
220910.391,boundary,half,478,478.502858,,,,
221034.589,boundary,quarter,478,478.767190,,,,0.75
221110.491,callback,beat,479,478.944855,14287.000,14287.000,0.000,
221110.901,callback,grid,479,478.944855,14287.000,14287.000,0.000,
221138.172,boundary,beat,479,479.007688,,,,
221255.892,boundary,quarter,479,479.254686,,,,0.25
221372.678,boundary,half,479,479.503851,,,,
221483.131,boundary,quarter,479,479.757350,,,,0.75
221600.572,boundary,beat,480,480.006515,,,,
221600.628,arrangement,transition,30,480.006515,,,,alternate
221717.894,boundary,quarter,480,480.253513,,,,0.25
221835.007,boundary,half,480,480.502678,,,,
221945.397,boundary,quarter,480,480.758343,,,,0.75
222055.814,callback,beat,481,480.988008,456.000,461.000,5.000,
222055.964,callback,grid,481,480.988008,456.000,461.000,5.000,
222062.709,boundary,beat,481,481.003174,,,,
222180.017,boundary,quarter,481,481.254506,,,,0.25
222297.293,boundary,half,481,481.501504,,,,
222407.696,boundary,quarter,481,481.755002,,,,0.75
222504.304,callback,beat,482,481.956501,904.000,908.000,4.000,
222504.494,callback,grid,482,481.956501,904.000,908.000,4.000,
222525.003,boundary,beat,482,482.006334,,,,
222642.288,boundary,quarter,482,482.251166,,,,0.25
222752.742,boundary,half,482,482.506831,,,,
222870.161,boundary,quarter,482,482.755995,,,,0.75
222973.496,callback,beat,483,482.972661,1374.000,1377.000,3.000,
222973.686,callback,grid,483,482.972661,1374.000,1377.000,3.000,
222987.485,boundary,beat,483,483.002994,,,,
223097.832,boundary,quarter,483,483.254325,,,,0.25
223215.020,boundary,half,483,483.505657,,,,
223332.344,boundary,quarter,483,483.754822,,,,0.75
223442.244,callback,bar,484,483.986654,1843.000,1845.000,2.000,
223442.856,callback,beat,484,483.986654,1843.000,1845.000,2.000,
223448.865,callback,grid,484,483.986654,1843.000,1845.000,2.000,
223449.471,boundary,beat,484,484.001820,,,,
223561.813,boundary,quarter,484,484.259652,,,,0.25
223679.039,boundary,half,484,484.510983,,,,
223796.341,boundary,quarter,484,484.755815,,,,0.75
223892.924,callback,beat,485,484.963814,2291.000,2294.000,3.000,
223893.024,callback,grid,485,484.963814,2291.000,2294.000,3.000,
223913.620,boundary,beat,485,485.004980,,,,
224024.029,boundary,quarter,485,485.260645,,,,0.25
224141.325,boundary,half,485,485.509810,,,,
224258.653,boundary,quarter,485,485.756808,,,,0.75
224355.247,callback,beat,486,485.979973,2760.000,2765.000,5.000,
224355.421,callback,grid,486,485.979973,2760.000,2765.000,5.000,
224369.031,boundary,beat,486,486.010306,,,,
224486.353,boundary,quarter,486,486.259471,,,,0.25
224605.017,boundary,half,486,486.510803,,,,
224721.206,boundary,quarter,486,486.757801,,,,0.75
224824.473,callback,beat,487,486.996133,3230.000,3234.000,4.000,
224824.609,callback,grid,487,486.996133,3230.000,3234.000,4.000,
224831.845,boundary,beat,487,487.011299,,,,
224948.640,boundary,quarter,487,487.256131,,,,0.25
225065.955,boundary,half,487,487.507463,,,,
225183.373,boundary,quarter,487,487.754461,,,,0.75
225272.966,callback,bar,488,487.964626,3678.000,3681.000,3.000,
225273.112,callback,beat,488,487.964626,3678.000,3681.000,3.000,
225273.189,callback,grid,488,487.964626,3678.000,3681.000,3.000,
225297.342,boundary,beat,488,488.018792,,,,
225410.964,boundary,quarter,488,488.259291,,,,0.25
225528.213,boundary,half,488,488.504122,,,,
225638.704,boundary,quarter,488,488.759787,,,,0.75
225743.107,callback,beat,489,488.980786,4147.000,4150.000,3.000,
225743.252,callback,grid,489,488.980786,4147.000,4150.000,3.000,
225756.922,boundary,beat,489,489.008952,,,,
225874.414,boundary,quarter,489,489.260284,,,,0.25
225991.755,boundary,half,489,489.507282,,,,
226102.131,boundary,quarter,489,489.765114,,,,0.75
226191.876,callback,beat,490,489.947112,4595.000,4596.000,1.000,
226192.053,callback,grid,490,489.947112,4595.000,4596.000,1.000,
226219.449,boundary,beat,490,490.009945,,,,
226336.717,boundary,quarter,490,490.256944,,,,0.25
226447.183,boundary,half,490,490.512609,,,,
226564.839,boundary,quarter,490,490.761773,,,,0.75
226661.059,callback,beat,491,490.963272,5064.000,5065.000,1.000,
226661.207,callback,grid,491,490.963272,5064.000,5065.000,1.000,
226681.763,boundary,beat,491,491.010938,,,,
226799.038,boundary,quarter,491,491.257937,,,,0.25
226909.437,boundary,half,491,491.511435,,,,
227022.709,boundary,quarter,491,491.751933,,,,0.75
227130.247,callback,bar,492,491.979432,5534.000,5534.000,0.000,
227130.544,callback,beat,492,491.979432,5534.000,5534.000,0.000,
227130.827,callback,grid,492,491.979432,5534.000,5534.000,0.000,
227144.027,boundary,beat,492,492.009765,,,,
227254.445,boundary,quarter,492,492.261096,,,,0.25
227371.749,boundary,half,492,492.510261,,,,
227489.016,boundary,quarter,492,492.759426,,,,0.75
227585.607,callback,beat,493,492.963092,5982.000,5987.000,5.000,
227585.745,callback,grid,493,492.963092,5982.000,5987.000,5.000,
227606.301,boundary,beat,493,493.008591,,,,
227716.729,boundary,quarter,493,493.262090,,,,0.25
227834.034,boundary,half,493,493.513421,,,,
227951.339,boundary,quarter,493,493.758253,,,,0.75
228054.857,callback,beat,494,493.981418,6451.000,6455.000,4.000,
228055.055,callback,grid,494,493.981418,6451.000,6455.000,4.000,
228068.605,boundary,beat,494,494.005251,,,,
228179.100,boundary,quarter,494,494.263083,,,,0.25
228299.290,boundary,half,494,494.516581,,,,
228416.016,boundary,quarter,494,494.765746,,,,0.75
228512.500,callback,beat,495,494.986744,6920.000,6922.000,2.000,
228512.606,callback,grid,495,494.986744,6920.000,6922.000,2.000,
228519.468,boundary,beat,495,495.001911,,,,
228644.463,boundary,quarter,495,495.268409,,,,0.25
228753.997,boundary,half,495,495.500241,,,,
228874.287,boundary,quarter,495,495.753739,,,,0.75
228961.048,callback,bar,496,495.955238,7368.000,7369.000,1.000,
228961.404,callback,beat,496,495.955238,7368.000,7369.000,1.000,
228961.557,callback,grid,496,495.955238,7368.000,7369.000,1.000,
228981.722,boundary,beat,496,496.002904,,,,
228981.780,arrangement,layer,31,496.002904,,,,false
229105.893,boundary,quarter,496,496.262902,,,,0.25
229223.253,boundary,half,496,496.514234,,,,
229326.722,boundary,quarter,496,496.750399,,,,0.75
229430.235,callback,beat,497,496.971397,7838.000,7838.000,0.000,
229430.616,callback,grid,497,496.971397,7838.000,7838.000,0.000,
229443.986,boundary,beat,497,497.001730,,,,
229561.324,boundary,quarter,497,497.250895,,,,0.25
229685.496,boundary,half,497,497.510893,,,,
229789.093,boundary,quarter,497,497.751392,,,,0.75
229906.318,boundary,beat,498,498.000557,,,,
229906.361,callback,beat,498,498.000557,8307.000,8313.000,6.000,
229906.465,callback,grid,498,498.000557,8307.000,8313.000,6.000,
230030.506,boundary,quarter,498,498.264888,,,,0.25
230134.941,boundary,half,498,498.503220,,,,
230251.550,boundary,quarter,498,498.750218,,,,0.75
230354.804,callback,beat,499,498.966883,8755.000,8759.000,4.000,
230354.906,callback,grid,499,498.966883,8755.000,8759.000,4.000,
230375.908,boundary,beat,499,499.016716,,,,
230492.840,boundary,quarter,499,499.261548,,,,0.25
230596.365,boundary,half,499,499.502046,,,,
230713.615,boundary,quarter,499,499.751211,,,,0.75
230824.034,callback,bar,500,499.983043,9224.000,9228.000,4.000,
230824.167,callback,beat,500,499.983043,9224.000,9228.000,4.000,
230824.260,callback,grid,500,499.983043,9224.000,9228.000,4.000,
230837.857,boundary,beat,500,500.011210,,,,
230955.139,boundary,quarter,500,500.262541,,,,0.25
231058.603,boundary,half,500,500.500873,,,,
231175.895,boundary,quarter,500,500.750038,,,,0.75
231272.586,callback,beat,501,500.949370,9672.000,9674.000,2.000,
231272.797,callback,grid,501,500.949370,9672.000,9674.000,2.000,
231300.095,boundary,beat,501,501.014369,,,,
231403.618,boundary,quarter,501,501.250534,,,,0.25
231521.493,boundary,half,501,501.501866,,,,
231645.081,boundary,quarter,501,501.764031,,,,0.75
231741.716,callback,beat,502,501.967696,10142.000,10143.000,1.000,
231741.839,callback,grid,502,501.967696,10142.000,10143.000,1.000,
231762.406,boundary,beat,502,502.013196,,,,
231865.898,boundary,quarter,502,502.253694,,,,0.25
231991.389,boundary,half,502,502.520192,,,,
232107.507,boundary,quarter,502,502.762857,,,,0.75
232212.325,callback,beat,503,502.986022,10611.000,10613.000,2.000,
232212.665,callback,grid,503,502.986022,10611.000,10613.000,2.000,
232224.768,boundary,beat,503,503.009855,,,,
232328.510,boundary,quarter,503,503.250354,,,,0.25
232453.311,boundary,half,503,503.516852,,,,
232569.999,boundary,quarter,503,503.766017,,,,0.75
232652.543,callback,bar,504,503.954516,11059.000,11061.000,2.000,
232652.713,callback,beat,504,503.954516,11059.000,11061.000,2.000,
232652.892,callback,grid,504,503.954516,11059.000,11061.000,2.000,
232673.227,boundary,beat,504,504.002182,,,,
232797.402,boundary,quarter,504,504.264347,,,,0.25
232914.720,boundary,half,504,504.513512,,,,
233032.035,boundary,quarter,504,504.762677,,,,0.75
233121.731,callback,beat,505,504.968509,11528.000,11529.000,1.000,
233121.865,callback,grid,505,504.968509,11528.000,11529.000,1.000,
233142.435,boundary,beat,505,505.018342,,,,
233259.717,boundary,quarter,505,505.263173,,,,0.25
233373.570,boundary,half,505,505.503672,,,,
233480.516,boundary,quarter,505,505.750670,,,,0.75
233590.895,callback,beat,506,505.984668,11998.000,11998.000,0.000,
233591.290,callback,grid,506,505.984668,11998.000,11998.000,0.000,
233598.324,boundary,beat,506,506.002001,,,,
233722.856,boundary,quarter,506,506.266333,,,,0.25
233839.311,boundary,half,506,506.511165,,,,
233942.980,boundary,quarter,506,506.751663,,,,0.75
234046.345,callback,beat,507,506.968328,12446.000,12452.000,6.000,
234046.548,callback,grid,507,506.968328,12446.000,12452.000,6.000,
234060.118,boundary,beat,507,507.000828,,,,
234184.430,boundary,quarter,507,507.262993,,,,0.25
234293.044,boundary,half,507,507.512158,,,,
234405.145,boundary,quarter,507,507.750489,,,,0.75
234515.512,callback,bar,508,507.982321,12915.000,12920.000,5.000,
234515.692,callback,beat,508,507.982321,12915.000,12920.000,5.000,
234515.807,callback,grid,508,507.982321,12915.000,12920.000,5.000,
234529.299,boundary,beat,508,508.012654,,,,
234646.626,boundary,quarter,508,508.261819,,,,0.25
234750.097,boundary,half,508,508.502317,,,,
234874.310,boundary,quarter,508,508.766649,,,,0.75
234984.755,callback,beat,509,508.996314,13384.000,13388.000,4.000,
234984.923,callback,grid,509,508.996314,13384.000,13388.000,4.000,
234991.740,boundary,beat,509,509.011481,,,,
235108.936,boundary,quarter,509,509.260646,,,,0.25
235212.417,boundary,half,509,509.501144,,,,
235336.926,boundary,quarter,509,509.763309,,,,0.75
235433.235,callback,beat,510,509.964807,13832.000,13835.000,3.000,
235433.460,callback,grid,510,509.964807,13832.000,13835.000,3.000,
235453.967,boundary,beat,510,510.014640,,,,
235561.423,boundary,quarter,510,510.259472,,,,0.25
235682.034,boundary,half,510,510.517304,,,,
235799.298,boundary,quarter,510,510.764302,,,,0.75
235903.094,callback,beat,511,510.985300,14302.000,14305.000,3.000,
235903.427,callback,grid,511,510.985300,14302.000,14305.000,3.000,
235916.626,boundary,beat,511,511.011300,,,,
236020.132,boundary,quarter,511,511.253965,,,,0.25
236144.571,boundary,half,511,511.513963,,,,
236258.765,boundary,quarter,511,511.754462,,,,0.75
236369.079,boundary,beat,512,512.010127,,,,
236369.158,arrangement,transition,32,512.010127,,,,loop
236486.348,boundary,quarter,512,512.257125,,,,0.25
236603.643,boundary,half,512,512.506290,,,,
236720.977,boundary,quarter,512,512.755455,,,,0.75
236810.652,callback,beat,513,512.963453,450.000,450.000,0.000,
236810.840,callback,grid,513,512.963453,450.000,450.000,0.000,
236831.350,boundary,beat,513,513.011120,,,,
236948.676,boundary,quarter,513,513.258118,,,,0.25
237066.372,boundary,half,513,513.505116,,,,
237176.322,boundary,quarter,513,513.758614,,,,0.75
237280.084,callback,beat,514,513.979613,919.000,919.000,0.000,
237280.460,callback,grid,514,513.979613,919.000,919.000,0.000,
237293.703,boundary,beat,514,514.007779,,,,
237411.158,boundary,quarter,514,514.259111,,,,0.25
237530.635,boundary,half,514,514.510443,,,,
237638.623,boundary,quarter,514,514.757441,,,,0.75
237735.287,callback,beat,515,514.961106,1367.000,1372.000,5.000,
237735.422,callback,grid,515,514.961106,1367.000,1372.000,5.000,
237755.960,boundary,beat,515,515.008772,,,,
237873.248,boundary,quarter,515,515.255771,,,,0.25
237993.267,boundary,half,515,515.511436,,,,
238100.972,boundary,quarter,515,515.760601,,,,0.75
238204.461,callback,bar,516,515.975099,1836.000,1840.000,4.000,
238204.590,callback,beat,516,515.975099,1836.000,1840.000,4.000,
238204.670,callback,grid,516,515.975099,1836.000,1840.000,4.000,
238218.271,boundary,beat,516,516.005432,,,,
238335.568,boundary,quarter,516,516.254597,,,,0.25
238445.911,boundary,half,516,516.510262,,,,
238563.219,boundary,quarter,516,516.759427,,,,0.75
238673.665,callback,beat,517,516.991259,2306.000,2309.000,3.000,
238673.825,callback,grid,517,516.991259,2306.000,2309.000,3.000,
238680.692,boundary,beat,517,517.006425,,,,
238797.891,boundary,quarter,517,517.253424,,,,0.25
238908.240,boundary,half,517,517.509089,,,,
239025.561,boundary,quarter,517,517.756087,,,,0.75
239123.499,callback,beat,518,517.961919,2754.000,2757.000,3.000,
239123.648,callback,grid,518,517.961919,2754.000,2757.000,3.000,
239142.864,boundary,beat,518,518.007418,,,,
239260.169,boundary,quarter,518,518.254417,,,,0.25
239370.525,boundary,half,518,518.510082,,,,
239487.864,boundary,quarter,518,518.757080,,,,0.75
239591.964,callback,beat,519,518.975912,3223.000,3225.000,2.000,
239592.409,callback,grid,519,518.975912,3223.000,3225.000,2.000,
239605.163,boundary,beat,519,519.004078,,,,
239715.549,boundary,quarter,519,519.259743,,,,0.25
239832.947,boundary,half,519,519.508908,,,,
239950.172,boundary,quarter,519,519.758073,,,,0.75
240060.506,callback,bar,520,519.992071,3692.000,3692.000,0.000,
240060.633,callback,beat,520,519.992071,3692.000,3692.000,0.000,
240060.701,callback,grid,520,519.992071,3692.000,3692.000,0.000,
240067.428,boundary,beat,520,520.002905,,,,
240177.868,boundary,quarter,520,520.258570,,,,0.25
240295.133,boundary,half,520,520.507734,,,,
240412.467,boundary,quarter,520,520.754733,,,,0.75
240502.166,callback,beat,521,520.962731,4140.000,4142.000,2.000,
240502.314,callback,grid,521,520.962731,4140.000,4142.000,2.000,
240523.199,boundary,beat,521,521.008231,,,,
240640.140,boundary,quarter,521,521.257396,,,,0.25
240757.431,boundary,half,521,521.504394,,,,
240874.763,boundary,quarter,521,521.753559,,,,0.75
240971.377,callback,beat,522,521.978891,4610.000,4611.000,1.000,
240971.588,callback,grid,522,521.978891,4610.000,4611.000,1.000,
240985.179,boundary,beat,522,522.009224,,,,
241105.264,boundary,quarter,522,522.264889,,,,0.25
241222.525,boundary,half,522,522.509721,,,,
241326.031,boundary,quarter,522,522.750219,,,,0.75
241423.537,callback,beat,523,522.951718,5058.000,5060.000,2.000,
241423.694,callback,grid,523,522.951718,5058.000,5060.000,2.000,
241450.237,boundary,beat,523,523.014550,,,,
241567.533,boundary,quarter,523,523.261549,,,,0.25
241684.826,boundary,half,523,523.512880,,,,
241795.210,boundary,quarter,523,523.764212,,,,0.75
241891.871,callback,bar,524,523.967877,5527.000,5529.000,2.000,
241892.025,callback,beat,524,523.967877,5527.000,5529.000,2.000,
241892.214,callback,grid,524,523.967877,5527.000,5529.000,2.000,
241912.493,boundary,beat,524,524.013377,,,,
242030.434,boundary,quarter,524,524.262542,,,,0.25
242147.107,boundary,half,524,524.509540,,,,
242250.605,boundary,quarter,524,524.750038,,,,0.75
242361.086,callback,beat,525,524.981870,5996.000,5997.000,1.000,
242361.233,callback,grid,525,524.981870,5996.000,5997.000,1.000,
242375.471,boundary,beat,525,525.012203,,,,
242492.176,boundary,quarter,525,525.261368,,,,0.25
242602.511,boundary,half,525,525.514867,,,,
242723.115,boundary,quarter,525,525.772698,,,,0.75
242810.146,callback,beat,526,525.950364,6444.000,6444.000,0.000,
242810.618,callback,grid,526,525.950364,6444.000,6444.000,0.000,
242837.131,boundary,beat,526,526.013196,,,,
242953.275,boundary,quarter,526,526.255861,,,,0.25
243061.240,boundary,half,526,526.507193,,,,
243178.107,boundary,quarter,526,526.754191,,,,0.75
243281.915,callback,beat,527,526.973023,6914.000,6916.000,2.000,
243282.089,callback,grid,527,526.973023,6914.000,6916.000,2.000,
243295.418,boundary,beat,527,527.001190,,,,
243406.484,boundary,quarter,527,527.254688,,,,0.25
243523.102,boundary,half,527,527.503853,,,,
243640.391,boundary,quarter,527,527.753018,,,,0.75
243750.821,callback,bar,528,527.987016,7383.000,7384.000,1.000,
243750.967,callback,beat,528,527.987016,7383.000,7384.000,1.000,
243751.048,callback,grid,528,527.987016,7383.000,7384.000,1.000,
243757.711,boundary,beat,528,528.000016,,,,
243757.780,arrangement,layer,33,528.000016,,,,true
243868.111,boundary,quarter,528,528.255681,,,,0.25
243985.386,boundary,half,528,528.504846,,,,
244109.578,boundary,quarter,528,528.764844,,,,0.75
244193.147,callback,beat,529,528.959843,7831.000,7833.000,2.000,
244196.738,callback,grid,529,528.959843,7831.000,7833.000,2.000,
244213.114,boundary,beat,529,529.003176,,,,
244330.422,boundary,quarter,529,529.254507,,,,0.25
244447.723,boundary,half,529,529.501506,,,,
244565.178,boundary,quarter,529,529.752837,,,,0.75
244661.796,callback,beat,530,529.973836,8300.000,8301.000,1.000,
244662.266,callback,grid,530,529.973836,8300.000,8301.000,1.000,
244675.398,boundary,beat,530,530.004169,,,,
244794.009,boundary,quarter,530,530.257667,,,,0.25
244909.998,boundary,half,530,530.502499,,,,
245034.222,boundary,quarter,530,530.766830,,,,0.75
245110.095,callback,beat,531,530.942329,8748.000,8748.000,0.000,
245110.498,callback,grid,531,530.942329,8748.000,8748.000,0.000,
245137.827,boundary,beat,531,531.005162,,,,
245255.724,boundary,quarter,531,531.252160,,,,0.25
245372.294,boundary,half,531,531.501325,,,,
245482.715,boundary,quarter,531,531.754823,,,,0.75
245586.194,callback,bar,532,531.973655,9218.000,9224.000,6.000,
245586.337,callback,beat,532,531.973655,9218.000,9224.000,6.000,
245586.413,callback,grid,532,531.973655,9218.000,9224.000,6.000,
245599.981,boundary,beat,532,532.006155,,,,
245717.288,boundary,quarter,532,532.253153,,,,0.25
245841.509,boundary,half,532,532.517485,,,,
245944.996,boundary,quarter,532,532.755816,,,,0.75
246055.419,callback,beat,533,532.987648,9687.000,9692.000,5.000,
246055.583,callback,grid,533,532.987648,9687.000,9692.000,5.000,
246062.295,boundary,beat,533,533.002815,,,,
246186.542,boundary,quarter,533,533.267146,,,,0.25
246296.898,boundary,half,533,533.501145,,,,
246408.114,boundary,quarter,533,533.754643,,,,0.75
246502.986,callback,beat,534,533.953975,10135.000,10138.000,3.000,
246504.550,callback,grid,534,533.953975,10135.000,10138.000,3.000,
246528.142,boundary,beat,534,534.010308,,,,
246645.407,boundary,quarter,534,534.257306,,,,0.25
246756.853,boundary,half,534,534.517304,,,,
246873.103,boundary,quarter,534,534.762136,,,,0.75
246973.098,callback,beat,535,534.965801,10604.000,10605.000,1.000,
246973.903,callback,grid,535,534.965801,10604.000,10605.000,1.000,
246990.490,boundary,beat,535,535.011301,,,,
247107.728,boundary,quarter,535,535.256132,,,,0.25
247218.097,boundary,half,535,535.511797,,,,
247335.435,boundary,quarter,535,535.760962,,,,0.75
247445.839,callback,bar,536,535.994961,11074.000,11080.000,6.000,
247445.998,callback,beat,536,535.994961,11074.000,11080.000,6.000,
247446.085,callback,grid,536,535.994961,11074.000,11080.000,6.000,
247452.688,boundary,beat,536,536.007961,,,,
247563.094,boundary,quarter,536,536.261459,,,,0.25
247680.395,boundary,half,536,536.510624,,,,
247797.881,boundary,quarter,536,536.759789,,,,0.75
247894.325,callback,beat,537,536.963454,11522.000,11526.000,4.000,
247894.478,callback,grid,537,536.963454,11522.000,11526.000,4.000,
247915.012,boundary,beat,537,537.008954,,,,
248025.442,boundary,quarter,537,537.262452,,,,0.25
248142.717,boundary,half,537,537.511617,,,,
248264.584,boundary,quarter,537,537.767282,,,,0.75
248358.570,callback,beat,538,537.979614,11991.000,11996.000,5.000,
248359.566,callback,grid,538,537.979614,11991.000,11996.000,5.000,
248366.160,boundary,beat,538,538.003447,,,,
248483.471,boundary,quarter,538,538.252612,,,,0.25
248600.773,boundary,half,538,538.501777,,,,
248725.055,boundary,quarter,538,538.766108,,,,0.75
248821.563,callback,beat,539,538.987107,12460.000,12461.000,1.000,
248821.817,callback,grid,539,538.987107,12460.000,12461.000,1.000,
248828.472,boundary,beat,539,539.002273,,,,
248945.780,boundary,quarter,539,539.251438,,,,0.25
249069.984,boundary,half,539,539.513603,,,,
249187.311,boundary,quarter,539,539.762768,,,,0.75
249270.035,callback,bar,540,539.955600,12908.000,12908.000,0.000,
249270.160,callback,beat,540,539.955600,12908.000,12908.000,0.000,
249270.240,callback,grid,540,539.955600,12908.000,12908.000,0.000,
249290.747,boundary,beat,540,540.005433,,,,
249408.058,boundary,quarter,540,540.250265,,,,0.25
249532.235,boundary,half,540,540.514596,,,,
249635.744,boundary,quarter,540,540.755094,,,,0.75
249746.173,callback,beat,541,540.986926,13378.000,13384.000,6.000,
249746.313,callback,grid,541,540.986926,13378.000,13384.000,6.000,
249753.089,boundary,beat,541,541.002093,,,,
249870.378,boundary,quarter,541,541.251258,,,,0.25
249988.775,boundary,half,541,541.500423,,,,
250102.148,boundary,quarter,541,541.762588,,,,0.75
250189.816,callback,beat,542,541.938086,13826.000,13823.000,-3.000,
250190.000,callback,grid,542,541.938086,13826.000,13823.000,-3.000,
250217.534,boundary,beat,542,542.005253,,,,
250335.770,boundary,quarter,542,542.256584,,,,0.25
250449.325,boundary,half,542,542.514416,,,,
250559.896,boundary,quarter,542,542.750581,,,,0.75
250663.346,callback,beat,543,542.967246,14295.000,14298.000,3.000,
250663.481,callback,grid,543,542.967246,14295.000,14298.000,3.000,
250684.070,boundary,beat,543,543.014912,,,,
250801.360,boundary,quarter,543,543.261910,,,,0.25
250904.872,boundary,half,543,543.502409,,,,
251022.170,boundary,quarter,543,543.751574,,,,0.75
251146.338,boundary,beat,544,544.011572,,,,
251146.395,arrangement,transition,34,544.011572,,,,alternate
251249.841,boundary,quarter,544,544.252070,,,,0.25
251367.386,boundary,half,544,544.501235,,,,
251491.346,boundary,quarter,544,544.765567,,,,0.75
251583.452,callback,beat,545,544.954065,443.000,446.000,3.000,
251583.669,callback,grid,545,544.954065,443.000,446.000,3.000,
251608.658,boundary,beat,545,545.010398,,,,
251712.130,boundary,quarter,545,545.250897,,,,0.25
251836.357,boundary,half,545,545.515228,,,,
251954.671,boundary,quarter,545,545.764393,,,,0.75
252050.260,callback,beat,546,545.978892,912.000,912.000,0.000,
252050.493,callback,grid,546,545.978892,912.000,912.000,0.000,
252072.208,boundary,beat,546,546.015725,,,,
252175.952,boundary,quarter,546,546.254056,,,,0.25
252303.444,boundary,half,546,546.524888,,,,
252411.330,boundary,quarter,546,546.752386,,,,0.75
252511.846,callback,beat,547,546.986385,1382.000,1384.000,2.000,
252512.070,callback,grid,547,546.986385,1382.000,1384.000,2.000,
252524.879,boundary,beat,547,547.014551,,,,
252646.758,boundary,quarter,547,547.272383,,,,0.25
252761.819,boundary,half,547,547.512881,,,,
252878.109,boundary,quarter,547,547.759879,,,,0.75
252960.884,callback,bar,548,547.954878,1830.000,1831.000,1.000,
252961.032,callback,beat,548,547.954878,1830.000,1831.000,1.000,
252961.163,callback,grid,548,547.954878,1830.000,1831.000,1.000,
252981.563,boundary,beat,548,548.000378,,,,
253105.753,boundary,quarter,548,548.264709,,,,0.25
253223.320,boundary,half,548,548.513874,,,,
253340.380,boundary,quarter,548,548.758706,,,,0.75
253430.566,callback,beat,549,548.968871,2299.000,2299.000,0.000,
253430.713,callback,grid,549,548.968871,2299.000,2299.000,0.000,
253451.016,boundary,beat,549,549.016537,,,,
253568.080,boundary,quarter,549,549.263536,,,,0.25
253686.333,boundary,half,549,549.512701,,,,
253797.454,boundary,quarter,549,549.770532,,,,0.75
253900.237,callback,beat,550,549.985031,2768.000,2768.000,0.000,
253900.400,callback,grid,550,549.985031,2768.000,2768.000,0.000,
253910.404,boundary,beat,550,550.006697,,,,
254035.954,boundary,quarter,550,550.273195,,,,0.25
254141.771,boundary,half,550,550.513694,,,,
254252.236,boundary,quarter,550,550.752025,,,,0.75
254355.702,callback,beat,551,550.966524,3216.000,3221.000,5.000,
254355.884,callback,grid,551,550.966524,3216.000,3221.000,5.000,
254370.943,boundary,beat,551,551.005524,,,,
254494.030,boundary,quarter,551,551.263355,,,,0.25
254597.212,boundary,half,551,551.501687,,,,
254714.522,boundary,quarter,551,551.750852,,,,0.75
254824.920,callback,bar,552,551.984850,3686.000,3691.000,5.000,
254825.063,callback,beat,552,551.984850,3686.000,3691.000,5.000,
254825.145,callback,grid,552,551.984850,3686.000,3691.000,5.000,
254838.752,boundary,beat,552,552.013017,,,,
254956.034,boundary,quarter,552,552.264348,,,,0.25
255059.526,boundary,half,552,552.500513,,,,
255183.704,boundary,quarter,552,552.764845,,,,0.75
255273.454,callback,beat,553,552.951177,4134.000,4137.000,3.000,
255273.593,callback,grid,553,552.951177,4134.000,4137.000,3.000,
255301.009,boundary,beat,553,553.014010,,,,
255409.432,boundary,quarter,553,553.263175,,,,0.25
255522.559,boundary,half,553,553.503673,,,,
255646.864,boundary,quarter,553,553.765838,,,,0.75
255742.663,callback,beat,554,553.971670,4603.000,4605.000,2.000,
255742.821,callback,grid,554,553.971670,4603.000,4605.000,2.000,
255763.294,boundary,beat,554,554.012836,,,,
255867.221,boundary,quarter,554,554.253334,,,,0.25
255984.287,boundary,half,554,554.500333,,,,
256101.888,boundary,quarter,554,554.751664,,,,0.75
256211.831,callback,beat,555,554.985663,5072.000,5074.000,2.000,
256212.024,callback,grid,555,554.985663,5072.000,5074.000,2.000,
256225.650,boundary,beat,555,555.009496,,,,
256330.369,boundary,quarter,555,555.254328,,,,0.25
256453.473,boundary,half,555,555.514326,,,,
256570.723,boundary,quarter,555,555.763491,,,,0.75
256653.444,callback,bar,556,555.954156,5520.000,5523.000,3.000,
256653.609,callback,beat,556,555.954156,5520.000,5523.000,3.000,
256653.683,callback,grid,556,555.954156,5520.000,5523.000,3.000,
256674.093,boundary,beat,556,556.003989,,,,
256798.328,boundary,quarter,556,556.263987,,,,0.25
256915.634,boundary,half,556,556.513152,,,,
257019.152,boundary,quarter,556,556.751484,,,,0.75
257122.617,callback,beat,557,556.970316,5990.000,5992.000,2.000,
257122.778,callback,grid,557,556.970316,5990.000,5992.000,2.000,
257136.423,boundary,beat,557,557.000649,,,,
257253.783,boundary,quarter,557,557.251980,,,,0.25
257377.993,boundary,half,557,557.511979,,,,
257481.648,boundary,quarter,557,557.750310,,,,0.75
257591.841,callback,beat,558,557.986475,6459.000,6461.000,2.000,
257592.036,callback,grid,558,557.986475,6459.000,6461.000,2.000,
257598.731,boundary,beat,558,558.001642,,,,
257722.959,boundary,quarter,558,558.265973,,,,0.25
257840.204,boundary,half,558,558.512972,,,,
257943.909,boundary,quarter,558,558.751303,,,,0.75
258040.310,callback,beat,559,558.952802,6907.000,6907.000,0.000,
258040.512,callback,grid,559,558.952802,6907.000,6907.000,0.000,
258061.080,boundary,beat,559,559.000468,,,,
258185.302,boundary,quarter,559,559.262633,,,,0.25
258288.759,boundary,half,559,559.503132,,,,
258406.011,boundary,quarter,559,559.752296,,,,0.75
258516.456,callback,bar,560,559.981962,7376.000,7382.000,6.000,
258516.616,callback,beat,560,559.981962,7376.000,7382.000,6.000,
258516.721,callback,grid,560,559.981962,7376.000,7382.000,6.000,
258530.208,boundary,beat,560,560.016628,,,,
258530.265,arrangement,layer,35,560.016628,,,,false
258647.525,boundary,quarter,560,560.261460,,,,0.25
258750.998,boundary,half,560,560.501958,,,,
258875.199,boundary,quarter,560,560.766289,,,,0.75
258985.644,callback,beat,561,560.998121,7846.000,7851.000,5.000,
258985.766,callback,grid,561,560.998121,7846.000,7851.000,5.000,
258992.553,boundary,beat,561,561.013288,,,,
259109.807,boundary,quarter,561,561.264619,,,,0.25
259213.305,boundary,half,561,561.500784,,,,
259337.688,boundary,quarter,561,561.762949,,,,0.75
259434.282,callback,beat,562,561.966614,8294.000,8298.000,4.000,
259434.818,callback,grid,562,561.966614,8294.000,8298.000,4.000,
259454.849,boundary,beat,562,562.014281,,,,
259558.332,boundary,quarter,562,562.252613,,,,0.25
259682.519,boundary,half,562,562.516944,,,,
259799.836,boundary,quarter,562,562.763942,,,,0.75
259903.329,callback,beat,563,562.984941,8763.000,8766.000,3.000,
259903.481,callback,grid,563,562.984941,8763.000,8766.000,3.000,
259917.099,boundary,beat,563,563.010941,,,,
260035.554,boundary,quarter,563,563.283939,,,,0.25
260140.324,boundary,half,563,563.504937,,,,
260265.355,boundary,quarter,563,563.771435,,,,0.75
260342.936,callback,bar,564,563.951267,9211.000,9214.000,3.000,
260343.291,callback,beat,564,563.951267,9211.000,9214.000,3.000,
260343.441,callback,grid,564,563.951267,9211.000,9214.000,3.000,
260376.841,boundary,beat,564,564.005434,,,,
260487.234,boundary,quarter,564,564.258932,,,,0.25
260604.527,boundary,half,564,564.508097,,,,
260721.843,boundary,quarter,564,564.757262,,,,0.75
260811.500,callback,beat,565,564.963094,9680.000,9681.000,1.000,
260811.649,callback,grid,565,564.963094,9680.000,9681.000,1.000,
260832.206,boundary,beat,565,565.012927,,,,
260949.511,boundary,quarter,565,565.257758,,,,0.25
261066.817,boundary,half,565,565.506923,,,,
261185.945,boundary,quarter,565,565.760422,,,,0.75
261285.725,callback,beat,566,565.992253,10150.000,10156.000,6.000,
261286.628,callback,grid,566,565.992253,10150.000,10156.000,6.000,
261291.514,boundary,beat,566,566.003087,,,,
261424.588,boundary,quarter,566,566.286918,,,,0.25
261528.396,boundary,half,566,566.503583,,,,
261639.797,boundary,quarter,566,566.761415,,,,0.75
261735.167,callback,beat,567,566.960747,10598.000,10603.000,5.000,
261735.341,callback,grid,567,566.960747,10598.000,10603.000,5.000,
261755.852,boundary,beat,567,567.008413,,,,
261873.113,boundary,quarter,567,567.255411,,,,0.25
261990.411,boundary,half,567,567.504576,,,,
262100.786,boundary,quarter,567,567.758074,,,,0.75
262204.298,callback,bar,568,567.974740,11067.000,11071.000,4.000,
262204.434,callback,beat,568,567.974740,11067.000,11071.000,4.000,
262204.578,callback,grid,568,567.974740,11067.000,11071.000,4.000,
262218.113,boundary,beat,568,568.005073,,,,
262335.427,boundary,quarter,568,568.254238,,,,0.25
262445.765,boundary,half,568,568.509903,,,,
262564.170,boundary,quarter,568,568.761234,,,,0.75
262673.509,callback,beat,569,568.988733,11536.000,11539.000,3.000,
262673.736,callback,grid,569,568.988733,11536.000,11539.000,3.000,
262680.427,boundary,beat,569,569.003899,,,,
262798.373,boundary,quarter,569,569.253064,,,,0.25
262908.096,boundary,half,569,569.508729,,,,
263030.881,boundary,quarter,569,569.770894,,,,0.75
263126.535,callback,beat,570,569.965893,11984.000,11990.000,6.000,
263126.683,callback,grid,570,569.965893,11984.000,11990.000,6.000,
263159.792,boundary,beat,570,570.046059,,,,
263265.415,boundary,quarter,570,570.262724,,,,0.25
263368.508,boundary,half,570,570.501055,,,,
263487.343,boundary,quarter,570,570.754554,,,,0.75
263589.894,callback,beat,571,570.971219,12454.000,12454.000,0.000,
263590.039,callback,grid,571,570.971219,12454.000,12454.000,0.000,
263610.325,boundary,beat,571,571.016719,,,,
263712.087,boundary,quarter,571,571.250717,,,,0.25
263839.008,boundary,half,571,571.519382,,,,
263949.404,boundary,quarter,571,571.751213,,,,0.75
264060.103,callback,bar,572,571.991712,12923.000,12923.000,0.000,
264060.290,callback,beat,572,571.991712,12923.000,12923.000,0.000,
264060.407,callback,grid,572,571.991712,12923.000,12923.000,0.000,
264066.692,boundary,beat,572,572.000378,,,,
264177.105,boundary,quarter,572,572.256043,,,,0.25
264295.978,boundary,half,572,572.509542,,,,
264411.704,boundary,quarter,572,572.750040,,,,0.75
264501.375,callback,beat,573,572.960205,13371.000,13372.000,1.000,
264501.517,callback,grid,573,572.960205,13371.000,13372.000,1.000,
264522.080,boundary,beat,573,573.005705,,,,
264639.406,boundary,quarter,573,573.254870,,,,0.25
264759.133,boundary,half,573,573.508368,,,,
264878.162,boundary,quarter,573,573.761866,,,,0.75
264974.953,callback,beat,574,573.985031,13840.000,13845.000,5.000,
264975.099,callback,grid,574,573.985031,13840.000,13845.000,5.000,
264985.735,boundary,beat,574,574.008865,,,,
265103.045,boundary,quarter,574,574.258030,,,,0.25
265220.479,boundary,half,574,574.505028,,,,
265327.376,boundary,quarter,574,574.752026,,,,0.75
265423.804,callback,beat,575,574.953525,14288.000,14292.000,4.000,
265423.950,callback,grid,575,574.953525,14288.000,14292.000,4.000,
265444.276,boundary,beat,575,575.001191,,,,
265568.786,boundary,quarter,575,575.263356,,,,0.25
265686.164,boundary,half,575,575.512521,,,,
265789.480,boundary,quarter,575,575.750853,,,,0.75
265908.799,boundary,beat,576,576.004351,,,,
265908.879,arrangement,transition,36,576.004351,,,,loop
266030.963,boundary,quarter,576,576.264349,,,,0.25
266148.256,boundary,half,576,576.509181,,,,
266251.797,boundary,quarter,576,576.751846,,,,0.75
266362.164,callback,beat,577,576.983677,458.000,460.000,2.000,
266362.357,callback,grid,577,576.983677,458.000,460.000,2.000,
266370.067,boundary,beat,577,577.001011,,,,
266493.302,boundary,quarter,577,577.263175,,,,0.25
266596.864,boundary,half,577,577.503674,,,,
266720.959,boundary,quarter,577,577.768005,,,,0.75
266811.634,callback,beat,578,577.952171,906.000,907.000,1.000,
266811.815,callback,grid,578,577.952171,906.000,907.000,1.000,
266838.274,boundary,beat,578,578.012837,,,,
266955.628,boundary,quarter,578,578.259835,,,,0.25
267059.094,boundary,half,578,578.500334,,,,
267183.255,boundary,quarter,578,578.764665,,,,0.75
267286.758,callback,beat,579,578.979164,1375.000,1381.000,6.000,
267286.952,callback,grid,579,578.979164,1375.000,1381.000,6.000,
267300.636,boundary,beat,579,579.013830,,,,
267418.093,boundary,quarter,579,579.260828,,,,0.25
267528.241,boundary,half,579,579.514326,,,,
267645.597,boundary,quarter,579,579.763491,,,,0.75
267756.219,callback,bar,580,579.997490,1845.000,1851.000,6.000,
267756.628,callback,beat,580,579.997490,1845.000,1851.000,6.000,
267756.920,callback,grid,580,579.997490,1845.000,1851.000,6.000,
267762.863,boundary,beat,580,580.012656,,,,
267866.948,boundary,quarter,580,580.250988,,,,0.25
267984.279,boundary,half,580,580.500153,,,,
268108.480,boundary,quarter,580,580.762318,,,,0.75
268191.366,callback,beat,581,580.957317,2293.000,2294.000,1.000,
268191.540,callback,grid,581,580.957317,2293.000,2294.000,1.000,
268213.327,boundary,beat,581,581.004983,,,,
268329.250,boundary,quarter,581,581.251981,,,,0.25
268453.430,boundary,half,581,581.516313,,,,
268570.736,boundary,quarter,581,581.763311,,,,0.75
268660.411,callback,beat,582,581.971310,2762.000,2762.000,0.000,
268660.548,callback,grid,582,581.971310,2762.000,2762.000,0.000,
268674.251,boundary,beat,582,582.001643,,,,
268791.529,boundary,quarter,582,582.250808,,,,0.25
268915.722,boundary,half,582,582.515139,,,,
269034.241,boundary,quarter,582,582.766471,,,,0.75
269110.294,callback,beat,583,582.941969,3210.000,3210.000,0.000,
269110.520,callback,grid,583,582.941969,3210.000,3210.000,0.000,
269138.192,boundary,beat,583,583.004802,,,,
269255.092,boundary,quarter,583,583.251801,,,,0.25
269372.352,boundary,half,583,583.500966,,,,
269482.884,boundary,quarter,583,583.756630,,,,0.75
269586.281,callback,bar,584,583.971129,3679.000,3685.000,6.000,
269586.504,callback,beat,584,583.971129,3679.000,3685.000,6.000,
269587.115,callback,grid,584,583.971129,3679.000,3685.000,6.000,
269600.060,boundary,beat,584,584.005795,,,,
269717.371,boundary,quarter,584,584.250627,,,,0.25
269841.555,boundary,half,584,584.514959,,,,
269945.049,boundary,quarter,584,584.755457,,,,0.75
270055.478,callback,beat,585,584.987289,4149.000,4154.000,5.000,
270055.628,callback,grid,585,584.987289,4149.000,4154.000,5.000,
270062.458,boundary,beat,585,585.002455,,,,
270183.237,boundary,quarter,585,585.253787,,,,0.25
270297.857,boundary,half,585,585.500785,,,,
270407.382,boundary,quarter,585,585.752117,,,,0.75
270503.966,callback,beat,586,585.955782,4597.000,4601.000,4.000,
270504.161,callback,grid,586,585.955782,4597.000,4601.000,4.000,
270527.225,boundary,beat,586,586.007782,,,,
270642.062,boundary,quarter,586,586.250447,,,,0.25
270752.345,boundary,half,586,586.506111,,,,
270870.024,boundary,quarter,586,586.753110,,,,0.75
270973.487,callback,beat,587,586.969775,5066.000,5069.000,3.000,
270973.610,callback,grid,587,586.969775,5066.000,5069.000,3.000,
270987.338,boundary,beat,587,587.000108,,,,
271097.731,boundary,quarter,587,587.255773,,,,0.25
271215.021,boundary,half,587,587.504938,,,,
271332.324,boundary,quarter,587,587.754103,,,,0.75
271443.118,callback,bar,588,587.985935,5535.000,5538.000,3.000,
271443.381,callback,beat,588,587.985935,5535.000,5538.000,3.000,
271443.535,callback,grid,588,587.985935,5535.000,5538.000,3.000,
271452.649,boundary,beat,588,588.005434,,,,
271560.043,boundary,quarter,588,588.254599,,,,0.25
271677.556,boundary,half,588,588.503764,,,,
271796.100,boundary,quarter,588,588.755096,,,,0.75
271891.356,callback,beat,589,588.956595,5983.000,5984.000,1.000,
271891.505,callback,grid,589,588.956595,5983.000,5984.000,1.000,
271911.933,boundary,beat,589,589.002094,,,,
272022.344,boundary,quarter,589,589.253426,,,,0.25
272141.050,boundary,half,589,589.504757,,,,
272257.210,boundary,quarter,589,589.751756,,,,0.75
272353.520,callback,beat,590,589.974921,6453.000,6456.000,3.000,
272353.658,callback,grid,590,589.974921,6453.000,6456.000,3.000,
272367.325,boundary,beat,590,590.005254,,,,
272485.198,boundary,quarter,590,590.256586,,,,0.25
272607.990,boundary,half,590,590.514417,,,,
272729.283,boundary,quarter,590,590.772249,,,,0.75
272826.694,callback,beat,591,590.999747,6922.000,6929.000,7.000,
272826.877,callback,grid,591,590.999747,6922.000,6929.000,7.000,
272832.355,boundary,beat,591,591.010580,,,,
272950.942,boundary,quarter,591,591.264079,,,,0.25
273063.228,boundary,half,591,591.500244,,,,
273186.736,boundary,quarter,591,591.760242,,,,0.75
273281.109,callback,bar,592,591.979074,7370.000,7381.000,11.000,
273281.325,callback,beat,592,591.979074,7370.000,7381.000,11.000,
273281.590,callback,grid,592,591.979074,7370.000,7381.000,11.000,
273290.236,boundary,beat,592,592.000740,,,,
273290.289,arrangement,layer,37,592.000740,,,,true
273414.429,boundary,quarter,592,592.262905,,,,0.25
273531.731,boundary,half,592,592.514237,,,,
273636.458,boundary,quarter,592,592.752568,,,,0.75
273741.292,callback,beat,593,592.973567,7839.000,7840.000,1.000,
273741.461,callback,grid,593,592.973567,7839.000,7840.000,1.000,
273755.058,boundary,beat,593,593.003900,,,,
273872.387,boundary,quarter,593,593.253065,,,,0.25
273989.656,boundary,half,593,593.502230,,,,
274100.780,boundary,quarter,593,593.757895,,,,0.75
274194.658,callback,beat,594,593.952893,8287.000,8292.000,5.000,
274194.798,callback,grid,594,593.952893,8287.000,8292.000,5.000,
274218.164,boundary,beat,594,594.007060,,,,
274335.450,boundary,quarter,594,594.251891,,,,0.25
274445.919,boundary,half,594,594.507556,,,,
274563.435,boundary,quarter,594,594.756721,,,,0.75
274659.768,callback,beat,595,594.960386,8757.000,8757.000,0.000,
274659.919,callback,grid,595,594.960386,8757.000,8757.000,0.000,
274680.478,boundary,beat,595,595.005886,,,,
274797.792,boundary,quarter,595,595.255051,,,,0.25
274908.166,boundary,half,595,595.506383,,,,
275025.566,boundary,quarter,595,595.755548,,,,0.75
275135.120,callback,bar,596,595.987379,9226.000,9231.000,5.000,
275135.416,callback,beat,596,595.987379,9226.000,9231.000,5.000,
275136.040,callback,grid,596,595.987379,9226.000,9231.000,5.000,
275141.947,boundary,beat,596,596.002546,,,,
275252.393,boundary,quarter,596,596.256044,,,,0.25
275370.060,boundary,half,596,596.507376,,,,
275486.927,boundary,quarter,596,596.752207,,,,0.75
275584.166,callback,beat,597,596.960206,9674.000,9678.000,4.000,
275584.323,callback,grid,597,596.960206,9674.000,9678.000,4.000,
275604.239,boundary,beat,597,597.001372,,,,
275714.678,boundary,quarter,597,597.257037,,,,0.25
275834.177,boundary,half,597,597.510535,,,,
275950.831,boundary,quarter,597,597.755367,,,,0.75
276052.730,callback,beat,598,597.974199,10143.000,10146.000,3.000,
276052.858,callback,grid,598,597.974199,10143.000,10146.000,3.000,
276073.470,boundary,beat,598,598.017532,,,,
276176.971,boundary,quarter,598,598.255864,,,,0.25
276295.453,boundary,half,598,598.505029,,,,
276411.625,boundary,quarter,598,598.754193,,,,0.75
276515.053,callback,beat,599,598.992525,10613.000,10618.000,5.000,
276515.206,callback,grid,599,598.992525,10613.000,10618.000,5.000,
276521.931,boundary,beat,599,599.007692,,,,
276639.220,boundary,quarter,599,599.252523,,,,0.25
276756.539,boundary,half,599,599.501688,,,,
276873.833,boundary,quarter,599,599.750853,,,,0.75
276963.537,callback,bar,600,599.958852,11061.000,11064.000,3.000,
276963.680,callback,beat,600,599.958852,11061.000,11064.000,3.000,
276963.762,callback,grid,600,599.958852,11061.000,11064.000,3.000,
276984.251,boundary,beat,600,600.006518,,,,
277101.561,boundary,quarter,600,600.253516,,,,0.25
277218.870,boundary,half,600,600.500515,,,,
277329.249,boundary,quarter,600,600.754013,,,,0.75
277433.081,callback,beat,601,600.975011,11530.000,11533.000,3.000,
277433.213,callback,grid,601,600.975011,11530.000,11533.000,3.000,
277446.549,boundary,beat,601,601.005345,,,,
277563.847,boundary,quarter,601,601.254510,,,,0.25
277681.140,boundary,half,601,601.501508,,,,
277792.473,boundary,quarter,601,601.759339,,,,0.75
277903.086,callback,beat,602,601.991171,11999.000,12002.000,3.000,
277903.230,callback,grid,602,601.991171,11999.000,12002.000,3.000,
277909.720,boundary,beat,602,602.006338,,,,
278028.239,boundary,quarter,602,602.255503,,,,0.25
278137.486,boundary,half,602,602.506834,,,,
278254.724,boundary,quarter,602,602.758166,,,,0.75
278352.079,callback,beat,603,602.959664,12447.000,12449.000,2.000,
278352.335,callback,grid,603,602.959664,12447.000,12449.000,2.000,
278372.052,boundary,beat,603,603.007331,,,,
278491.760,boundary,quarter,603,603.256496,,,,0.25
278599.707,boundary,half,603,603.507827,,,,
278717.018,boundary,quarter,603,603.756992,,,,0.75
278820.551,callback,bar,604,603.973657,12917.000,12917.000,0.000,
278821.076,callback,beat,604,603.973657,12917.000,12917.000,0.000,
278821.196,callback,grid,604,603.973657,12917.000,12917.000,0.000,
278834.471,boundary,beat,604,604.003990,,,,
278951.659,boundary,quarter,604,604.255322,,,,0.25
279062.011,boundary,half,604,604.506654,,,,
279179.326,boundary,quarter,604,604.753652,,,,0.75
279269.719,callback,beat,605,604.937817,13365.000,13362.000,-3.000,
279269.857,callback,grid,605,604.937817,13365.000,13362.000,-3.000,
279296.635,boundary,beat,605,605.004984,,,,
279407.236,boundary,quarter,605,605.258482,,,,0.25
279529.250,boundary,half,605,605.518480,,,,
279644.540,boundary,quarter,605,605.758978,,,,0.75
279743.119,callback,beat,606,605.971310,13834.000,13837.000,3.000,
279743.247,callback,grid,606,605.971310,13834.000,13837.000,3.000,
279764.350,boundary,beat,606,606.014643,,,,
279867.349,boundary,quarter,606,606.250808,,,,0.25
279985.229,boundary,half,606,606.502140,,,,
280102.156,boundary,quarter,606,606.751305,,,,0.75
280212.510,callback,beat,607,606.987470,14303.000,14305.000,2.000,
280212.663,callback,grid,607,606.987470,14303.000,14305.000,2.000,
280226.324,boundary,beat,607,607.011303,,,,
280329.787,boundary,quarter,607,607.253968,,,,0.25
280447.107,boundary,half,607,607.500966,,,,
280571.348,boundary,quarter,607,607.765298,,,,0.75
280675.460,boundary,beat,608,608.003630,,,,
280675.527,arrangement,transition,38,608.003630,,,,alternate
280792.125,boundary,quarter,608,608.250628,,,,0.25
280916.510,boundary,half,608,608.514959,,,,
281033.605,boundary,quarter,608,608.764124,,,,0.75
281123.347,callback,beat,609,608.969956,451.000,454.000,3.000,
281123.492,callback,grid,609,608.969956,451.000,454.000,3.000,
281137.135,boundary,beat,609,609.000289,,,,
281261.963,boundary,quarter,609,609.266787,,,,0.25
281378.627,boundary,half,609,609.513786,,,,
281482.112,boundary,quarter,609,609.752117,,,,0.75
281592.540,callback,beat,610,609.986116,921.000,923.000,2.000,
281592.684,callback,grid,610,609.986116,921.000,923.000,2.000,
281599.464,boundary,beat,610,610.001282,,,,
281723.631,boundary,quarter,610,610.267781,,,,0.25
281840.918,boundary,half,610,610.512612,,,,
281948.328,boundary,quarter,610,610.759610,,,,0.75
282041.047,callback,beat,611,610.954609,1369.000,1370.000,1.000,
282041.224,callback,grid,611,610.954609,1369.000,1370.000,1.000,
282061.778,boundary,beat,611,611.002275,,,,
282185.938,boundary,quarter,611,611.264440,,,,0.25
282289.454,boundary,half,611,611.500605,,,,
282406.720,boundary,quarter,611,611.751937,,,,0.75
282510.187,callback,bar,612,611.968602,1838.000,1838.000,0.000,
282510.314,callback,beat,612,611.968602,1838.000,1838.000,0.000,
282510.441,callback,grid,612,611.968602,1838.000,1838.000,0.000,
282530.918,boundary,beat,612,612.016268,,,,
282648.210,boundary,quarter,612,612.263267,,,,0.25
282751.805,boundary,half,612,612.503765,,,,
282875.922,boundary,quarter,612,612.768097,,,,0.75
282979.895,callback,beat,613,612.984762,2307.000,2307.000,0.000,
282980.077,callback,grid,613,612.984762,2307.000,2307.000,0.000,
282993.225,boundary,beat,613,613.012928,,,,
283115.815,boundary,quarter,613,613.275093,,,,0.25
283212.682,boundary,half,613,613.500425,,,,
283350.016,boundary,quarter,613,613.792923,,,,0.75
283441.701,callback,beat,614,613.979255,2755.000,2766.000,11.000,
283442.071,callback,grid,614,613.979255,2755.000,2766.000,11.000,
283455.032,boundary,beat,614,614.013921,,,,
283559.139,boundary,quarter,614,614.252253,,,,0.25
283682.688,boundary,half,614,614.516584,,,,
283799.999,boundary,quarter,614,614.763583,,,,0.75
283899.605,callback,beat,615,614.973748,3225.000,3225.000,0.000,
283899.812,callback,grid,615,614.973748,3225.000,3225.000,0.000,
283919.190,boundary,beat,615,615.014914,,,,
284021.055,boundary,quarter,615,615.253246,,,,0.25
284144.972,boundary,half,615,615.513244,,,,
284262.274,boundary,quarter,615,615.762409,,,,0.75
284345.060,callback,bar,616,615.955241,3673.000,3678.000,5.000,
284345.192,callback,beat,616,615.955241,3673.000,3678.000,5.000,
284345.279,callback,grid,616,615.955241,3673.000,3678.000,5.000,
284365.787,boundary,beat,616,616.000741,,,,
284490.042,boundary,quarter,616,616.267239,,,,0.25
284601.072,boundary,half,616,616.501237,,,,
284726.258,boundary,quarter,616,616.763402,,,,0.75
284814.259,callback,beat,617,616.969234,4142.000,4146.000,4.000,
284814.387,callback,grid,617,616.969234,4142.000,4146.000,4.000,
284835.026,boundary,beat,617,617.016901,,,,
284952.409,boundary,quarter,617,617.263899,,,,0.25
285069.615,boundary,half,617,617.515230,,,,
285186.916,boundary,quarter,617,617.762229,,,,0.75
285288.479,callback,beat,618,617.994060,4611.000,4619.000,8.000,
285288.658,callback,grid,618,617.994060,4611.000,4619.000,8.000,
285297.311,boundary,beat,618,618.013560,,,,
285414.603,boundary,quarter,618,618.264892,,,,0.25
285531.869,boundary,half,618,618.511890,,,,
285635.459,boundary,quarter,618,618.750222,,,,0.75
285732.018,callback,beat,619,618.951720,5059.000,5061.000,2.000,
285732.321,callback,grid,619,618.951720,5059.000,5061.000,2.000,
285753.838,boundary,beat,619,619.003720,,,,
285876.907,boundary,quarter,619,619.261552,,,,0.25
285994.182,boundary,half,619,619.510717,,,,
286097.660,boundary,quarter,619,619.751215,,,,0.75
286201.175,callback,bar,620,619.967880,5529.000,5530.000,1.000,
286201.340,callback,beat,620,619.967880,5529.000,5530.000,1.000,
286201.424,callback,grid,620,619.967880,5529.000,5530.000,1.000,
286221.915,boundary,beat,620,620.015546,,,,
286339.212,boundary,quarter,620,620.262545,,,,0.25
286442.692,boundary,half,620,620.500876,,,,
286559.975,boundary,quarter,620,620.750041,,,,0.75
286670.429,callback,beat,621,620.981873,5998.000,5998.000,0.000,
286670.600,callback,grid,621,620.981873,5998.000,5998.000,0.000,
286684.225,boundary,beat,621,621.012206,,,,
286801.516,boundary,quarter,621,621.261371,,,,0.25
286905.020,boundary,half,621,621.501870,,,,
287024.519,boundary,quarter,621,621.751034,,,,0.75
287125.772,callback,beat,622,621.965533,6446.000,6452.000,6.000,
287125.941,callback,grid,622,621.965533,6446.000,6452.000,6.000,
287146.474,boundary,beat,622,622.011033,,,,
287263.809,boundary,quarter,622,622.260198,,,,0.25
287370.732,boundary,half,622,622.509363,,,,
287492.092,boundary,quarter,622,622.765027,,,,0.75
287594.992,callback,beat,623,622.979526,6915.000,6920.000,5.000,
287595.143,callback,grid,623,622.979526,6915.000,6920.000,5.000,
287608.779,boundary,beat,623,623.009859,,,,
287712.298,boundary,quarter,623,623.250357,,,,0.25
287836.522,boundary,half,623,623.514689,,,,
287953.798,boundary,quarter,623,623.763854,,,,0.75
288064.165,callback,bar,624,623.997852,7385.000,7389.000,4.000,
288064.281,callback,beat,624,623.997852,7385.000,7389.000,4.000,
288064.363,callback,grid,624,623.997852,7385.000,7389.000,4.000,
288071.074,boundary,beat,624,624.010852,,,,
288071.115,arrangement,layer,39,624.010852,,,,false
288181.510,boundary,quarter,624,624.268684,,,,0.25
288298.903,boundary,half,624,624.513515,,,,
288416.089,boundary,quarter,624,624.760514,,,,0.75
288505.816,callback,beat,625,624.970679,7833.000,7839.000,6.000,
288505.942,callback,grid,625,624.970679,7833.000,7839.000,6.000,
288519.592,boundary,beat,625,625.001012,,,,
288636.895,boundary,quarter,625,625.250177,,,,0.25
288756.853,boundary,half,625,625.501509,,,,
288874.945,boundary,quarter,625,625.752840,,,,0.75
288975.052,callback,beat,626,625.984672,8302.000,8307.000,5.000,
288975.207,callback,grid,626,625.984672,8302.000,8307.000,5.000,
288988.806,boundary,beat,626,626.015005,,,,
289106.126,boundary,quarter,626,626.264170,,,,0.25
289223.416,boundary,half,626,626.511168,,,,
289327.825,boundary,quarter,626,626.751667,,,,0.75
289423.537,callback,beat,627,626.953165,8750.000,8754.000,4.000,
289424.510,callback,grid,627,626.953165,8750.000,8754.000,4.000,
289451.070,boundary,beat,627,627.013831,,,,
289568.393,boundary,quarter,627,627.260830,,,,0.25
289685.665,boundary,half,627,627.512161,,,,
289789.196,boundary,quarter,627,627.750493,,,,0.75
289892.693,callback,bar,628,627.967158,9219.000,9222.000,3.000,
289892.832,callback,beat,628,627.967158,9219.000,9222.000,3.000,
289892.906,callback,grid,628,627.967158,9219.000,9222.000,3.000,
289913.361,boundary,beat,628,628.014824,,,,
290030.672,boundary,quarter,628,628.261823,,,,0.25
290147.986,boundary,half,628,628.508821,,,,
290251.495,boundary,quarter,628,628.751486,,,,0.75
290361.981,callback,beat,629,628.983318,9689.000,9691.000,2.000,
290362.198,callback,grid,629,628.983318,9689.000,9691.000,2.000,
290375.712,boundary,beat,629,629.013651,,,,
290494.256,boundary,quarter,629,629.264983,,,,0.25
290598.115,boundary,half,629,629.503314,,,,
290720.723,boundary,quarter,629,629.765479,,,,0.75
290812.273,callback,beat,630,629.953978,10137.000,10139.000,2.000,
290812.449,callback,grid,630,629.953978,10137.000,10139.000,2.000,
290838.028,boundary,beat,630,630.012477,,,,
290955.416,boundary,quarter,630,630.259476,,,,0.25
291065.701,boundary,half,630,630.517307,,,,
291183.026,boundary,quarter,630,630.762139,,,,0.75
291284.080,callback,beat,631,630.974471,10606.000,10610.000,4.000,
291284.243,callback,grid,631,630.974471,10606.000,10610.000,4.000,
291297.875,boundary,beat,631,631.004804,,,,
291405.628,boundary,quarter,631,631.253969,,,,0.25
291531.620,boundary,half,631,631.524800,,,,
291648.723,boundary,quarter,631,631.771799,,,,0.75
291750.751,callback,bar,632,631.984130,11075.000,11076.000,1.000,
291750.977,callback,beat,632,631.984130,11075.000,11076.000,1.000,
291751.633,callback,grid,632,631.984130,11075.000,11076.000,1.000,
291764.579,boundary,beat,632,632.014463,,,,
291867.700,boundary,quarter,632,632.252795,,,,0.25
291990.851,boundary,half,632,632.514960,,,,
292108.160,boundary,quarter,632,632.761958,,,,0.75
292190.981,callback,beat,633,632.954790,11523.000,11524.000,1.000,
292191.213,callback,grid,633,632.954790,11523.000,11524.000,1.000,
292211.663,boundary,beat,633,633.000290,,,,
292329.583,boundary,quarter,633,633.251622,,,,0.25
292453.577,boundary,half,633,633.515953,,,,
292570.139,boundary,quarter,633,633.760785,,,,0.75
292665.606,callback,beat,634,633.983950,11993.000,11999.000,6.000,
292665.810,callback,grid,634,633.983950,11993.000,11999.000,6.000,
292676.311,boundary,beat,634,634.005616,,,,
292792.219,boundary,quarter,634,634.252615,,,,0.25
292916.532,boundary,half,634,634.512613,,,,
293033.743,boundary,quarter,634,634.763944,,,,0.75
293109.613,callback,beat,635,634.941610,12441.000,12441.000,0.000,
293109.915,callback,grid,635,634.941610,12441.000,12441.000,0.000,
293137.292,boundary,beat,635,635.002276,,,,
293254.530,boundary,quarter,635,635.251441,,,,0.25
293371.781,boundary,half,635,635.500606,,,,
293482.211,boundary,quarter,635,635.751938,,,,0.75
293586.392,callback,bar,636,635.970769,12910.000,12916.000,6.000,
293586.558,callback,beat,636,635.970769,12910.000,12916.000,6.000,
293587.027,callback,grid,636,635.970769,12910.000,12916.000,6.000,
293599.501,boundary,beat,636,636.003269,,,,
293716.805,boundary,quarter,636,636.250268,,,,0.25
293841.004,boundary,half,636,636.514599,,,,
293944.521,boundary,quarter,636,636.755097,,,,0.75
294056.596,callback,beat,637,636.989096,13379.000,13386.000,7.000,
294057.045,callback,grid,637,636.989096,13379.000,13386.000,7.000,
294069.786,boundary,beat,637,637.015096,,,,
294182.586,boundary,quarter,637,637.257761,,,,0.25
294300.709,boundary,half,637,637.506926,,,,
294406.994,boundary,quarter,637,637.751757,,,,0.75
294503.459,callback,beat,638,637.953256,13827.000,13831.000,4.000,
294503.675,callback,grid,638,637.953256,13827.000,13831.000,4.000,
294524.096,boundary,beat,638,638.000922,,,,
294648.270,boundary,quarter,638,638.260920,,,,0.25
294751.777,boundary,half,638,638.503585,,,,
294869.620,boundary,quarter,638,638.752750,,,,0.75
294978.290,callback,beat,639,638.980249,14297.000,14305.000,8.000,
294978.731,callback,grid,639,638.980249,14297.000,14305.000,8.000,
294989.794,boundary,beat,639,639.008415,,,,
295096.804,boundary,quarter,639,639.251080,,,,0.25
295214.314,boundary,half,639,639.500245,,,,
295332.325,boundary,quarter,639,639.751577,,,,0.75
295451.910,boundary,beat,640,640.005075,,,,
295452.158,arrangement,transition,40,640.005075,,,,loop
295565.980,boundary,quarter,640,640.265073,,,,0.25
295683.337,boundary,half,640,640.514238,,,,
295800.647,boundary,quarter,640,640.765570,,,,0.75
295890.273,callback,beat,641,640.951902,445.000,445.000,0.000,
295890.404,callback,grid,641,640.951902,445.000,445.000,0.000,
295917.933,boundary,beat,641,641.012568,,,,
296021.381,boundary,quarter,641,641.250900,,,,0.25
296145.579,boundary,half,641,641.517398,,,,
296263.122,boundary,quarter,641,641.762229,,,,0.75
296352.628,callback,beat,642,641.972395,914.000,917.000,3.000,
296352.782,callback,grid,642,641.972395,914.000,917.000,3.000,
296366.408,boundary,beat,642,642.000561,,,,
296483.703,boundary,quarter,642,642.251893,,,,0.25
296607.891,boundary,half,642,642.514058,,,,
296725.169,boundary,quarter,642,642.763223,,,,0.75
296821.825,callback,beat,643,642.986388,1383.000,1385.000,2.000,
296822.407,callback,grid,643,642.986388,1383.000,1385.000,2.000,
296828.679,boundary,beat,643,643.001554,,,,
296952.916,boundary,quarter,643,643.265886,,,,0.25
297070.214,boundary,half,643,643.512884,,,,
297187.519,boundary,quarter,643,643.762049,,,,0.75
297270.318,callback,bar,644,643.952714,1831.000,1831.000,0.000,
297270.475,callback,beat,644,643.952714,1831.000,1831.000,0.000,
297270.603,callback,grid,644,643.952714,1831.000,1831.000,0.000,
297290.984,boundary,beat,644,644.002547,,,,
297415.186,boundary,quarter,644,644.262545,,,,0.25
297532.628,boundary,half,644,644.513877,,,,
297636.077,boundary,quarter,644,644.752209,,,,0.75
297740.204,callback,beat,645,644.971041,2301.000,2301.000,0.000,
297740.617,callback,grid,645,644.971041,2301.000,2301.000,0.000,
297760.233,boundary,beat,645,645.016540,,,,
297870.586,boundary,quarter,645,645.250539,,,,0.25
297994.818,boundary,half,645,645.510537,,,,
298098.456,boundary,quarter,645,645.751035,,,,0.75
298194.901,callback,beat,646,645.952534,2749.000,2754.000,5.000,
298195.160,callback,grid,646,645.952534,2749.000,2754.000,5.000,
298215.567,boundary,beat,646,646.000200,,,,
298339.801,boundary,quarter,646,646.264532,,,,0.25
298457.056,boundary,half,646,646.511530,,,,
298567.670,boundary,quarter,646,646.765028,,,,0.75
298664.111,callback,beat,647,646.966527,3218.000,3222.000,4.000,
298664.433,callback,grid,647,646.966527,3218.000,3222.000,4.000,
298684.829,boundary,beat,647,647.014193,,,,
298799.047,boundary,quarter,647,647.254691,,,,0.25
298905.573,boundary,half,647,647.501690,,,,
299022.896,boundary,quarter,647,647.750855,,,,0.75
299133.333,callback,bar,648,647.980520,3687.000,3690.000,3.000,
299133.540,callback,beat,648,647.980520,3687.000,3690.000,3.000,
299133.823,callback,grid,648,647.980520,3687.000,3690.000,3.000,
299147.083,boundary,beat,648,648.010853,,,,
299250.611,boundary,quarter,648,648.251351,,,,0.25
299367.888,boundary,half,648,648.500516,,,,
299492.103,boundary,quarter,648,648.764848,,,,0.75
299581.803,callback,beat,649,648.953346,4135.000,4137.000,2.000,
299581.946,callback,grid,649,648.953346,4135.000,4137.000,2.000,
299609.398,boundary,beat,649,649.011846,,,,
299712.958,boundary,quarter,649,649.250178,,,,0.25
299837.129,boundary,half,649,649.514509,,,,
299949.685,boundary,quarter,649,649.752841,,,,0.75
300051.299,callback,beat,650,649.967339,4605.000,4606.000,1.000,
300052.277,callback,grid,650,649.967339,4605.000,4606.000,1.000,
300071.739,boundary,beat,650,650.012839,,,,
300177.623,boundary,quarter,650,650.257671,,,,0.25
300293.750,boundary,half,650,650.500336,,,,
300414.275,boundary,quarter,650,650.756001,,,,0.75
300518.456,callback,beat,651,650.996499,5074.000,5082.000,8.000,
300518.782,callback,grid,651,650.996499,5074.000,5082.000,8.000,
300521.288,boundary,beat,651,651.002999,,,,
300642.958,boundary,quarter,651,651.262997,,,,0.25
300759.178,boundary,half,651,651.507829,,,,
300880.183,boundary,quarter,651,651.765660,,,,0.75
300971.514,callback,bar,652,651.975825,5522.000,5534.000,12.000,
300971.696,callback,beat,652,651.975825,5522.000,5534.000,12.000,
300973.583,callback,grid,652,651.975825,5522.000,5534.000,12.000,
300984.956,boundary,beat,652,652.006159,,,,
301102.271,boundary,quarter,652,652.253157,,,,0.25
301226.634,boundary,half,652,652.515322,,,,
301343.770,boundary,quarter,652,652.762320,,,,0.75
301438.340,callback,beat,653,652.981152,5991.000,5998.000,7.000,
301438.537,callback,grid,653,652.981152,5991.000,5998.000,7.000,
301452.123,boundary,beat,653,653.009318,,,,
301569.396,boundary,quarter,653,653.260650,,,,0.25
301686.653,boundary,half,653,653.507648,,,,
301822.920,boundary,quarter,653,653.800146,,,,0.75
301908.570,callback,beat,654,653.999478,6461.000,6468.000,7.000,
301908.717,callback,grid,654,653.999478,6461.000,6468.000,7.000,
301911.390,boundary,beat,654,654.005978,,,,
302028.709,boundary,quarter,654,654.250810,,,,0.25
302139.168,boundary,half,654,654.504308,,,,
302256.420,boundary,quarter,654,654.753473,,,,0.75
302354.297,callback,beat,655,654.959305,6909.000,6911.000,2.000,
302354.448,callback,grid,655,654.959305,6909.000,6911.000,2.000,
302373.719,boundary,beat,655,655.004805,,,,
302491.011,boundary,quarter,655,655.251803,,,,0.25
302601.601,boundary,half,655,655.507468,,,,
302718.902,boundary,quarter,655,655.756633,,,,0.75
302824.256,callback,bar,656,655.975464,7378.000,7380.000,2.000,
302824.588,callback,beat,656,655.975464,7378.000,7380.000,2.000,
302825.104,callback,grid,656,655.975464,7378.000,7380.000,2.000,
302841.250,boundary,beat,656,656.018798,,,,
302841.436,arrangement,layer,41,656.018798,,,,true
302955.384,boundary,quarter,656,656.254963,,,,0.25
303066.069,boundary,half,656,656.514961,,,,
303180.871,boundary,quarter,656,656.759792,,,,0.75
303271.024,callback,beat,657,656.943958,7826.000,7827.000,1.000,
303272.137,callback,grid,657,656.943958,7826.000,7827.000,1.000,
303298.067,boundary,beat,657,657.004624,,,,
303408.475,boundary,quarter,657,657.260289,,,,0.25
303525.825,boundary,half,657,657.509454,,,,
303642.979,boundary,quarter,657,657.756452,,,,0.75
303739.602,callback,beat,658,657.962284,8295.000,8295.000,0.000,
303740.030,callback,grid,658,657.962284,8295.000,8295.000,0.000,
303760.325,boundary,beat,658,658.005617,,,,
303870.703,boundary,quarter,658,658.259115,,,,0.25
303987.980,boundary,half,658,658.506114,,,,
304103.021,boundary,quarter,658,658.750945,,,,0.75
304210.780,callback,beat,659,658.978444,8765.000,8766.000,1.000,
304210.951,callback,grid,659,658.978444,8765.000,8766.000,1.000,
304224.634,boundary,beat,659,659.008777,,,,
304335.000,boundary,quarter,659,659.264442,,,,0.25
304452.296,boundary,half,659,659.509273,,,,
304569.588,boundary,quarter,659,659.760605,,,,0.75
304652.778,callback,bar,660,659.953437,9213.000,9216.000,3.000,
304652.986,callback,beat,660,659.953437,9213.000,9216.000,3.000,
304653.321,callback,grid,660,659.953437,9213.000,9216.000,3.000,
304680.014,boundary,beat,660,660.014103,,,,
304797.335,boundary,quarter,660,660.261102,,,,0.25
304914.603,boundary,half,660,660.512433,,,,
305031.862,boundary,quarter,660,660.757265,,,,0.75
305121.594,callback,beat,661,660.967430,9682.000,9684.000,2.000,
305121.731,callback,grid,661,660.967430,9682.000,9684.000,2.000,
305142.305,boundary,beat,661,661.012930,,,,
305259.614,boundary,quarter,661,661.262095,,,,0.25
305376.927,boundary,half,661,661.509093,,,,
305487.335,boundary,quarter,661,661.760424,,,,0.75
305590.811,callback,beat,662,661.981423,10151.000,10152.000,1.000,
305590.983,callback,grid,662,661.981423,10151.000,10152.000,1.000,
305604.577,boundary,beat,662,662.011756,,,,
305721.928,boundary,quarter,662,662.260921,,,,0.25
305840.987,boundary,half,662,662.512253,,,,
305949.758,boundary,quarter,662,662.765751,,,,0.75
306039.824,callback,beat,663,662.949916,10599.000,10599.000,0.000,
306039.977,callback,grid,663,662.949916,10599.000,10599.000,0.000,
306066.933,boundary,beat,663,663.012749,,,,
306184.175,boundary,quarter,663,663.257581,,,,0.25
306294.588,boundary,half,663,663.513246,,,,
306411.967,boundary,quarter,663,663.762411,,,,0.75
306512.955,callback,bar,664,663.974743,11069.000,11072.000,3.000,
306513.096,callback,beat,664,663.974743,11069.000,11072.000,3.000,
306513.271,callback,grid,664,663.974743,11069.000,11072.000,3.000,
306526.673,boundary,beat,664,664.005076,,,,
306643.982,boundary,quarter,664,664.254241,,,,0.25
306754.369,boundary,half,664,664.507739,,,,
306871.642,boundary,quarter,664,664.756904,,,,0.75
306982.015,callback,beat,665,664.988736,11538.000,11540.000,2.000,
306982.124,callback,grid,665,664.988736,11538.000,11540.000,2.000,
306988.915,boundary,beat,665,665.003902,,,,
307106.216,boundary,quarter,665,665.250900,,,,0.25
307216.660,boundary,half,665,665.508732,,,,
307333.961,boundary,quarter,665,665.753564,,,,0.75
307430.554,callback,beat,666,665.957229,11986.000,11987.000,1.000,
307430.780,callback,grid,666,665.957229,11986.000,11987.000,1.000,
307451.244,boundary,beat,666,666.002728,,,,
307561.663,boundary,quarter,666,666.258393,,,,0.25
307678.933,boundary,half,666,666.505392,,,,
307796.325,boundary,quarter,666,666.754557,,,,0.75
307899.758,callback,beat,667,666.975555,12455.000,12455.000,0.000,
307901.230,callback,grid,667,666.975555,12455.000,12455.000,0.000,
307915.895,boundary,beat,667,667.005888,,,,
308023.974,boundary,quarter,667,667.257220,,,,0.25
308141.241,boundary,half,667,667.504218,,,,
308260.177,boundary,quarter,667,667.757716,,,,0.75
308342.000,callback,bar,668,667.946215,12903.000,12905.000,2.000,
308343.706,callback,beat,668,667.946215,12903.000,12905.000,2.000,
308345.102,callback,grid,668,667.946215,12903.000,12905.000,2.000,
308368.967,boundary,beat,668,668.004715,,,,
308486.258,boundary,quarter,668,668.253880,,,,0.25
308603.557,boundary,half,668,668.505211,,,,
308720.867,boundary,quarter,668,668.752209,,,,0.75
308810.530,callback,beat,669,668.962375,13373.000,13374.000,1.000,
308810.680,callback,grid,669,668.962375,13373.000,13374.000,1.000,
308831.216,boundary,beat,669,669.007874,,,,
308948.539,boundary,quarter,669,669.257039,,,,0.25
309065.852,boundary,half,669,669.501871,,,,
309176.256,boundary,quarter,669,669.755369,,,,0.75
309279.723,callback,beat,670,669.976368,13842.000,13842.000,0.000,
309279.860,callback,grid,670,669.976368,13842.000,13842.000,0.000,
309293.514,boundary,beat,670,670.006701,,,,
309410.821,boundary,quarter,670,670.255866,,,,0.25
309528.234,boundary,half,670,670.502864,,,,
309639.992,boundary,quarter,670,670.758529,,,,0.75
309729.762,callback,beat,671,670.947028,14290.000,14290.000,0.000,
309729.889,callback,grid,671,670.947028,14290.000,14290.000,0.000,
309757.366,boundary,beat,671,671.009861,,,,
309874.627,boundary,quarter,671,671.256859,,,,0.25
309992.472,boundary,half,671,671.508190,,,,
310103.089,boundary,quarter,671,671.759522,,,,0.75
310216.390,boundary,beat,672,672.000020,,,,
310216.446,arrangement,transition,42,672.000020,,,,alternate
310341.996,boundary,quarter,672,672.266519,,,,0.25
310443.648,boundary,half,672,672.502684,,,,
310565.481,boundary,quarter,672,672.762682,,,,0.75
310674.844,callback,beat,673,672.992347,460.000,465.000,5.000,
310675.073,callback,grid,673,672.992347,460.000,465.000,5.000,
310681.762,boundary,beat,673,673.007513,,,,
310799.052,boundary,quarter,673,673.252345,,,,0.25
310909.467,boundary,half,673,673.510177,,,,
311026.724,boundary,quarter,673,673.757175,,,,0.75
311123.351,callback,beat,674,673.960840,908.000,912.000,4.000,
311123.812,callback,grid,674,673.960840,908.000,912.000,4.000,
311144.038,boundary,beat,674,674.006340,,,,
311261.602,boundary,quarter,674,674.255505,,,,0.25
311371.809,boundary,half,674,674.511170,,,,
311489.071,boundary,quarter,674,674.756001,,,,0.75
311594.081,callback,beat,675,674.977000,1377.000,1381.000,4.000,
311594.235,callback,grid,675,674.977000,1377.000,1381.000,4.000,
311606.359,boundary,beat,675,675.005166,,,,
311716.734,boundary,quarter,675,675.260831,,,,0.25
311834.148,boundary,half,675,675.507829,,,,
311951.337,boundary,quarter,675,675.756994,,,,0.75
312034.236,callback,bar,676,675.947660,1825.000,1829.000,4.000,
312034.405,callback,beat,676,675.947660,1825.000,1829.000,4.000,
312034.638,callback,grid,676,675.947660,1825.000,1829.000,4.000,
312068.642,boundary,beat,676,676.003993,,,,
312179.067,boundary,quarter,676,676.257491,,,,0.25
312296.339,boundary,half,676,676.506656,,,,
312413.652,boundary,quarter,676,676.755821,,,,0.75
312503.416,callback,beat,677,676.963819,2294.000,2298.000,4.000,
312503.585,callback,grid,677,676.963819,2294.000,2298.000,4.000,
312524.048,boundary,beat,677,677.007152,,,,
312641.351,boundary,quarter,677,677.256317,,,,0.25
312758.609,boundary,half,677,677.505482,,,,
312875.924,boundary,quarter,677,677.754647,,,,0.75
312972.595,callback,beat,678,677.979979,2764.000,2767.000,3.000,
312972.759,callback,grid,678,677.979979,2764.000,2767.000,3.000,
312986.343,boundary,beat,678,678.008145,,,,
313103.679,boundary,quarter,678,678.259477,,,,0.25
313220.937,boundary,half,678,678.504309,,,,
313331.324,boundary,quarter,678,678.759974,,,,0.75
313421.118,callback,beat,679,678.946306,3212.000,3213.000,1.000,
313421.290,callback,grid,679,678.946306,3212.000,3213.000,1.000,
313448.655,boundary,beat,679,679.009139,,,,
313566.293,boundary,quarter,679,679.256137,,,,0.25
313683.987,boundary,half,679,679.507468,,,,
313794.387,boundary,quarter,679,679.756633,,,,0.75
313891.140,callback,bar,680,679.962465,3681.000,3682.000,1.000,
313891.335,callback,beat,680,679.962465,3681.000,3682.000,1.000,
313891.592,callback,grid,680,679.962465,3681.000,3682.000,1.000,
313911.672,boundary,beat,680,680.010132,,,,
314028.985,boundary,quarter,680,680.254963,,,,0.25
314150.129,boundary,half,680,680.514961,,,,
314256.706,boundary,quarter,680,680.761960,,,,0.75
314360.201,callback,beat,681,680.976458,4150.000,4150.000,0.000,
314360.527,callback,grid,681,680.976458,4150.000,4150.000,0.000,
314374.035,boundary,beat,681,681.006791,,,,
314491.316,boundary,quarter,681,681.258123,,,,0.25
314601.635,boundary,half,681,681.511621,,,,
314718.974,boundary,quarter,681,681.758620,,,,0.75
314815.557,callback,beat,682,681.960118,4598.000,4604.000,6.000,
314815.693,callback,grid,682,681.960118,4598.000,4604.000,6.000,
314836.298,boundary,beat,682,682.007785,,,,
314953.634,boundary,quarter,682,682.254783,,,,0.25
315063.968,boundary,half,682,682.510448,,,,
315181.570,boundary,quarter,682,682.757446,,,,0.75
315284.761,callback,beat,683,682.976278,5068.000,5073.000,5.000,
315284.985,callback,grid,683,682.976278,5068.000,5073.000,5.000,
315298.553,boundary,beat,683,683.006611,,,,
315408.979,boundary,quarter,683,683.257943,,,,0.25
315526.316,boundary,half,683,683.509274,,,,
315648.069,boundary,quarter,683,683.767106,,,,0.75
315759.778,boundary,beat,684,684.003271,,,,
315759.865,callback,bar,684,684.003271,5537.000,5547.000,10.000,
315760.251,callback,beat,684,684.003271,5537.000,5547.000,10.000,
315760.911,callback,grid,684,684.003271,5537.000,5547.000,10.000,
315871.272,boundary,quarter,684,684.261102,,,,0.25
315988.545,boundary,half,684,684.510267,,,,
316105.887,boundary,quarter,684,684.755099,,,,0.75
316195.640,callback,beat,685,684.965264,5985.000,5991.000,6.000,
316195.807,callback,grid,685,684.965264,5985.000,5991.000,6.000,
316216.291,boundary,beat,685,685.008597,,,,
316333.604,boundary,quarter,685,685.259929,,,,0.25
316451.817,boundary,half,685,685.511260,,,,
316568.185,boundary,quarter,685,685.756092,,,,0.75
316664.790,callback,beat,686,685.979257,6454.000,6459.000,5.000,
316664.924,callback,grid,686,685.979257,6454.000,6459.000,5.000,
316678.553,boundary,beat,686,686.009590,,,,
316795.848,boundary,quarter,686,686.258755,,,,0.25
316914.138,boundary,half,686,686.507920,,,,
317030.480,boundary,quarter,686,686.757085,,,,0.75
317113.274,callback,beat,687,686.947750,6902.000,6906.000,4.000,
317113.455,callback,grid,687,686.947750,6902.000,6906.000,4.000,
317140.825,boundary,beat,687,687.010583,,,,
317258.174,boundary,quarter,687,687.255415,,,,0.25
317375.548,boundary,half,687,687.506746,,,,
317485.893,boundary,quarter,687,687.760245,,,,0.75
317584.335,callback,bar,688,687.966077,7372.000,7376.000,4.000,
317584.650,callback,beat,688,687.966077,7372.000,7376.000,4.000,
317584.879,callback,grid,688,687.966077,7372.000,7376.000,4.000,
317605.286,boundary,beat,688,688.013743,,,,
317605.343,arrangement,layer,43,688.013743,,,,false
317721.945,boundary,quarter,688,688.260741,,,,0.25
317840.931,boundary,half,688,688.514240,,,,
317944.849,boundary,quarter,688,688.752571,,,,0.75
318054.565,callback,beat,689,688.984403,7841.000,7846.000,5.000,
318054.723,callback,grid,689,688.984403,7841.000,7846.000,5.000,
318068.349,boundary,beat,689,689.014736,,,,
318185.784,boundary,quarter,689,689.263901,,,,0.25
318302.949,boundary,half,689,689.510899,,,,
318413.345,boundary,quarter,689,689.768731,,,,0.75
318503.015,callback,beat,690,689.950730,8289.000,8292.000,3.000,
318503.119,callback,grid,690,689.950730,8289.000,8292.000,3.000,
318530.632,boundary,beat,690,690.013562,,,,
318647.919,boundary,quarter,690,690.260561,,,,0.25
318751.420,boundary,half,690,690.503226,,,,
318868.760,boundary,quarter,690,690.750224,,,,0.75
318972.432,callback,beat,691,690.964723,8758.000,8760.000,2.000,
318972.582,callback,grid,691,690.964723,8758.000,8760.000,2.000,
318992.940,boundary,beat,691,691.014556,,,,
319096.423,boundary,quarter,691,691.250721,,,,0.25
319220.654,boundary,half,691,691.517219,,,,
319331.421,boundary,quarter,691,691.751217,,,,0.75
319441.472,callback,bar,692,691.983049,9228.000,9230.000,2.000,
319441.666,callback,beat,692,691.983049,9228.000,9230.000,2.000,
319442.247,callback,grid,692,691.983049,9228.000,9230.000,2.000,
319457.005,boundary,beat,692,692.015549,,,,
319565.693,boundary,quarter,692,692.264714,,,,0.25
319678.306,boundary,half,692,692.503045,,,,
319795.549,boundary,quarter,692,692.752210,,,,0.75
319894.546,callback,beat,693,692.960209,9676.000,9681.000,5.000,
319894.740,callback,grid,693,692.960209,9676.000,9681.000,5.000,
319912.892,boundary,beat,693,693.001375,,,,
320023.320,boundary,quarter,693,693.257040,,,,0.25
320140.628,boundary,half,693,693.506205,,,,
320257.920,boundary,quarter,693,693.751037,,,,0.75
320353.630,callback,beat,694,693.974202,10145.000,10149.000,4.000,
320353.799,callback,grid,694,693.974202,10145.000,10149.000,4.000,
320367.419,boundary,beat,694,694.004535,,,,
320484.725,boundary,quarter,694,694.253700,,,,0.25
320602.002,boundary,half,694,694.500698,,,,
320719.338,boundary,quarter,694,694.752030,,,,0.75
320822.789,callback,beat,695,694.988195,10614.000,10617.000,3.000,
320822.935,callback,grid,695,694.988195,10614.000,10617.000,3.000,
320829.669,boundary,beat,695,695.003361,,,,
320947.002,boundary,quarter,695,695.250360,,,,0.25
321064.298,boundary,half,695,695.501691,,,,
321188.524,boundary,quarter,695,695.763856,,,,0.75
321275.528,callback,bar,696,695.965355,11062.000,11068.000,6.000,
321275.709,callback,beat,696,695.965355,11062.000,11068.000,6.000,
321275.825,callback,grid,696,695.965355,11062.000,11068.000,6.000,
321292.528,boundary,beat,696,696.006521,,,,
321410.080,boundary,quarter,696,696.251353,,,,0.25
321533.518,boundary,half,696,696.515684,,,,
321638.837,boundary,quarter,696,696.758349,,,,0.75
321740.552,callback,beat,697,696.972848,11532.000,11533.000,1.000,
321740.737,callback,grid,697,696.972848,11532.000,11533.000,1.000,
321754.361,boundary,beat,697,697.003181,,,,
321871.629,boundary,quarter,697,697.252346,,,,0.25
321995.804,boundary,half,697,697.512344,,,,
322099.939,boundary,quarter,697,697.755009,,,,0.75
322195.900,callback,beat,698,697.954341,11980.000,11986.000,6.000,
322196.087,callback,grid,698,697.954341,11980.000,11986.000,6.000,
322216.600,boundary,beat,698,698.002007,,,,
322340.816,boundary,quarter,698,698.266339,,,,0.25
322444.336,boundary,half,698,698.502504,,,,
322561.646,boundary,quarter,698,698.751669,,,,0.75
322665.126,callback,beat,699,698.968334,12449.000,12454.000,5.000,
322665.300,callback,grid,699,698.968334,12449.000,12454.000,5.000,
322685.777,boundary,beat,699,699.016000,,,,
322803.113,boundary,quarter,699,699.262999,,,,0.25
322906.633,boundary,half,699,699.503497,,,,
323023.896,boundary,quarter,699,699.752662,,,,0.75
323129.750,callback,bar,700,699.973660,12918.000,12918.000,0.000,
323130.459,callback,beat,700,699.973660,12918.000,12918.000,0.000,
323131.566,callback,grid,700,699.973660,12918.000,12918.000,0.000,
323142.372,boundary,beat,700,700.001827,,,,
323250.620,boundary,quarter,700,700.250992,,,,0.25
323369.889,boundary,half,700,700.504490,,,,
323487.767,boundary,quarter,700,700.753655,,,,0.75
323583.801,callback,beat,701,700.961653,13366.000,13370.000,4.000,
323583.953,callback,grid,701,700.961653,13366.000,13370.000,4.000,
323604.534,boundary,beat,701,701.002820,,,,
323714.904,boundary,quarter,701,701.254151,,,,0.25
323832.175,boundary,half,701,701.503316,,,,
323949.488,boundary,quarter,701,701.752481,,,,0.75
324052.997,callback,beat,702,701.971313,13836.000,13839.000,3.000,
324053.132,callback,grid,702,701.971313,13836.000,13839.000,3.000,
324073.674,boundary,beat,702,702.016813,,,,
324177.338,boundary,quarter,702,702.255145,,,,0.25
324294.481,boundary,half,702,702.502143,,,,
324411.843,boundary,quarter,702,702.751308,,,,0.75
324515.287,callback,beat,703,702.991806,14305.000,14311.000,6.000,
324515.416,callback,grid,703,702.991806,14305.000,14311.000,6.000,
324522.187,boundary,beat,703,703.004806,,,,
324639.470,boundary,quarter,703,703.256138,,,,0.25
324756.776,boundary,half,703,703.503136,,,,
324881.898,boundary,quarter,703,703.769634,,,,0.75
324984.798,boundary,beat,704,704.005799,,,,
324984.940,arrangement,transition,44,704.005799,,,,loop
325108.837,boundary,quarter,704,704.267964,,,,0.25
325219.373,boundary,half,704,704.504129,,,,
325339.300,boundary,quarter,704,704.753294,,,,0.75
325435.545,callback,beat,705,704.978626,453.000,459.000,6.000,
325435.680,callback,grid,705,704.978626,453.000,459.000,6.000,
325449.323,boundary,beat,705,705.011125,,,,
325566.668,boundary,quarter,705,705.258124,,,,0.25
325683.974,boundary,half,705,705.505122,,,,
325794.502,boundary,quarter,705,705.762954,,,,0.75
325904.732,callback,beat,706,705.992619,922.000,927.000,5.000,
325904.843,callback,grid,706,705.992619,922.000,927.000,5.000,
325911.700,boundary,beat,706,706.007785,,,,
326029.029,boundary,quarter,706,706.254784,,,,0.25
326146.249,boundary,half,706,706.503948,,,,
326256.927,boundary,quarter,706,706.759613,,,,0.75
326353.280,callback,beat,707,706.961112,1370.000,1374.000,4.000,
326353.490,callback,grid,707,706.961112,1370.000,1374.000,4.000,
326374.574,boundary,beat,707,707.010945,,,,
326495.449,boundary,quarter,707,707.264443,,,,0.25
326601.675,boundary,half,707,707.509275,,,,
326719.085,boundary,quarter,707,707.758440,,,,0.75
326822.474,callback,bar,708,707.977272,1840.000,1843.000,3.000,
326822.623,callback,beat,708,707.977272,1840.000,1843.000,3.000,
326822.738,callback,grid,708,707.977272,1840.000,1843.000,3.000,
326836.242,boundary,beat,708,708.005438,,,,
326954.057,boundary,quarter,708,708.256770,,,,0.25
327063.947,boundary,half,708,708.508101,,,,
327181.221,boundary,quarter,708,708.759433,,,,0.75
327270.993,callback,beat,709,708.943598,2288.000,2289.000,1.000,
327271.142,callback,grid,709,708.943598,2288.000,2289.000,1.000,
327298.512,boundary,beat,709,709.006431,,,,
327409.415,boundary,quarter,709,709.259929,,,,0.25
327523.000,boundary,half,709,709.502594,,,,
327641.363,boundary,quarter,709,709.751759,,,,0.75
327741.637,callback,beat,710,709.966258,2757.000,2759.000,2.000,
327741.876,callback,grid,710,709.966258,2757.000,2759.000,2.000,
327771.665,boundary,beat,710,710.029091,,,,
327868.266,boundary,quarter,710,710.252256,,,,0.25
327985.541,boundary,half,710,710.501421,,,,
328102.893,boundary,quarter,710,710.750586,,,,0.75
328213.269,callback,beat,711,710.986751,3226.000,3230.000,4.000,
328213.721,callback,grid,711,710.986751,3226.000,3230.000,4.000,
328227.075,boundary,beat,711,711.010584,,,,
328330.543,boundary,quarter,711,711.253249,,,,0.25
328447.833,boundary,half,711,711.500247,,,,
328572.090,boundary,quarter,711,711.764579,,,,0.75
328654.880,callback,bar,712,711.955244,3674.000,3679.000,5.000,
328655.345,callback,beat,712,711.955244,3674.000,3679.000,5.000,
328655.507,callback,grid,712,711.955244,3674.000,3679.000,5.000,
328675.528,boundary,beat,712,712.005077,,,,
328799.767,boundary,quarter,712,712.269409,,,,0.25
328917.516,boundary,half,712,712.516407,,,,
329034.342,boundary,quarter,712,712.763405,,,,0.75
329124.041,callback,beat,713,712.971404,4144.000,4148.000,4.000,
329124.155,callback,grid,713,712.971404,4144.000,4148.000,4.000,
329137.840,boundary,beat,713,713.001737,,,,
329256.347,boundary,quarter,713,713.253068,,,,0.25
329376.085,boundary,half,713,713.504400,,,,
329486.823,boundary,quarter,713,713.760065,,,,0.75
329592.375,callback,beat,714,713.985397,4613.000,4616.000,3.000,
329592.577,callback,grid,714,713.985397,4613.000,4616.000,3.000,
329599.264,boundary,beat,714,714.000563,,,,
329723.480,boundary,quarter,714,714.264895,,,,0.25
329840.756,boundary,half,714,714.511893,,,,
329944.312,boundary,quarter,714,714.750225,,,,0.75
330041.422,callback,beat,715,714.951723,5061.000,5062.000,1.000,
330041.594,callback,grid,715,714.951723,5061.000,5062.000,1.000,
330068.431,boundary,beat,715,715.014556,,,,
330185.761,boundary,quarter,715,715.261555,,,,0.25
330289.449,boundary,half,715,715.502053,,,,
330406.553,boundary,quarter,715,715.751218,,,,0.75
330510.070,callback,bar,716,715.965716,5530.000,5530.000,0.000,
330510.402,callback,beat,716,715.965716,5530.000,5530.000,0.000,
330510.621,callback,grid,716,715.965716,5530.000,5530.000,0.000,
330530.786,boundary,beat,716,716.015549,,,,
330648.066,boundary,quarter,716,716.260381,,,,0.25
330751.564,boundary,half,716,716.500879,,,,
330875.742,boundary,quarter,716,716.765211,,,,0.75
330979.236,callback,beat,717,716.984043,6000.000,6000.000,0.000,
330979.350,callback,grid,717,716.984043,6000.000,6000.000,0.000,
330993.039,boundary,beat,717,717.012209,,,,
331110.421,boundary,quarter,717,717.263541,,,,0.25
331221.310,boundary,half,717,717.517039,,,,
331332.743,boundary,quarter,717,717.751037,,,,0.75
331434.655,callback,beat,718,717.965536,6448.000,6453.000,5.000,
331434.884,callback,grid,718,717.965536,6448.000,6453.000,5.000,
331455.343,boundary,beat,718,718.013202,,,,
331559.191,boundary,quarter,718,718.251534,,,,0.25
331683.046,boundary,half,718,718.515865,,,,
331800.368,boundary,quarter,718,718.762864,,,,0.75
331903.842,callback,beat,719,718.983862,6917.000,6921.000,4.000,
331903.972,callback,grid,719,718.983862,6917.000,6921.000,4.000,
331918.693,boundary,beat,719,719.012029,,,,
332021.182,boundary,quarter,719,719.252527,,,,0.25
332145.379,boundary,half,719,719.514692,,,,
332262.658,boundary,quarter,719,719.763857,,,,0.75
332345.495,callback,bar,720,719.954522,7365.000,7371.000,6.000,
332345.659,callback,beat,720,719.954522,7365.000,7371.000,6.000,
332345.761,callback,grid,720,719.954522,7365.000,7371.000,6.000,
332380.052,boundary,beat,720,720.008688,,,,
332380.123,arrangement,layer,45,720.008688,,,,true
332490.388,boundary,quarter,720,720.264353,,,,0.25
332607.634,boundary,half,720,720.513518,,,,
332724.993,boundary,quarter,720,720.760517,,,,0.75
332814.737,callback,beat,721,720.968515,7834.000,7839.000,5.000,
332815.031,callback,grid,721,720.968515,7834.000,7839.000,5.000,
332835.385,boundary,beat,721,721.018348,,,,
332952.930,boundary,quarter,721,721.263180,,,,0.25
333069.953,boundary,half,721,721.512345,,,,
333176.015,boundary,quarter,721,721.755010,,,,0.75
333284.078,callback,beat,722,721.984675,8304.000,8308.000,4.000,
333284.333,callback,grid,722,721.984675,8304.000,8308.000,4.000,
333297.660,boundary,beat,722,722.015008,,,,
333414.983,boundary,quarter,722,722.264173,,,,0.25
333532.254,boundary,half,722,722.511171,,,,
333642.669,boundary,quarter,722,722.764669,,,,0.75
333732.351,callback,beat,723,722.953168,8752.000,8755.000,3.000,
333732.496,callback,grid,723,722.953168,8752.000,8755.000,3.000,
333759.956,boundary,beat,723,723.013834,,,,
333877.250,boundary,quarter,723,723.262999,,,,0.25
333994.550,boundary,half,723,723.512164,,,,
334105.028,boundary,quarter,723,723.763496,,,,0.75
334201.582,callback,bar,724,723.967161,9221.000,9223.000,2.000,
334202.005,callback,beat,724,723.967161,9221.000,9223.000,2.000,
334203.028,callback,grid,724,723.967161,9221.000,9223.000,2.000,
334222.267,boundary,beat,724,724.014827,,,,
334339.564,boundary,quarter,724,724.261826,,,,0.25
334443.342,boundary,half,724,724.500157,,,,
334561.187,boundary,quarter,724,724.751489,,,,0.75
334670.795,callback,beat,725,724.981154,9690.000,9691.000,1.000,
334671.301,callback,grid,725,724.981154,9690.000,9691.000,1.000,
334684.659,boundary,beat,725,725.011487,,,,
334801.876,boundary,quarter,725,725.260652,,,,0.25
334907.824,boundary,half,725,725.505484,,,,
335029.548,boundary,quarter,725,725.765482,,,,0.75
335119.285,callback,beat,726,725.949647,10138.000,10138.000,0.000,
335119.496,callback,grid,726,725.949647,10138.000,10138.000,0.000,
335147.425,boundary,beat,726,726.014647,,,,
335264.204,boundary,quarter,726,726.259479,,,,0.25
335369.400,boundary,half,726,726.504310,,,,
335486.636,boundary,quarter,726,726.751308,,,,0.75
335590.163,callback,beat,727,726.967974,10608.000,10608.000,0.000,
335590.325,callback,grid,727,726.967974,10608.000,10608.000,0.000,
335610.838,boundary,beat,727,727.015640,,,,
335714.334,boundary,quarter,727,727.256138,,,,0.25
335831.626,boundary,half,727,727.500970,,,,
335955.862,boundary,quarter,727,727.765301,,,,0.75
336059.375,boundary,beat,728,728.003633,,,,
336066.264,callback,bar,728,728.003633,11077.000,11083.000,6.000,
336066.465,callback,beat,728,728.003633,11077.000,11083.000,6.000,
336066.724,callback,grid,728,728.003633,11077.000,11083.000,6.000,
336176.643,boundary,quarter,728,728.252798,,,,0.25
336293.908,boundary,half,728,728.501963,,,,
336418.167,boundary,quarter,728,728.761961,,,,0.75
336500.962,callback,beat,729,728.956960,11525.000,11526.000,1.000,
336501.208,callback,grid,729,728.956960,11525.000,11526.000,1.000,
336521.659,boundary,beat,729,729.002460,,,,
336638.959,boundary,quarter,729,729.251625,,,,0.25
336756.794,boundary,half,729,729.500789,,,,
336880.496,boundary,quarter,729,729.765121,,,,0.75
336970.187,callback,beat,730,729.973120,11994.000,11995.000,1.000,
336970.648,callback,grid,730,729.973120,11994.000,11995.000,1.000,
336983.964,boundary,beat,730,730.001286,,,,
337120.841,boundary,quarter,730,730.298117,,,,0.25
337224.590,boundary,half,730,730.512616,,,,
337331.221,boundary,quarter,730,730.757447,,,,0.75
337431.281,callback,beat,731,730.967613,12442.000,12454.000,12.000,
337431.515,callback,grid,731,730.967613,12442.000,12454.000,12.000,
337447.552,boundary,beat,731,731.006612,,,,
337565.117,boundary,quarter,731,731.251444,,,,0.25
337682.318,boundary,half,731,731.502776,,,,
337830.768,boundary,quarter,731,731.823440,,,,0.75
337904.147,callback,bar,732,731.990272,12912.000,12926.000,14.000,
337904.372,callback,beat,732,731.990272,12912.000,12926.000,14.000,
337904.572,callback,grid,732,731.990272,12912.000,12926.000,14.000,
337910.197,boundary,beat,732,732.007605,,,,
338029.908,boundary,quarter,732,732.258937,,,,0.25
338147.178,boundary,half,732,732.503769,,,,
338258.834,boundary,quarter,732,732.763767,,,,0.75
338361.742,callback,beat,733,732.980432,13381.000,13383.000,2.000,
338362.234,callback,grid,733,732.980432,13381.000,13383.000,2.000,
338375.388,boundary,beat,733,733.010765,,,,
338496.158,boundary,quarter,733,733.266430,,,,0.25
338597.882,boundary,half,733,733.502595,,,,
338721.892,boundary,quarter,733,733.766927,,,,0.75
338811.575,callback,beat,734,733.951092,13829.000,13831.000,2.000,
338811.735,callback,grid,734,733.951092,13829.000,13831.000,2.000,
338839.537,boundary,beat,734,734.013925,,,,
338956.509,boundary,quarter,734,734.260923,,,,0.25
339060.008,boundary,half,734,734.501422,,,,
339177.363,boundary,quarter,734,734.750586,,,,0.75
339280.819,callback,beat,735,734.965085,14298.000,14299.000,1.000,
339280.992,callback,grid,735,734.965085,14298.000,14299.000,1.000,
339301.482,boundary,beat,735,735.014918,,,,
339418.793,boundary,quarter,735,735.259750,,,,0.25
339522.302,boundary,half,735,735.500248,,,,
339640.313,boundary,quarter,735,735.751580,,,,0.75
339765.895,boundary,beat,736,736.015911,,,,
339766.060,arrangement,transition,46,736.015911,,,,alternate
339874.903,boundary,quarter,736,736.267243,,,,0.25
339985.258,boundary,half,736,736.501241,,,,
340109.733,boundary,quarter,736,736.765573,,,,0.75
340192.651,callback,beat,737,736.956238,446.000,449.000,3.000,
340192.848,callback,grid,737,736.956238,446.000,449.000,3.000,
340226.796,boundary,beat,737,737.012571,,,,
340330.719,boundary,quarter,737,737.250903,,,,0.25
340454.468,boundary,half,737,737.515234,,,,
340571.743,boundary,quarter,737,737.762232,,,,0.75
340661.430,callback,beat,738,737.972398,916.000,918.000,2.000,
340661.592,callback,grid,738,737.972398,916.000,918.000,2.000,
340675.336,boundary,beat,738,738.002731,,,,
340792.542,boundary,quarter,738,738.251896,,,,0.25
340916.965,boundary,half,738,738.511894,,,,
341034.067,boundary,quarter,738,738.761059,,,,0.75
341110.137,callback,beat,739,738.938724,1364.000,1364.000,0.000,
341110.328,callback,grid,739,738.938724,1364.000,1364.000,0.000,
341137.546,boundary,beat,739,739.001557,,,,
341261.781,boundary,quarter,739,739.265889,,,,0.25
341376.149,boundary,half,739,739.506387,,,,
341482.634,boundary,quarter,739,739.751219,,,,0.75
341579.260,callback,bar,740,739.954884,1833.000,1833.000,0.000,
341579.541,callback,beat,740,739.954884,1833.000,1833.000,0.000,
341579.755,callback,grid,740,739.954884,1833.000,1833.000,0.000,
341599.872,boundary,beat,740,740.000384,,,,
341724.067,boundary,quarter,740,740.262548,,,,0.25
341841.366,boundary,half,740,740.513880,,,,
341944.876,boundary,quarter,740,740.752212,,,,0.75
342055.280,callback,beat,741,740.984043,2302.000,2308.000,6.000,
342055.683,callback,grid,741,740.984043,2302.000,2308.000,6.000,
342070.164,boundary,beat,741,741.018710,,,,
342186.397,boundary,quarter,741,741.263541,,,,0.25
342303.631,boundary,half,741,741.510540,,,,
342407.159,boundary,quarter,741,741.751038,,,,0.75
342503.733,callback,beat,742,741.950370,2750.000,2754.000,4.000,
342503.838,callback,grid,742,741.950370,2750.000,2754.000,4.000,
342524.453,boundary,beat,742,742.000203,,,,
342648.670,boundary,quarter,742,742.260201,,,,0.25
342752.166,boundary,half,742,742.502866,,,,
342876.356,boundary,quarter,742,742.765031,,,,0.75
342972.964,callback,beat,743,742.966530,3220.000,3223.000,3.000,
342973.114,callback,grid,743,742.966530,3220.000,3223.000,3.000,
342993.661,boundary,beat,743,743.014196,,,,
343097.223,boundary,quarter,743,743.250361,,,,0.25
343221.365,boundary,half,743,743.519026,,,,
343344.549,boundary,quarter,743,743.776857,,,,0.75
343444.027,callback,bar,744,743.984856,3689.000,3693.000,4.000,
343444.173,callback,beat,744,743.984856,3689.000,3693.000,4.000,
343444.750,callback,grid,744,743.984856,3689.000,3693.000,4.000,
343455.084,boundary,beat,744,744.008689,,,,
343565.477,boundary,quarter,744,744.264354,,,,0.25
343682.756,boundary,half,744,744.513519,,,,
343800.266,boundary,quarter,744,744.764851,,,,0.75
343889.753,callback,beat,745,744.951183,4137.000,4137.000,0.000,
343889.907,callback,grid,745,744.951183,4137.000,4137.000,0.000,
343920.550,boundary,beat,745,745.016182,,,,
344027.770,boundary,quarter,745,745.263180,,,,0.25
344145.618,boundary,half,745,745.512345,,,,
344262.314,boundary,quarter,745,745.761510,,,,0.75
344352.044,callback,beat,746,745.967342,4606.000,4608.000,2.000,
344352.183,callback,grid,746,745.967342,4606.000,4608.000,2.000,
344372.742,boundary,beat,746,746.012842,,,,
344490.061,boundary,quarter,746,746.262007,,,,0.25
344607.336,boundary,half,746,746.511172,,,,
344724.654,boundary,quarter,746,746.760337,,,,0.75
344821.267,callback,beat,747,746.985669,5076.000,5078.000,2.000,
344821.404,callback,grid,747,746.985669,5076.000,5078.000,2.000,
344835.069,boundary,beat,747,747.013835,,,,
344952.373,boundary,quarter,747,747.265167,,,,0.25
345069.625,boundary,half,747,747.509998,,,,
345184.244,boundary,quarter,747,747.752663,,,,0.75
345269.773,callback,bar,748,747.951995,5524.000,5524.000,0.000,
345269.925,callback,beat,748,747.951995,5524.000,5524.000,0.000,
345270.018,callback,grid,748,747.951995,5524.000,5524.000,0.000,
345297.358,boundary,beat,748,748.014828,,,,
345448.959,boundary,quarter,748,748.339826,,,,0.25
345532.939,boundary,half,748,748.513158,,,,
345636.443,boundary,quarter,748,748.751490,,,,0.75
345741.018,callback,beat,749,748.970322,5993.000,5994.000,1.000,
345741.388,callback,grid,749,748.970322,5993.000,5994.000,1.000,
345761.350,boundary,beat,749,749.017988,,,,
345894.009,boundary,quarter,749,749.299653,,,,0.25
345990.205,boundary,half,749,749.501151,,,,
346100.164,boundary,quarter,749,749.756816,,,,0.75
346189.823,callback,beat,750,749.938815,6441.000,6441.000,0.000,
346189.954,callback,grid,750,749.938815,6441.000,6441.000,0.000,
346217.441,boundary,beat,750,750.001648,,,,
346341.627,boundary,quarter,750,750.265979,,,,0.25
346445.106,boundary,half,750,750.504311,,,,
346562.481,boundary,quarter,750,750.753476,,,,0.75
346665.935,callback,beat,751,750.967974,6910.000,6916.000,6.000,
346666.073,callback,grid,751,750.967974,6910.000,6916.000,6.000,
346679.708,boundary,beat,751,751.002641,,,,
346803.954,boundary,quarter,751,751.262639,,,,0.25
346907.438,boundary,half,751,751.503137,,,,
347024.745,boundary,quarter,751,751.752302,,,,0.75
347135.113,callback,bar,752,751.986301,7380.000,7386.000,6.000,
347135.237,callback,beat,752,751.986301,7380.000,7386.000,6.000,
347135.341,callback,grid,752,751.986301,7380.000,7386.000,6.000,
347148.927,boundary,beat,752,752.014467,,,,
347148.986,arrangement,layer,47,752.014467,,,,false
347252.484,boundary,quarter,752,752.252799,,,,0.25
347369.785,boundary,half,752,752.501964,,,,
347495.825,boundary,quarter,752,752.770629,,,,0.75
347583.684,callback,beat,753,752.954794,7828.000,7832.000,4.000,
347583.798,callback,grid,753,752.954794,7828.000,7832.000,4.000,
347604.379,boundary,beat,753,753.000294,,,,
347714.746,boundary,quarter,753,753.253792,,,,0.25
347832.070,boundary,half,753,753.502957,,,,
347956.305,boundary,quarter,753,753.765122,,,,0.75
348052.853,callback,beat,754,753.970954,8297.000,8300.000,3.000,
348052.996,callback,grid,754,753.970954,8297.000,8300.000,3.000,
348073.523,boundary,beat,754,754.014287,,,,
348177.104,boundary,quarter,754,754.254785,,,,0.25
348294.361,boundary,half,754,754.501783,,,,
348411.619,boundary,quarter,754,754.750948,,,,0.75
348515.163,callback,beat,755,754.989280,8766.000,8772.000,6.000,
348515.368,callback,grid,755,754.989280,8766.000,8772.000,6.000,
348522.041,boundary,beat,755,755.002280,,,,
348639.367,boundary,quarter,755,755.253611,,,,0.25
348756.667,boundary,half,755,755.500610,,,,
348880.915,boundary,quarter,755,755.764941,,,,0.75
348963.660,callback,bar,756,755.955607,9214.000,9218.000,4.000,
348963.815,callback,beat,756,755.955607,9214.000,9218.000,4.000,
348963.911,callback,grid,756,755.955607,9214.000,9218.000,4.000,
348984.357,boundary,beat,756,756.005440,,,,
349101.644,boundary,quarter,756,756.250271,,,,0.25
349225.909,boundary,half,756,756.514603,,,,
349343.135,boundary,quarter,756,756.763768,,,,0.75
349432.891,callback,beat,757,756.971766,9684.000,9687.000,3.000,
349433.111,callback,grid,757,756.971766,9684.000,9687.000,3.000,
349446.640,boundary,beat,757,757.002099,,,,
349563.963,boundary,quarter,757,757.251264,,,,0.25
349688.165,boundary,half,757,757.513429,,,,
349791.959,boundary,quarter,757,757.753927,,,,0.75
349902.047,callback,beat,758,757.985759,10153.000,10155.000,2.000,
349902.230,callback,grid,758,757.985759,10153.000,10155.000,2.000,
349908.943,boundary,beat,758,758.000926,,,,
350026.254,boundary,quarter,758,758.250091,,,,0.25
350136.608,boundary,half,758,758.501422,,,,
350253.965,boundary,quarter,758,758.750587,,,,0.75
350350.918,callback,beat,759,758.954252,10601.000,10602.000,1.000,
350351.078,callback,grid,759,758.954252,10601.000,10602.000,1.000,
350371.284,boundary,beat,759,759.001919,,,,
350495.421,boundary,quarter,759,759.264084,,,,0.25
350598.915,boundary,half,759,759.502415,,,,
350716.268,boundary,quarter,759,759.753747,,,,0.75
350819.784,callback,bar,760,759.968245,11070.000,11070.000,0.000,
350820.041,callback,beat,760,759.968245,11070.000,11070.000,0.000,
350820.353,callback,grid,760,759.968245,11070.000,11070.000,0.000,
350840.504,boundary,beat,760,760.018078,,,,
350956.468,boundary,quarter,760,760.260743,,,,0.25
351065.815,boundary,half,760,760.512075,,,,
351179.286,boundary,quarter,760,760.754740,,,,0.75
351276.002,callback,beat,761,760.951905,11518.000,11524.000,6.000,
351276.180,callback,grid,761,760.951905,11518.000,11524.000,6.000,
351296.423,boundary,beat,761,761.001738,,,,
351407.640,boundary,quarter,761,761.255237,,,,0.25
351526.144,boundary,half,761,761.506568,,,,
351641.469,boundary,quarter,761,761.751400,,,,0.75
351744.898,callback,beat,762,761.970232,11988.000,11993.000,5.000,
351745.024,callback,grid,762,761.970232,11988.000,11993.000,5.000,
351765.598,boundary,beat,762,762.015731,,,,
351869.149,boundary,quarter,762,762.256230,,,,0.25
351986.377,boundary,half,762,762.501061,,,,
352103.723,boundary,quarter,762,762.750226,,,,0.75
352214.202,callback,beat,763,762.988558,12457.000,12462.000,5.000,
352214.400,callback,grid,763,762.988558,12457.000,12462.000,5.000,
352227.954,boundary,beat,763,763.012391,,,,
352331.417,boundary,quarter,763,763.255056,,,,0.25
352448.696,boundary,half,763,763.502054,,,,
352572.941,boundary,quarter,763,763.766386,,,,0.75
352655.958,callback,bar,764,763.957051,12905.000,12911.000,6.000,
352656.653,callback,beat,764,763.957051,12905.000,12911.000,6.000,
352658.427,callback,grid,764,763.957051,12905.000,12911.000,6.000,
352677.454,boundary,beat,764,764.006884,,,,
352795.205,boundary,quarter,764,764.256049,,,,0.25
352912.489,boundary,half,764,764.505214,,,,
353029.863,boundary,quarter,764,764.752212,,,,0.75
353119.526,callback,beat,765,764.960211,13374.000,13374.000,0.000,
353119.673,callback,grid,765,764.960211,13374.000,13374.000,0.000,
353140.213,boundary,beat,765,765.010044,,,,
353257.528,boundary,quarter,765,765.254876,,,,0.25
353374.797,boundary,half,765,765.501874,,,,
353485.880,boundary,quarter,765,765.757539,,,,0.75
353595.594,callback,beat,766,765.991537,13844.000,13850.000,6.000,
353595.743,callback,grid,766,765.991537,13844.000,13850.000,6.000,
353602.695,boundary,beat,766,766.006704,,,,
353719.873,boundary,quarter,766,766.255869,,,,0.25
353837.065,boundary,half,766,766.502867,,,,
353947.512,boundary,quarter,766,766.756365,,,,0.75
354044.052,callback,beat,767,766.960030,14292.000,14297.000,5.000,
354044.166,callback,grid,767,766.960030,14292.000,14297.000,5.000,
354064.773,boundary,beat,767,767.005530,,,,
354182.050,boundary,quarter,767,767.254695,,,,0.25
354292.444,boundary,half,767,767.506027,,,,
354409.943,boundary,quarter,767,767.755192,,,,0.75
354530.209,boundary,beat,768,768.010857,,,,
354530.328,arrangement,transition,48,768.010857,,,,loop
354644.372,boundary,quarter,768,768.253522,,,,0.25
354754.802,boundary,half,768,768.507020,,,,
354872.260,boundary,quarter,768,768.758351,,,,0.75
354982.470,callback,beat,769,768.988016,461.000,464.000,3.000,
354982.657,callback,grid,769,768.988016,461.000,464.000,3.000,
354989.396,boundary,beat,769,769.003183,,,,
355106.740,boundary,quarter,769,769.250181,,,,0.25
355217.084,boundary,half,769,769.508013,,,,
355334.372,boundary,quarter,769,769.755011,,,,0.75
355430.971,callback,beat,770,769.954343,909.000,910.000,1.000,
355431.113,callback,grid,770,769.954343,909.000,910.000,1.000,
355451.685,boundary,beat,770,770.004176,,,,
355562.051,boundary,quarter,770,770.257674,,,,0.25
355679.366,boundary,half,770,770.506839,,,,
355796.676,boundary,quarter,770,770.753838,,,,0.75
355900.481,callback,beat,771,770.974836,1379.000,1380.000,1.000,
355900.622,callback,grid,771,770.974836,1379.000,1380.000,1.000,
355914.059,boundary,beat,771,771.003003,,,,
356024.380,boundary,quarter,771,771.258667,,,,0.25
356141.669,boundary,half,771,771.503499,,,,
356258.996,boundary,quarter,771,771.750497,,,,0.75
356341.790,callback,bar,772,771.945496,1827.000,1829.000,2.000,
356341.936,callback,beat,772,771.945496,1827.000,1829.000,2.000,
356342.017,callback,grid,772,771.945496,1827.000,1829.000,2.000,
356376.268,boundary,beat,772,772.001829,,,,
356486.863,boundary,quarter,772,772.255327,,,,0.25
356604.344,boundary,half,772,772.506659,,,,
356722.093,boundary,quarter,772,772.751490,,,,0.75
356811.000,callback,beat,773,772.959489,2296.000,2297.000,1.000,
356811.192,callback,grid,773,772.959489,2296.000,2297.000,1.000,
356831.664,boundary,beat,773,773.007155,,,,
356949.139,boundary,quarter,773,773.256320,,,,0.25
357066.472,boundary,half,773,773.503319,,,,
357176.781,boundary,quarter,773,773.754650,,,,0.75
357280.200,callback,beat,774,773.975649,2765.000,2766.000,1.000,
357280.412,callback,grid,774,773.975649,2765.000,2766.000,1.000,
357293.993,boundary,beat,774,774.003815,,,,
357411.277,boundary,quarter,774,774.255147,,,,0.25
357528.571,boundary,half,774,774.502145,,,,
357639.010,boundary,quarter,774,774.755643,,,,0.75
357735.598,callback,beat,775,774.957142,3213.000,3219.000,6.000,
357736.011,callback,grid,775,774.957142,3213.000,3219.000,6.000,
357756.301,boundary,beat,775,775.006975,,,,
357873.669,boundary,quarter,775,775.251806,,,,0.25
357990.893,boundary,half,775,775.500971,,,,
358101.308,boundary,quarter,775,775.756636,,,,0.75
358204.813,callback,bar,776,775.973301,3683.000,3688.000,5.000,
358204.967,callback,beat,776,775.973301,3683.000,3688.000,5.000,
358205.086,callback,grid,776,775.973301,3683.000,3688.000,5.000,
358218.561,boundary,beat,776,776.003635,,,,
358335.915,boundary,quarter,776,776.252800,,,,0.25
358446.452,boundary,half,776,776.506298,,,,
358563.590,boundary,quarter,776,776.755463,,,,0.75
358674.668,callback,beat,777,776.989461,4152.000,4157.000,5.000,
358674.848,callback,grid,777,776.989461,4152.000,4157.000,5.000,
358680.880,boundary,beat,777,777.002461,,,,
358798.304,boundary,quarter,777,777.251626,,,,0.25
358908.721,boundary,half,777,777.507291,,,,
359025.940,boundary,quarter,777,777.752123,,,,0.75
359122.555,callback,beat,778,777.955788,4600.000,4603.000,3.000,
359122.707,callback,grid,778,777.955788,4600.000,4603.000,3.000,
359143.262,boundary,beat,778,778.003454,,,,
359260.555,boundary,quarter,778,778.250452,,,,0.25
359370.963,boundary,half,778,778.506117,,,,
359488.327,boundary,quarter,778,778.755282,,,,0.75
359591.764,callback,beat,779,778.969781,5069.000,5071.000,2.000,
359591.901,callback,grid,779,778.969781,5069.000,5071.000,2.000,
359605.550,boundary,beat,779,779.000114,,,,
359715.942,boundary,quarter,779,779.255779,,,,0.25
359833.208,boundary,half,779,779.504944,,,,
359950.644,boundary,quarter,779,779.754109,,,,0.75
360060.944,callback,bar,780,779.990274,5539.000,5540.000,1.000,
360061.127,callback,beat,780,779.990274,5539.000,5540.000,1.000,
360061.400,callback,grid,780,779.990274,5539.000,5540.000,1.000,
360067.846,boundary,beat,780,780.001107,,,,
360178.402,boundary,quarter,780,780.254605,,,,0.25
360295.519,boundary,half,780,780.503770,,,,
360412.840,boundary,quarter,780,780.750768,,,,0.75
360504.288,callback,beat,781,780.965267,5987.000,5992.000,5.000,
360504.458,callback,grid,781,780.965267,5987.000,5992.000,5.000,
360523.284,boundary,beat,781,781.006433,,,,
360640.594,boundary,quarter,781,781.255598,,,,0.25
360757.831,boundary,half,781,781.500430,,,,
360875.145,boundary,quarter,781,781.751762,,,,0.75
360971.771,callback,beat,782,781.974927,6456.000,6458.000,2.000,
360971.957,callback,grid,782,781.974927,6456.000,6458.000,2.000,
360985.522,boundary,beat,782,782.005260,,,,
361102.927,boundary,quarter,782,782.254425,,,,0.25
361220.121,boundary,half,782,782.503590,,,,
361330.555,boundary,quarter,782,782.754921,,,,0.75
361420.202,callback,beat,783,782.943420,6904.000,6905.000,1.000,
361420.363,callback,grid,783,782.943420,6904.000,6905.000,1.000,
361447.855,boundary,beat,783,783.004086,,,,
361593.110,boundary,quarter,783,783.320417,,,,0.25
361681.331,boundary,half,783,783.500249,,,,
361791.784,boundary,quarter,783,783.753748,,,,0.75
361893.481,callback,bar,784,783.966080,7373.000,7377.000,4.000,
361893.635,callback,beat,784,783.966080,7373.000,7377.000,4.000,
361906.587,callback,grid,784,783.966080,7373.000,7377.000,4.000,
361915.252,boundary,beat,784,784.018079,,,,
361915.310,arrangement,layer,49,784.018079,,,,true
362032.650,boundary,quarter,784,784.262911,,,,0.25
362149.951,boundary,half,784,784.512076,,,,
362254.909,boundary,quarter,784,784.754741,,,,0.75
362363.736,callback,beat,785,784.984406,7843.000,7847.000,4.000,
362363.900,callback,grid,785,784.984406,7843.000,7847.000,4.000,
362377.515,boundary,beat,785,785.014739,,,,
362495.200,boundary,quarter,785,785.266071,,,,0.25
362598.338,boundary,half,785,785.502236,,,,
362722.545,boundary,quarter,785,785.766567,,,,0.75
362812.214,callback,beat,786,785.952899,8291.000,8294.000,3.000,
362812.356,callback,grid,786,785.952899,8291.000,8294.000,3.000,
362839.827,boundary,beat,786,786.013565,,,,
362957.152,boundary,quarter,786,786.262730,,,,0.25
363060.588,boundary,half,786,786.503229,,,,
363184.849,boundary,quarter,786,786.763227,,,,0.75
363281.427,callback,beat,787,786.966892,8760.000,8762.000,2.000,
363281.604,callback,grid,787,786.966892,8760.000,8762.000,2.000,
363302.096,boundary,beat,787,787.014558,,,,
363405.659,boundary,quarter,787,787.250724,,,,0.25
363529.897,boundary,half,787,787.517222,,,,
363642.248,boundary,quarter,787,787.755553,,,,0.75
363753.432,callback,bar,788,787.987385,9229.000,9233.000,4.000,
363753.584,callback,beat,788,787.987385,9229.000,9233.000,4.000,
363756.891,callback,grid,788,787.987385,9229.000,9233.000,4.000,
363763.115,boundary,beat,788,788.009052,,,,
363874.924,boundary,quarter,788,788.266883,,,,0.25
363985.370,boundary,half,788,788.500882,,,,
364109.431,boundary,quarter,788,788.765213,,,,0.75
364192.237,callback,beat,789,788.955878,9677.000,9680.000,3.000,
364192.642,callback,grid,789,788.955878,9677.000,9680.000,3.000,
364226.728,boundary,beat,789,789.012211,,,,
364330.234,boundary,quarter,789,789.250543,,,,0.25
364454.439,boundary,half,789,789.514875,,,,
364571.732,boundary,quarter,789,789.761873,,,,0.75
364661.418,callback,beat,790,789.972038,10147.000,10149.000,2.000,
364661.560,callback,grid,790,789.972038,10147.000,10149.000,2.000,
364675.243,boundary,beat,790,790.002371,,,,
364792.522,boundary,quarter,790,790.251536,,,,0.25
364916.740,boundary,half,790,790.511534,,,,
365034.042,boundary,quarter,790,790.762866,,,,0.75
365109.966,callback,beat,791,790.940531,10595.000,10596.000,1.000,
365110.370,callback,grid,791,790.940531,10595.000,10596.000,1.000,
365137.535,boundary,beat,791,791.001198,,,,
365261.711,boundary,quarter,791,791.265529,,,,0.25
365379.494,boundary,half,791,791.514694,,,,
365482.563,boundary,quarter,791,791.750859,,,,0.75
365579.398,callback,bar,792,791.954524,11064.000,11064.000,0.000,
365579.870,callback,beat,792,791.954524,11064.000,11064.000,0.000,
365580.315,callback,grid,792,791.954524,11064.000,11064.000,0.000,
365600.044,boundary,beat,792,792.002191,,,,
365724.287,boundary,quarter,792,792.264356,,,,0.25
365841.568,boundary,half,792,792.513520,,,,
365945.050,boundary,quarter,792,792.754019,,,,0.75
366049.064,callback,beat,793,792.970684,11533.000,11533.000,0.000,
366049.252,callback,grid,793,792.970684,11533.000,11533.000,0.000,
366069.248,boundary,beat,793,793.018350,,,,
366181.497,boundary,quarter,793,793.252349,,,,0.25
366305.651,boundary,half,793,793.514514,,,,
366409.164,boundary,quarter,793,793.757179,,,,0.75
366505.763,callback,beat,794,793.954344,11981.000,11987.000,6.000,
366505.896,callback,grid,794,793.954344,11981.000,11987.000,6.000,
366526.446,boundary,beat,794,794.004177,,,,
366650.629,boundary,quarter,794,794.268508,,,,0.25
366754.172,boundary,half,794,794.506840,,,,
366871.443,boundary,quarter,794,794.753838,,,,0.75
366974.936,callback,beat,795,794.970503,12451.000,12456.000,5.000,
366975.100,callback,grid,795,794.970503,12451.000,12456.000,5.000,
366988.915,boundary,beat,795,795.000837,,,,
367106.109,boundary,quarter,795,795.252168,,,,0.25
367216.409,boundary,half,795,795.503500,,,,
367333.830,boundary,quarter,795,795.752665,,,,0.75
367441.064,callback,bar,796,795.980163,12920.000,12922.000,2.000,
367441.243,callback,beat,796,795.980163,12920.000,12922.000,2.000,
367441.457,callback,grid,796,795.980163,12920.000,12922.000,2.000,
367454.956,boundary,beat,796,796.008330,,,,
367569.732,boundary,quarter,796,796.253161,,,,0.25
367680.689,boundary,half,796,796.508826,,,,
367797.337,boundary,quarter,796,796.753658,,,,0.75
367894.449,callback,beat,797,796.961656,13368.000,13372.000,4.000,
367894.600,callback,grid,797,796.961656,13368.000,13372.000,4.000,
367914.658,boundary,beat,797,797.002823,,,,
368026.053,boundary,quarter,797,797.258488,,,,0.25
368142.333,boundary,half,797,797.507653,,,,
368259.627,boundary,quarter,797,797.754651,,,,0.75
368349.310,callback,beat,798,797.962649,13837.000,13837.000,0.000,
368349.446,callback,grid,798,797.962649,13837.000,13837.000,0.000,
368370.038,boundary,beat,798,798.008149,,,,
368487.382,boundary,quarter,798,798.257314,,,,0.25
368604.703,boundary,half,798,798.504312,,,,
368721.955,boundary,quarter,798,798.753477,,,,0.75
368825.440,callback,beat,799,798.993976,14307.000,14313.000,6.000,
368825.573,callback,grid,799,798.993976,14307.000,14313.000,6.000,
368832.333,boundary,beat,799,799.009142,,,,
368949.646,boundary,quarter,799,799.258307,,,,0.25
369067.538,boundary,half,799,799.505305,,,,
369184.838,boundary,quarter,799,799.752304,,,,0.75
369295.897,boundary,beat,800,800.010135,,,,
369295.957,arrangement,transition,50,800.010135,,,,alternate
369412.532,boundary,quarter,800,800.254967,,,,0.25
369532.446,boundary,half,800,800.510632,,,,
369642.294,boundary,quarter,800,800.764130,,,,0.75
369741.913,callback,beat,801,800.972129,455.000,457.000,2.000,
369742.093,callback,grid,801,800.972129,455.000,457.000,2.000,
369756.474,boundary,beat,801,801.004628,,,,
369877.156,boundary,quarter,801,801.262460,,,,0.25
369994.068,boundary,half,801,801.507292,,,,
370104.536,boundary,quarter,801,801.762956,,,,0.75
370194.172,callback,beat,802,801.949289,903.000,908.000,5.000,
370194.609,callback,grid,802,801.949289,903.000,908.000,5.000,
370221.784,boundary,beat,802,802.009955,,,,
370339.070,boundary,quarter,802,802.261286,,,,0.25
370456.365,boundary,half,802,802.508285,,,,
370567.308,boundary,quarter,802,802.759616,,,,0.75
370663.351,callback,beat,803,802.963282,1372.000,1376.000,4.000,
370663.503,callback,grid,803,802.963282,1372.000,1376.000,4.000,
370684.030,boundary,beat,803,803.010948,,,,
370801.375,boundary,quarter,803,803.257946,,,,0.25
370907.873,boundary,half,803,803.502778,,,,
371033.307,boundary,quarter,803,803.769276,,,,0.75
371135.722,callback,bar,804,803.981608,1841.000,1846.000,5.000,
371135.890,callback,beat,804,803.981608,1841.000,1846.000,5.000,
371135.991,callback,grid,804,803.981608,1841.000,1846.000,5.000,
371148.017,boundary,beat,804,804.009774,,,,
371259.714,boundary,quarter,804,804.263273,,,,0.25
371377.488,boundary,half,804,804.514604,,,,
371487.945,boundary,quarter,804,804.750769,,,,0.75
371590.632,callback,beat,805,804.965268,2289.000,2300.000,11.000,
371590.857,callback,grid,805,804.965268,2289.000,2300.000,11.000,
371615.001,boundary,beat,805,805.019434,,,,
371724.082,boundary,quarter,805,805.268599,,,,0.25
371831.776,boundary,half,805,805.500431,,,,
371956.114,boundary,quarter,805,805.762596,,,,0.75
372055.019,callback,beat,806,805.972761,2759.000,2765.000,6.000,
372055.525,callback,grid,806,805.972761,2759.000,2765.000,6.000,
372073.939,boundary,beat,806,806.013927,,,,
372179.124,boundary,quarter,806,806.258759,,,,0.25
372298.089,boundary,half,806,806.507924,,,,
372415.396,boundary,quarter,806,806.757089,,,,0.75
372511.980,callback,beat,807,806.982420,3228.000,3231.000,3.000,
372512.134,callback,grid,807,806.982420,3228.000,3231.000,3.000,
372525.853,boundary,beat,807,807.010587,,,,
372643.148,boundary,quarter,807,807.261918,,,,0.25
372760.376,boundary,half,807,807.508917,,,,
372878.225,boundary,quarter,807,807.753748,,,,0.75
372960.470,callback,bar,808,807.948747,3676.000,3677.000,1.000,
372960.618,callback,beat,808,807.948747,3676.000,3677.000,1.000,
372960.914,callback,grid,808,807.948747,3676.000,3677.000,1.000,
372988.101,boundary,beat,808,808.011580,,,,
373105.393,boundary,quarter,808,808.258578,,,,0.25
373222.691,boundary,half,808,808.507743,,,,
373340.079,boundary,quarter,808,808.756908,,,,0.75
373432.068,callback,beat,809,808.969240,4145.000,4148.000,3.000,
373432.377,callback,grid,809,808.969240,4145.000,4148.000,3.000,
373449.523,boundary,beat,809,809.010406,,,,
373566.637,boundary,quarter,809,809.255238,,,,0.25
373684.023,boundary,half,809,809.504403,,,,
373794.373,boundary,quarter,809,809.760068,,,,0.75
373899.623,callback,beat,810,809.981066,4615.000,4615.000,0.000,
373899.814,callback,grid,810,809.981066,4615.000,4615.000,0.000,
373911.658,boundary,beat,810,810.007066,,,,
374028.971,boundary,quarter,810,810.258398,,,,0.25
374146.257,boundary,half,810,810.503229,,,,
374256.677,boundary,quarter,810,810.756728,,,,0.75
374353.273,callback,beat,811,810.960393,5063.000,5067.000,4.000,
374353.416,callback,grid,811,810.960393,5063.000,5067.000,4.000,
374373.962,boundary,beat,811,811.008059,,,,
374491.260,boundary,quarter,811,811.255058,,,,0.25
374601.899,boundary,half,811,811.506389,,,,
374720.397,boundary,quarter,811,811.759887,,,,0.75
374822.492,callback,bar,812,811.974386,5532.000,5535.000,3.000,
374822.667,callback,beat,812,811.974386,5532.000,5535.000,3.000,
374822.867,callback,grid,812,811.974386,5532.000,5535.000,3.000,
374836.335,boundary,beat,812,812.004719,,,,
374953.630,boundary,quarter,812,812.253884,,,,0.25
375061.215,boundary,half,812,812.503049,,,,
375182.117,boundary,quarter,812,812.758714,,,,0.75
375270.005,callback,beat,813,812.940713,5980.000,5981.000,1.000,
375270.156,callback,grid,813,812.940713,5980.000,5981.000,1.000,
375297.402,boundary,beat,813,813.001379,,,,
375406.887,boundary,quarter,813,813.252710,,,,0.25
375524.097,boundary,half,813,813.504042,,,,
375641.461,boundary,quarter,813,813.751040,,,,0.75
375746.739,callback,beat,814,813.972039,6449.000,6456.000,7.000,
375747.268,callback,grid,814,813.972039,6449.000,6456.000,7.000,
375766.563,boundary,beat,814,814.017538,,,,
375873.434,boundary,quarter,814,814.262370,,,,0.25
375990.680,boundary,half,814,814.511535,,,,
376104.440,boundary,quarter,814,814.752033,,,,0.75
376215.349,callback,beat,815,814.986032,6919.000,6925.000,6.000,
376215.582,callback,grid,815,814.986032,6919.000,6925.000,6.000,
376228.029,boundary,beat,815,815.014198,,,,
376331.433,boundary,quarter,815,815.254697,,,,0.25
376455.649,boundary,half,815,815.514695,,,,
376567.401,boundary,quarter,815,815.750860,,,,0.75
376648.936,callback,bar,816,815.937192,7367.000,7364.000,-3.000,
376649.126,callback,beat,816,815.937192,7367.000,7364.000,-3.000,
376649.591,callback,grid,816,815.937192,7367.000,7364.000,-3.000,
376676.459,boundary,beat,816,816.004358,,,,
376676.516,arrangement,layer,51,816.004358,,,,false
376793.716,boundary,quarter,816,816.251356,,,,0.25
376911.015,boundary,half,816,816.502688,,,,
377035.247,boundary,quarter,816,816.762686,,,,0.75
377124.406,callback,beat,817,816.970685,7836.000,7841.000,5.000,
377134.046,callback,grid,817,816.970685,7836.000,7841.000,5.000,
377141.262,boundary,beat,817,817.009684,,,,
377261.646,boundary,quarter,817,817.263183,,,,0.25
377379.303,boundary,half,817,817.514514,,,,
377483.439,boundary,quarter,817,817.750679,,,,0.75
377590.746,callback,beat,818,817.978178,8305.000,8306.000,1.000,
377590.942,callback,grid,818,817.978178,8305.000,8306.000,1.000,
377604.558,boundary,beat,818,818.008511,,,,
377721.852,boundary,quarter,818,818.257676,,,,0.25
377839.135,boundary,half,818,818.506841,,,,
377949.543,boundary,quarter,818,818.762506,,,,0.75
378040.113,callback,beat,819,818.948838,8753.000,8754.000,1.000,
378040.381,callback,grid,819,818.948838,8753.000,8754.000,1.000,
378066.915,boundary,beat,819,819.009504,,,,
378184.156,boundary,quarter,819,819.256502,,,,0.25
378294.517,boundary,half,819,819.510000,,,,
378411.856,boundary,quarter,819,819.759165,,,,0.75
378518.641,callback,bar,820,819.984497,9223.000,9232.000,9.000,
378518.793,callback,beat,820,819.984497,9223.000,9232.000,9.000,
378518.945,callback,grid,820,819.984497,9223.000,9232.000,9.000,
378529.131,boundary,beat,820,820.010497,,,,
378646.542,boundary,quarter,820,820.257495,,,,0.25
378756.866,boundary,half,820,820.508827,,,,
378874.574,boundary,quarter,820,820.760158,,,,0.75
378985.011,callback,beat,821,820.994157,9692.000,9698.000,6.000,
378985.252,callback,grid,821,820.994157,9692.000,9698.000,6.000,
378991.874,boundary,beat,821,821.007157,,,,
379109.204,boundary,quarter,821,821.258488,,,,0.25
379214.197,boundary,half,821,821.501153,,,,
379337.027,boundary,quarter,821,821.756818,,,,0.75
379437.355,callback,beat,822,821.969150,10140.000,10148.000,8.000,
379437.877,callback,grid,822,821.969150,10140.000,10148.000,8.000,
379454.360,boundary,beat,822,822.008150,,,,
379564.958,boundary,quarter,822,822.263815,,,,0.25
379684.569,boundary,half,822,822.517313,,,,
379795.016,boundary,quarter,822,822.751311,,,,0.75
379905.407,callback,beat,823,822.985310,10609.000,10615.000,6.000,
379905.553,callback,grid,823,822.985310,10609.000,10615.000,6.000,
379919.211,boundary,beat,823,823.015643,,,,
380022.700,boundary,quarter,823,823.251808,,,,0.25
380140.303,boundary,half,823,823.500973,,,,
380264.500,boundary,quarter,823,823.765304,,,,0.75
380344.552,callback,bar,824,823.949470,11057.000,11062.000,5.000,
380344.738,callback,beat,824,823.949470,11057.000,11062.000,5.000,
380345.709,callback,grid,824,823.949470,11057.000,11062.000,5.000,
380376.531,boundary,beat,824,824.001469,,,,
380486.916,boundary,quarter,824,824.254968,,,,0.25
380604.241,boundary,half,824,824.504133,,,,
380724.904,boundary,quarter,824,824.757631,,,,0.75
380812.501,callback,beat,825,824.963463,11527.000,11530.000,3.000,
380813.444,callback,grid,825,824.963463,11527.000,11530.000,3.000,
380837.611,boundary,beat,825,825.019796,,,,
380952.498,boundary,quarter,825,825.262461,,,,0.25
381069.134,boundary,half,825,825.507292,,,,
381186.409,boundary,quarter,825,825.756457,,,,0.75
381283.825,callback,beat,826,825.981789,11996.000,12000.000,4.000,
381283.997,callback,grid,826,825.981789,11996.000,12000.000,4.000,
381296.847,boundary,beat,826,826.009956,,,,
381414.995,boundary,quarter,826,826.261287,,,,0.25
381531.385,boundary,half,826,826.508285,,,,
381641.821,boundary,quarter,826,826.759617,,,,0.75
381731.500,callback,beat,827,826.948116,12444.000,12446.000,2.000,
381731.643,callback,grid,827,826.948116,12444.000,12446.000,2.000,
381759.112,boundary,beat,827,827.010949,,,,
381878.546,boundary,quarter,827,827.262280,,,,0.25
381993.911,boundary,half,827,827.507112,,,,
382104.126,boundary,quarter,827,827.762777,,,,0.75
382200.682,callback,bar,828,827.962109,12913.000,12914.000,1.000,
382200.892,callback,beat,828,827.962109,12913.000,12914.000,1.000,
382201.009,callback,grid,828,827.962109,12913.000,12914.000,1.000,
382221.742,boundary,beat,828,828.011942,,,,
382338.707,boundary,quarter,828,828.256773,,,,0.25
382446.428,boundary,half,828,828.505938,,,,
382563.177,boundary,quarter,828,828.755103,,,,0.75
382673.454,callback,beat,829,828.986935,13383.000,13387.000,4.000,
382673.653,callback,grid,829,828.986935,13383.000,13387.000,4.000,
382680.041,boundary,beat,829,829.002101,,,,
382804.216,boundary,quarter,829,829.266433,,,,0.25
382907.678,boundary,half,829,829.502598,,,,
383024.979,boundary,quarter,829,829.751763,,,,0.75
383121.603,callback,beat,830,829.953262,13831.000,13833.000,2.000,
383121.781,callback,grid,830,829.953262,13831.000,13833.000,2.000,
383142.624,boundary,beat,830,830.000928,,,,
383266.507,boundary,quarter,830,830.263093,,,,0.25
383369.995,boundary,half,830,830.505758,,,,
383487.313,boundary,quarter,830,830.750589,,,,0.75
383590.819,callback,beat,831,830.967255,14300.000,14301.000,1.000,
383591.006,callback,grid,831,830.967255,14300.000,14301.000,1.000,
383611.477,boundary,beat,831,831.014921,,,,
383715.308,boundary,quarter,831,831.255419,,,,0.25
383832.287,boundary,half,831,831.502418,,,,
383949.589,boundary,quarter,831,831.751582,,,,0.75
384073.898,boundary,beat,832,832.013747,,,,
384073.955,arrangement,transition,52,832.013747,,,,loop
384177.525,boundary,quarter,832,832.252079,,,,0.25
384294.611,boundary,half,832,832.501244,,,,
384413.611,boundary,quarter,832,832.750409,,,,0.75
384501.600,callback,beat,833,832.956241,448.000,450.000,2.000,
384501.749,callback,grid,833,832.956241,448.000,450.000,2.000,
384522.683,boundary,beat,833,833.001741,,,,
384640.904,boundary,quarter,833,833.250905,,,,0.25
384756.914,boundary,half,833,833.500070,,,,
384881.103,boundary,quarter,833,833.764402,,,,0.75
384970.798,callback,beat,834,833.970234,917.000,918.000,1.000,
384970.947,callback,grid,834,833.970234,917.000,918.000,1.000,
384984.594,boundary,beat,834,834.000567,,,,
385101.901,boundary,quarter,834,834.251899,,,,0.25
385226.066,boundary,half,834,834.514063,,,,
385329.590,boundary,quarter,834,834.752395,,,,0.75
385419.356,callback,beat,835,834.938727,1365.000,1365.000,0.000,
385419.497,callback,grid,835,834.938727,1365.000,1365.000,0.000,
385446.994,boundary,beat,835,835.003727,,,,
385571.145,boundary,quarter,835,835.268058,,,,0.25
385688.405,boundary,half,835,835.512890,,,,
385793.371,boundary,quarter,835,835.755555,,,,0.75
385889.948,callback,bar,836,835.959220,1835.000,1836.000,1.000,
385891.977,callback,beat,836,835.959220,1835.000,1836.000,1.000,
385892.678,callback,grid,836,835.959220,1835.000,1836.000,1.000,
385910.599,boundary,beat,836,836.004720,,,,
386027.911,boundary,quarter,836,836.253885,,,,0.25
386146.459,boundary,half,836,836.500883,,,,
386254.929,boundary,quarter,836,836.754381,,,,0.75
386367.919,callback,beat,837,836.992713,2304.000,2313.000,9.000,
386368.217,callback,grid,837,836.992713,2304.000,2313.000,9.000,
386375.162,boundary,beat,837,837.007879,,,,
386490.702,boundary,quarter,837,837.252711,,,,0.25
386600.765,boundary,half,837,837.506209,,,,
386717.476,boundary,quarter,837,837.751041,,,,0.75
386813.879,callback,beat,838,837.952540,2752.000,2756.000,4.000,
386814.050,callback,grid,838,837.952540,2752.000,2756.000,4.000,
386834.773,boundary,beat,838,838.000206,,,,
386958.717,boundary,quarter,838,838.262371,,,,0.25
387062.219,boundary,half,838,838.505036,,,,
387179.534,boundary,quarter,838,838.752034,,,,0.75
387283.010,callback,beat,839,838.968699,3221.000,3225.000,4.000,
387283.150,callback,grid,839,838.968699,3221.000,3225.000,4.000,
387304.786,boundary,beat,839,839.018532,,,,
387407.368,boundary,quarter,839,839.252531,,,,0.25
387524.574,boundary,half,839,839.501696,,,,
387642.353,boundary,quarter,839,839.753027,,,,0.75
387752.887,callback,bar,840,839.987026,3691.000,3695.000,4.000,
387754.101,callback,beat,840,839.987026,3691.000,3695.000,4.000,
387754.520,callback,grid,840,839.987026,3691.000,3695.000,4.000,
387759.268,boundary,beat,840,840.000025,,,,
387869.558,boundary,quarter,840,840.255690,,,,0.25
387986.865,boundary,half,840,840.500522,,,,
388111.442,boundary,quarter,840,840.767020,,,,0.75
388194.774,callback,beat,841,840.957686,4139.000,4143.000,4.000,
388194.929,callback,grid,841,840.957686,4139.000,4143.000,4.000,
388214.517,boundary,beat,841,841.003185,,,,
388331.815,boundary,quarter,841,841.252350,,,,0.25
388449.123,boundary,half,841,841.503682,,,,
388573.341,boundary,quarter,841,841.763680,,,,0.75
388662.998,callback,beat,842,841.973845,4608.000,4612.000,4.000,
388663.123,callback,grid,842,841.973845,4608.000,4612.000,4.000,
388676.788,boundary,beat,842,842.004178,,,,
388794.095,boundary,quarter,842,842.253343,,,,0.25
388911.381,boundary,half,842,842.500342,,,,
389035.596,boundary,quarter,842,842.762506,,,,0.75
389111.493,callback,beat,843,842.940172,5056.000,5058.000,2.000,
389111.650,callback,grid,843,842.940172,5056.000,5058.000,2.000,
389139.101,boundary,beat,843,843.003005,,,,
389256.453,boundary,quarter,843,843.250003,,,,0.25
389380.665,boundary,half,843,843.514334,,,,
389484.116,boundary,quarter,843,843.754833,,,,0.75
389580.719,callback,bar,844,843.954165,5525.000,5526.000,1.000,
389581.008,callback,beat,844,843.954165,5525.000,5526.000,1.000,
389581.208,callback,grid,844,843.954165,5525.000,5526.000,1.000,
389601.665,boundary,beat,844,844.003998,,,,
389721.241,boundary,quarter,844,844.255329,,,,0.25
389838.178,boundary,half,844,844.502328,,,,
389948.555,boundary,quarter,844,844.757993,,,,0.75
390052.114,callback,beat,845,844.976824,5995.000,5998.000,3.000,
390052.327,callback,grid,845,844.976824,5995.000,5998.000,3.000,
390065.852,boundary,beat,845,845.007158,,,,
390183.163,boundary,quarter,845,845.256322,,,,0.25
390300.439,boundary,half,845,845.501154,,,,
390410.849,boundary,quarter,845,845.758986,,,,0.75
390500.555,callback,beat,846,845.943151,6443.000,6444.000,1.000,
390500.704,callback,grid,846,845.943151,6443.000,6444.000,1.000,
390528.112,boundary,beat,846,846.005984,,,,
390645.412,boundary,quarter,846,846.252982,,,,0.25
390755.883,boundary,half,846,846.510814,,,,
390873.136,boundary,quarter,846,846.755645,,,,0.75
390970.849,callback,beat,847,846.957144,6912.000,6912.000,0.000,
390971.078,callback,grid,847,846.957144,6912.000,6912.000,0.000,
390990.455,boundary,beat,847,847.004810,,,,
391107.738,boundary,quarter,847,847.251809,,,,0.25
391218.160,boundary,half,847,847.507474,,,,
391336.202,boundary,quarter,847,847.758805,,,,0.75
391439.032,callback,bar,848,847.973304,7381.000,7381.000,0.000,
391439.348,callback,beat,848,847.973304,7381.000,7381.000,0.000,
391441.653,callback,grid,848,847.973304,7381.000,7381.000,0.000,
391452.771,boundary,beat,848,848.001470,,,,
391452.858,arrangement,layer,53,848.001470,,,,true
391563.142,boundary,quarter,848,848.257135,,,,0.25
391680.439,boundary,half,848,848.506300,,,,
391797.919,boundary,quarter,848,848.753298,,,,0.75
391893.483,callback,beat,849,848.952630,7829.000,7833.000,4.000,
391893.675,callback,grid,849,848.952630,7829.000,7833.000,4.000,
391915.026,boundary,beat,849,849.004630,,,,
392025.486,boundary,quarter,849,849.255961,,,,0.25
392142.758,boundary,half,849,849.505126,,,,
392260.055,boundary,quarter,849,849.754291,,,,0.75
392349.746,callback,beat,850,849.962290,8299.000,8299.000,0.000,
392349.951,callback,grid,850,849.962290,8299.000,8299.000,0.000,
392370.441,boundary,beat,850,850.007790,,,,
392487.748,boundary,quarter,850,850.256955,,,,0.25
392605.050,boundary,half,850,850.503953,,,,
392722.348,boundary,quarter,850,850.753118,,,,0.75
392818.949,callback,beat,851,850.978450,8768.000,8768.000,0.000,
392819.088,callback,grid,851,850.978450,8768.000,8768.000,0.000,
392832.723,boundary,beat,851,851.006616,,,,
392950.277,boundary,quarter,851,851.257948,,,,0.25
393069.627,boundary,half,851,851.509279,,,,
393185.590,boundary,quarter,851,851.751944,,,,0.75
393274.396,callback,bar,852,851.959943,9216.000,9221.000,5.000,
393275.055,callback,beat,852,851.959943,9216.000,9221.000,5.000,
393275.589,callback,grid,852,851.959943,9216.000,9221.000,5.000,
393295.070,boundary,beat,852,852.005442,,,,
393412.341,boundary,quarter,852,852.254607,,,,0.25
393530.456,boundary,half,852,852.505939,,,,
393640.059,boundary,quarter,852,852.759437,,,,0.75
393743.618,callback,beat,853,852.973936,9685.000,9689.000,4.000,
393743.787,callback,grid,853,852.973936,9685.000,9689.000,4.000,
393757.369,boundary,beat,853,853.004269,,,,
393874.654,boundary,quarter,853,853.253434,,,,0.25
393991.911,boundary,half,853,853.502599,,,,
394102.359,boundary,quarter,853,853.758264,,,,0.75
394192.028,callback,beat,854,853.942429,10133.000,10136.000,3.000,
394192.258,callback,grid,854,853.942429,10133.000,10136.000,3.000,
394220.152,boundary,beat,854,854.007429,,,,
394337.144,boundary,quarter,854,854.252260,,,,0.25
394458.515,boundary,half,854,854.510092,,,,
394562.687,boundary,quarter,854,854.750590,,,,0.75
394662.953,callback,beat,855,854.962922,10603.000,10607.000,4.000,
394663.216,callback,grid,855,854.962922,10603.000,10607.000,4.000,
394683.607,boundary,beat,855,855.008422,,,,
394801.182,boundary,quarter,855,855.257587,,,,0.25
394911.308,boundary,half,855,855.513252,,,,
395028.600,boundary,quarter,855,855.758083,,,,0.75
395132.491,callback,bar,856,855.976915,11072.000,11075.000,3.000,
395132.652,callback,beat,856,855.976915,11072.000,11075.000,3.000,
395132.803,callback,grid,856,855.976915,11072.000,11075.000,3.000,
395145.927,boundary,beat,856,856.007248,,,,
395256.302,boundary,quarter,856,856.260746,,,,0.25
395373.567,boundary,half,856,856.509911,,,,
395490.960,boundary,quarter,856,856.761243,,,,0.75
395580.631,callback,beat,857,856.949742,11520.000,11521.000,1.000,
395580.783,callback,grid,857,856.949742,11520.000,11521.000,1.000,
395608.206,boundary,beat,857,857.006075,,,,
395722.284,boundary,quarter,857,857.268239,,,,0.25
395837.790,boundary,half,857,857.515238,,,,
395953.882,boundary,quarter,857,857.760069,,,,0.75
396050.617,callback,beat,858,857.963735,11989.000,11990.000,1.000,
396051.056,callback,grid,858,857.963735,11989.000,11990.000,1.000,
396071.187,boundary,beat,858,858.009234,,,,
396181.628,boundary,quarter,858,858.260566,,,,0.25
396299.051,boundary,half,858,858.511897,,,,
396424.070,boundary,quarter,858,858.776229,,,,0.75
396515.499,callback,beat,859,858.988561,12459.000,12465.000,6.000,
396515.658,callback,grid,859,858.988561,12459.000,12465.000,6.000,
396522.333,boundary,beat,859,859.003727,,,,
396639.663,boundary,quarter,859,859.252892,,,,0.25
396763.836,boundary,half,859,859.515057,,,,
396881.184,boundary,quarter,859,859.764222,,,,0.75
396964.791,callback,bar,860,859.957054,12907.000,12912.000,5.000,
396965.236,callback,beat,860,859.957054,12907.000,12912.000,5.000,
396965.453,callback,grid,860,859.957054,12907.000,12912.000,5.000,
396984.697,boundary,beat,860,860.002554,,,,
397136.861,boundary,quarter,860,860.331885,,,,0.25
397223.189,boundary,half,860,860.509550,,,,
397340.510,boundary,quarter,860,860.754382,,,,0.75
397430.255,callback,beat,861,860.964547,13376.000,13377.000,1.000,
397430.519,callback,grid,861,860.964547,13376.000,13377.000,1.000,
397450.962,boundary,beat,861,861.012214,,,,
397568.238,boundary,quarter,861,861.259212,,,,0.25
397685.515,boundary,half,861,861.506210,,,,
397795.925,boundary,quarter,861,861.764042,,,,0.75
397899.441,callback,beat,862,861.978540,13845.000,13845.000,0.000,
397899.578,callback,grid,862,861.978540,13845.000,13845.000,0.000,
397913.203,boundary,beat,862,862.008873,,,,
398030.503,boundary,quarter,862,862.258038,,,,0.25
398147.798,boundary,half,862,862.507203,,,,
398258.200,boundary,quarter,862,862.760701,,,,0.75
398354.829,callback,beat,863,862.962200,14293.000,14299.000,6.000,
398355.184,callback,grid,863,862.962200,14293.000,14299.000,6.000,
398375.511,boundary,beat,863,863.009866,,,,
398492.818,boundary,quarter,863,863.256865,,,,0.25
398603.202,boundary,half,863,863.510363,,,,
398738.340,boundary,quarter,863,863.800694,,,,0.75
398834.615,boundary,beat,864,864.000026,,,,
398834.676,arrangement,transition,54,864.000026,,,,alternate
398954.350,boundary,quarter,864,864.253524,,,,0.25
399072.801,boundary,half,864,864.528689,,,,
399181.936,boundary,quarter,864,864.758354,,,,0.75
399277.096,callback,beat,865,864.953353,441.000,449.000,8.000,
399277.234,callback,grid,865,864.953353,441.000,449.000,8.000,
399300.552,boundary,beat,865,865.007519,,,,
399410.922,boundary,quarter,865,865.261017,,,,0.25
399529.684,boundary,half,865,865.512349,,,,
399648.510,boundary,quarter,865,865.763681,,,,0.75
399745.496,callback,beat,866,865.967346,911.000,917.000,6.000,
399745.701,callback,grid,866,865.967346,911.000,917.000,6.000,
399765.431,boundary,beat,866,866.012846,,,,
399872.749,boundary,quarter,866,866.259844,,,,0.25
400004.961,boundary,half,866,866.543675,,,,
400106.332,boundary,quarter,866,866.753840,,,,0.75
400220.790,callback,beat,867,866.996505,1380.000,1392.000,12.000,
400220.928,callback,grid,867,866.996505,1380.000,1392.000,12.000,
400222.911,boundary,beat,867,867.000839,,,,
400331.172,boundary,quarter,867,867.252170,,,,0.25
400455.665,boundary,half,867,867.514335,,,,
400572.716,boundary,quarter,867,867.763500,,,,0.75
400658.153,callback,bar,868,867.960665,1828.000,1837.000,9.000,
400658.495,callback,beat,868,867.960665,1828.000,1837.000,9.000,
400659.125,callback,grid,868,867.960665,1828.000,1837.000,9.000,
400676.200,boundary,beat,868,868.001832,,,,
400800.416,boundary,quarter,868,868.266163,,,,0.25
400917.637,boundary,half,868,868.513162,,,,
401034.977,boundary,quarter,868,868.762327,,,,0.75
401124.624,callback,beat,869,868.968159,2297.000,2302.000,5.000,
401124.752,callback,grid,869,868.968159,2297.000,2302.000,5.000,
401139.388,boundary,beat,869,869.004992,,,,
401263.373,boundary,quarter,869,869.264990,,,,0.25
401380.197,boundary,half,869,869.514155,,,,
401483.497,boundary,quarter,869,869.750320,,,,0.75
401593.854,callback,beat,870,869.986485,2767.000,2772.000,5.000,
401594.604,callback,grid,870,869.986485,2767.000,2772.000,5.000,
401601.095,boundary,beat,870,870.001651,,,,
401724.946,boundary,quarter,870,870.265983,,,,0.25
401842.245,boundary,half,870,870.510815,,,,
401949.520,boundary,quarter,870,870.759979,,,,0.75
402039.178,callback,beat,871,870.946311,3215.000,3215.000,0.000,
402039.313,callback,grid,871,870.946311,3215.000,3215.000,0.000,
402066.809,boundary,beat,871,871.009144,,,,
402184.097,boundary,quarter,871,871.256143,,,,0.25
402294.483,boundary,half,871,871.507474,,,,
402411.783,boundary,quarter,871,871.758806,,,,0.75
402509.167,callback,bar,872,871.962471,3684.000,3684.000,0.000,
402509.294,callback,beat,872,871.962471,3684.000,3684.000,0.000,
402509.364,callback,grid,872,871.962471,3684.000,3684.000,0.000,
402529.107,boundary,beat,872,872.007971,,,,
402646.424,boundary,quarter,872,872.254969,,,,0.25
402757.219,boundary,half,872,872.510634,,,,
402874.119,boundary,quarter,872,872.759799,,,,0.75
402984.604,callback,beat,873,872.989464,4153.000,4158.000,5.000,
402984.848,callback,grid,873,872.989464,4153.000,4158.000,5.000,
402991.393,boundary,beat,873,873.004631,,,,
403108.730,boundary,quarter,873,873.251629,,,,0.25
403219.092,boundary,half,873,873.509460,,,,
403336.399,boundary,quarter,873,873.756459,,,,0.75
403434.399,callback,beat,874,873.960124,4601.000,4606.000,5.000,
403434.573,callback,grid,874,873.960124,4601.000,4606.000,5.000,
403453.674,boundary,beat,874,874.005624,,,,
403564.073,boundary,quarter,874,874.259122,,,,0.25
403681.352,boundary,half,874,874.508287,,,,
403799.226,boundary,quarter,874,874.757452,,,,0.75
403902.196,callback,beat,875,874.976284,5071.000,5074.000,3.000,
403903.418,callback,grid,875,874.976284,5071.000,5074.000,3.000,
403916.613,boundary,beat,875,875.004450,,,,
404026.411,boundary,quarter,875,875.260115,,,,0.25
404143.749,boundary,half,875,875.507113,,,,
404261.314,boundary,quarter,875,875.756278,,,,0.75
404343.780,callback,bar,876,875.949110,5519.000,5524.000,5.000,
404343.914,callback,beat,876,875.949110,5519.000,5524.000,5.000,
404344.170,callback,grid,876,875.949110,5519.000,5524.000,5.000,
404378.296,boundary,beat,876,876.003277,,,,
404488.753,boundary,quarter,876,876.256775,,,,0.25
404605.994,boundary,half,876,876.508106,,,,
404723.277,boundary,quarter,876,876.752938,,,,0.75
404812.985,callback,beat,877,876.963103,5988.000,5992.000,4.000,
404813.145,callback,grid,877,876.963103,5988.000,5992.000,4.000,
404833.705,boundary,beat,877,877.008603,,,,
404950.978,boundary,quarter,877,877.257768,,,,0.25
405068.302,boundary,half,877,877.504766,,,,
405186.924,boundary,quarter,877,877.758264,,,,0.75
405282.169,callback,beat,878,877.977096,6457.000,6460.000,3.000,
405282.325,callback,grid,878,877.977096,6457.000,6460.000,3.000,
405296.455,boundary,beat,878,878.007429,,,,
405413.309,boundary,quarter,878,878.256594,,,,0.25
405530.602,boundary,half,878,878.503593,,,,
405641.105,boundary,quarter,878,878.759257,,,,0.75
405730.687,callback,beat,879,878.943423,6905.000,6906.000,1.000,
405731.110,callback,grid,879,878.943423,6905.000,6906.000,1.000,
405758.794,boundary,beat,879,879.008422,,,,
405875.617,boundary,quarter,879,879.253254,,,,0.25
405993.104,boundary,half,879,879.504586,,,,
406103.293,boundary,quarter,879,879.758084,,,,0.75
406199.873,callback,bar,880,879.961749,7375.000,7376.000,1.000,
406200.023,callback,beat,880,879.961749,7375.000,7376.000,1.000,
406200.202,callback,grid,880,879.961749,7375.000,7376.000,1.000,
406220.614,boundary,beat,880,880.007249,,,,
406220.702,arrangement,layer,55,880.007249,,,,false
406337.901,boundary,quarter,880,880.256414,,,,0.25
406448.363,boundary,half,880,880.507745,,,,
406566.282,boundary,quarter,880,880.756910,,,,0.75
406669.093,callback,beat,881,880.975742,7844.000,7844.000,0.000,
406669.444,callback,grid,881,880.975742,7844.000,7844.000,0.000,
406684.106,boundary,beat,881,881.006075,,,,
406800.172,boundary,quarter,881,881.255240,,,,0.25
406910.964,boundary,half,881,881.508738,,,,
407027.983,boundary,quarter,881,881.755737,,,,0.75
407124.497,callback,beat,882,881.957235,8292.000,8297.000,5.000,
407124.930,callback,grid,882,881.957235,8292.000,8297.000,5.000,
407145.187,boundary,beat,882,882.004902,,,,
407263.843,boundary,quarter,882,882.254067,,,,0.25
407369.335,boundary,half,882,882.501065,,,,
407492.177,boundary,quarter,882,882.761063,,,,0.75
407588.909,callback,beat,883,882.962562,8761.000,8761.000,0.000,
407589.054,callback,grid,883,882.962562,8761.000,8761.000,0.000,
407609.514,boundary,beat,883,883.010228,,,,
407714.997,boundary,quarter,883,883.252893,,,,0.25
407834.210,boundary,half,883,883.504225,,,,
407949.996,boundary,quarter,883,883.751223,,,,0.75
408059.836,callback,bar,884,883.985221,9231.000,9232.000,1.000,
408059.977,callback,beat,884,883.985221,9231.000,9232.000,1.000,
408060.137,callback,grid,884,883.985221,9231.000,9232.000,1.000,
408073.667,boundary,beat,884,884.011221,,,,
408184.046,boundary,quarter,884,884.269053,,,,0.25
408301.371,boundary,half,884,884.513884,,,,
408418.911,boundary,quarter,884,884.765216,,,,0.75
408503.981,callback,beat,885,884.962381,9679.000,9684.000,5.000,
408504.169,callback,grid,885,884.962381,9679.000,9684.000,5.000,
408524.071,boundary,beat,885,885.005714,,,,
408639.543,boundary,quarter,885,885.250546,,,,0.25
408763.721,boundary,half,885,885.517044,,,,
408880.912,boundary,quarter,885,885.761876,,,,0.75
408970.601,callback,beat,886,885.969874,10148.000,10149.000,1.000,
408970.710,callback,grid,886,885.969874,10148.000,10149.000,1.000,
408984.423,boundary,beat,886,886.000207,,,,
409101.690,boundary,quarter,886,886.251539,,,,0.25
409225.910,boundary,half,886,886.513704,,,,
409336.323,boundary,quarter,886,886.765035,,,,0.75
409426.020,callback,beat,887,886.951367,10596.000,10602.000,6.000,
409426.151,callback,grid,887,886.951367,10596.000,10602.000,6.000,
409446.727,boundary,beat,887,887.001200,,,,
409571.185,boundary,quarter,887,887.265532,,,,0.25
409688.214,boundary,half,887,887.512530,,,,
409795.431,boundary,quarter,887,887.759529,,,,0.75
409912.616,boundary,beat,888,888.008694,,,,
409912.746,callback,bar,888,888.008694,11065.000,11090.000,25.000,
409913.006,callback,beat,888,888.008694,11065.000,11090.000,25.000,
409913.167,callback,grid,888,888.008694,11065.000,11090.000,25.000,
410034.185,boundary,quarter,888,888.264358,,,,0.25
410151.438,boundary,half,888,888.513523,,,,
410254.928,boundary,quarter,888,888.754022,,,,0.75
410363.156,callback,beat,889,888.981520,11535.000,11539.000,4.000,
410363.313,callback,grid,889,888.981520,11535.000,11539.000,4.000,
410376.905,boundary,beat,889,889.009687,,,,
410494.351,boundary,quarter,889,889.261018,,,,0.25
410604.576,boundary,half,889,889.512350,,,,
410721.928,boundary,quarter,889,889.763681,,,,0.75
410811.563,callback,beat,890,889.947847,11983.000,11985.000,2.000,
410811.717,callback,grid,890,889.947847,11983.000,11985.000,2.000,
410839.190,boundary,beat,890,890.010680,,,,
410956.475,boundary,quarter,890,890.257678,,,,0.25
411059.948,boundary,half,890,890.500343,,,,
411184.210,boundary,quarter,890,890.760341,,,,0.75
411280.751,callback,beat,891,890.964006,12452.000,12454.000,2.000,
411280.862,callback,grid,891,890.964006,12452.000,12454.000,2.000,
411301.563,boundary,beat,891,891.009506,,,,
411418.799,boundary,quarter,891,891.258671,,,,0.25
411529.245,boundary,half,891,891.514336,,,,
411646.778,boundary,quarter,891,891.761334,,,,0.75
411753.874,callback,bar,892,891.986666,12921.000,12926.000,5.000,
411754.005,callback,beat,892,891.986666,12921.000,12926.000,5.000,
411754.078,callback,grid,892,891.986666,12921.000,12926.000,5.000,
411760.863,boundary,beat,892,892.001833,,,,
411871.182,boundary,quarter,892,892.257497,,,,0.25
411988.459,boundary,half,892,892.504496,,,,
412108.711,boundary,quarter,892,892.757994,,,,0.75
412191.627,callback,beat,893,892.950826,13369.000,13371.000,2.000,
412192.118,callback,grid,893,892.950826,13369.000,13371.000,2.000,
412218.472,boundary,beat,893,893.009326,,,,
412337.807,boundary,quarter,893,893.264991,,,,0.25
412452.071,boundary,half,893,893.507655,,,,
412569.963,boundary,quarter,893,893.756820,,,,0.75
412661.969,callback,beat,894,893.971319,13839.000,13842.000,3.000,
412662.166,callback,grid,894,893.971319,13839.000,13842.000,3.000,
412679.981,boundary,beat,894,894.010319,,,,
412797.329,boundary,quarter,894,894.259484,,,,0.25
412915.496,boundary,half,894,894.506482,,,,
413032.814,boundary,quarter,894,894.757814,,,,0.75
413108.731,callback,beat,895,894.935479,14287.000,14287.000,0.000,
413108.881,callback,grid,895,894.935479,14287.000,14287.000,0.000,
413143.206,boundary,beat,895,895.011312,,,,
413261.923,boundary,quarter,895,895.264810,,,,0.25
413373.929,boundary,half,895,895.500975,,,,
413484.305,boundary,quarter,895,895.752307,,,,0.75
413602.400,boundary,beat,896,896.001472,,,,
413602.473,arrangement,transition,56,896.001472,,,,loop
413718.905,boundary,quarter,896,896.250637,,,,0.25
413843.119,boundary,half,896,896.514968,,,,
413946.669,boundary,quarter,896,896.753300,,,,0.75
414052.814,callback,beat,897,896.974298,456.000,459.000,3.000,
414055.892,callback,grid,897,896.974298,456.000,459.000,3.000,
414063.913,boundary,beat,897,897.000298,,,,
414188.089,boundary,quarter,897,897.264630,,,,0.25
414305.392,boundary,half,897,897.511628,,,,
414408.894,boundary,quarter,897,897.754293,,,,0.75
414498.906,callback,beat,898,897.938458,904.000,904.000,0.000,
414499.042,callback,grid,898,897.938458,904.000,904.000,0.000,
414526.188,boundary,beat,898,898.001291,,,,
414650.399,boundary,quarter,898,898.265623,,,,0.25
414753.946,boundary,half,898,898.503954,,,,
414871.233,boundary,quarter,898,898.750953,,,,0.75
414974.685,callback,beat,899,898.969784,1374.000,1380.000,6.000,
414974.847,callback,grid,899,898.969784,1374.000,1380.000,6.000,
414995.401,boundary,beat,899,899.015284,,,,
415112.876,boundary,quarter,899,899.264449,,,,0.25
415218.519,boundary,half,899,899.504947,,,,
415340.494,boundary,quarter,899,899.764946,,,,0.75
415443.897,callback,bar,900,899.983777,1843.000,1848.000,5.000,
415444.060,callback,beat,900,899.983777,1843.000,1848.000,5.000,
415444.151,callback,grid,900,899.983777,1843.000,1848.000,5.000,
415457.820,boundary,beat,900,900.014111,,,,
415566.101,boundary,quarter,900,900.263275,,,,0.25
415683.415,boundary,half,900,900.512440,,,,
415800.968,boundary,quarter,900,900.763772,,,,0.75
415890.422,callback,beat,901,900.950104,2291.000,2292.000,1.000,
415890.565,callback,grid,901,900.950104,2291.000,2292.000,1.000,
415918.029,boundary,beat,901,901.008604,,,,
416036.725,boundary,quarter,901,901.281602,,,,0.25
416140.229,boundary,half,901,901.500434,,,,
416263.041,boundary,quarter,901,901.760432,,,,0.75
416352.743,callback,beat,902,901.968430,2760.000,2764.000,4.000,
416352.884,callback,grid,902,901.968430,2760.000,2764.000,4.000,
416373.450,boundary,beat,902,902.011763,,,,
416490.739,boundary,quarter,902,902.263095,,,,0.25
416608.238,boundary,half,902,902.510093,,,,
416725.580,boundary,quarter,902,902.759258,,,,0.75
416819.436,callback,beat,903,902.978090,3230.000,3230.000,0.000,
416819.594,callback,grid,903,902.978090,3230.000,3230.000,0.000,
416850.731,boundary,beat,903,903.027923,,,,
416950.895,boundary,quarter,903,903.259755,,,,0.25
417072.037,boundary,half,903,903.513253,,,,
417189.381,boundary,quarter,903,903.762418,,,,0.75
417272.162,callback,bar,904,903.955250,3678.000,3681.000,3.000,
417272.293,callback,beat,904,903.955250,3678.000,3681.000,3.000,
417272.369,callback,grid,904,903.955250,3678.000,3681.000,3.000,
417292.884,boundary,beat,904,904.002916,,,,
417417.095,boundary,quarter,904,904.265081,,,,0.25
417534.375,boundary,half,904,904.514246,,,,
417637.866,boundary,quarter,904,904.752578,,,,0.75
417741.385,callback,beat,905,904.969243,4147.000,4149.000,2.000,
417741.550,callback,grid,905,904.969243,4147.000,4149.000,2.000,
417757.380,boundary,beat,905,905.003909,,,,
417880.087,boundary,quarter,905,905.266074,,,,0.25
417996.836,boundary,half,905,905.513072,,,,
418104.180,boundary,quarter,905,905.762237,,,,0.75
418191.078,callback,beat,906,905.939903,4595.000,4597.000,2.000,
418191.278,callback,grid,906,905.939903,4595.000,4597.000,2.000,
418224.381,boundary,beat,906,906.013569,,,,
418342.173,boundary,quarter,906,906.264901,,,,0.25
418447.280,boundary,half,906,906.505399,,,,
418562.466,boundary,quarter,906,906.750231,,,,0.75
418659.059,callback,beat,907,906.951729,5064.000,5064.000,0.000,
418659.197,callback,grid,907,906.951729,5064.000,5064.000,0.000,
418679.975,boundary,beat,907,907.001562,,,,
418803.990,boundary,quarter,907,907.261560,,,,0.25
418914.364,boundary,half,907,907.517225,,,,
419024.813,boundary,quarter,907,907.751224,,,,0.75
419135.221,callback,bar,908,907.983055,5534.000,5540.000,6.000,
419135.611,callback,beat,908,907.983055,5534.000,5540.000,6.000,
419135.769,callback,grid,908,907.983055,5534.000,5540.000,6.000,
419149.031,boundary,beat,908,908.015555,,,,
419266.312,boundary,quarter,908,908.262553,,,,0.25
419369.819,boundary,half,908,908.500885,,,,
419488.162,boundary,quarter,908,908.750050,,,,0.75
419583.683,callback,beat,909,908.953715,5982.000,5987.000,5.000,
419583.823,callback,grid,909,908.953715,5982.000,5987.000,5.000,
419612.257,boundary,beat,909,909.014382,,,,
419716.549,boundary,quarter,909,909.254880,,,,0.25
419832.060,boundary,half,909,909.501878,,,,
419956.289,boundary,quarter,909,909.761876,,,,0.75
420052.885,callback,beat,910,909.969875,6451.000,6455.000,4.000,
420053.014,callback,grid,910,909.969875,6451.000,6455.000,4.000,
420073.643,boundary,beat,910,910.011041,,,,
420177.073,boundary,quarter,910,910.251540,,,,0.25
420294.992,boundary,half,910,910.500705,,,,
420418.690,boundary,quarter,910,910.765036,,,,0.75
420516.991,callback,beat,911,910.981701,6920.000,6924.000,4.000,
420517.125,callback,grid,911,910.981701,6920.000,6924.000,4.000,
420522.225,boundary,beat,911,911.001201,,,,
420639.429,boundary,quarter,911,911.250366,,,,0.25
420763.615,boundary,half,911,911.512531,,,,
420880.910,boundary,quarter,911,911.763863,,,,0.75
420963.717,callback,bar,912,911.954528,7368.000,7373.000,5.000,
420963.850,callback,beat,912,911.954528,7368.000,7373.000,5.000,
420966.321,callback,grid,912,911.954528,7368.000,7373.000,5.000,
420984.417,boundary,beat,912,912.002194,,,,
420984.469,arrangement,layer,57,912.002194,,,,true
421108.628,boundary,quarter,912,912.268692,,,,0.25
421225.906,boundary,half,912,912.513524,,,,
421343.266,boundary,quarter,912,912.760522,,,,0.75
421432.912,callback,beat,913,912.970688,7838.000,7842.000,4.000,
421433.164,callback,grid,913,912.970688,7838.000,7842.000,4.000,
421446.698,boundary,beat,913,913.001021,,,,
421564.023,boundary,quarter,913,913.250186,,,,0.25
421689.328,boundary,half,913,913.516684,,,,
421791.820,boundary,quarter,913,913.752849,,,,0.75
421902.141,callback,beat,914,913.984681,8307.000,8310.000,3.000,
421902.298,callback,grid,914,913.984681,8307.000,8310.000,3.000,
421915.910,boundary,beat,914,914.015014,,,,
422033.224,boundary,quarter,914,914.264179,,,,0.25
422136.739,boundary,half,914,914.500344,,,,
422256.484,boundary,quarter,914,914.753842,,,,0.75
422353.140,callback,beat,915,914.957507,8755.000,8759.000,4.000,
422353.272,callback,grid,915,914.957507,8755.000,8759.000,4.000,
422373.794,boundary,beat,915,915.005174,,,,
422491.087,boundary,quarter,915,915.252172,,,,0.25
422601.957,boundary,half,915,915.505670,,,,
422720.426,boundary,quarter,915,915.759168,,,,0.75
422821.791,callback,bar,916,915.969334,9224.000,9226.000,2.000,
422821.957,callback,beat,916,915.969334,9224.000,9226.000,2.000,
422822.058,callback,grid,916,915.969334,9224.000,9226.000,2.000,
422842.356,boundary,beat,916,916.019167,,,,
422955.207,boundary,quarter,916,916.255332,,,,0.25
423063.235,boundary,half,916,916.504496,,,,
423179.549,boundary,quarter,916,916.751495,,,,0.75
423277.578,callback,beat,917,916.952993,9672.000,9680.000,8.000,
423277.777,callback,grid,917,916.952993,9672.000,9680.000,8.000,
423301.427,boundary,beat,917,917.009326,,,,
423411.855,boundary,quarter,917,917.262825,,,,0.25
423531.677,boundary,half,917,917.518489,,,,
423646.538,boundary,quarter,917,917.758988,,,,0.75
423742.975,callback,beat,918,917.964820,10142.000,10146.000,4.000,
423743.109,callback,grid,918,917.964820,10142.000,10146.000,4.000,
423763.482,boundary,beat,918,918.008153,,,,
423874.085,boundary,quarter,918,918.263818,,,,0.25
423991.372,boundary,half,918,918.512983,,,,
424108.687,boundary,quarter,918,918.759981,,,,0.75
424212.231,callback,beat,919,918.980979,10611.000,10614.000,3.000,
424212.397,callback,grid,919,918.980979,10611.000,10614.000,3.000,
424225.978,boundary,beat,919,919.006979,,,,
424336.412,boundary,quarter,919,919.262644,,,,0.25
424453.700,boundary,half,919,919.511809,,,,
424571.790,boundary,quarter,919,919.763141,,,,0.75
424654.569,callback,bar,920,919.951639,11059.000,11064.000,5.000,
424654.700,callback,beat,920,919.951639,11059.000,11064.000,5.000,
424654.908,callback,grid,920,919.951639,11059.000,11064.000,5.000,
424682.176,boundary,beat,920,920.014472,,,,
424799.510,boundary,quarter,920,920.263637,,,,0.25
424916.879,boundary,half,920,920.512802,,,,
425035.287,boundary,quarter,920,920.761967,,,,0.75
425126.861,callback,beat,921,920.974299,11528.000,11536.000,8.000,
425127.001,callback,grid,921,920.974299,11528.000,11536.000,8.000,
425144.503,boundary,beat,921,921.015465,,,,
425261.794,boundary,quarter,921,921.262464,,,,0.25
425379.107,boundary,half,921,921.511629,,,,
425496.479,boundary,quarter,921,921.758627,,,,0.75
425592.975,callback,beat,922,921.983959,11998.000,12002.000,4.000,
425593.395,callback,grid,922,921.983959,11998.000,12002.000,4.000,
425607.073,boundary,beat,922,922.014292,,,,
425724.181,boundary,quarter,922,922.263457,,,,0.25
425841.367,boundary,half,922,922.508288,,,,
425951.774,boundary,quarter,922,922.766120,,,,0.75
426041.599,callback,beat,923,922.950285,12446.000,12448.000,2.000,
426041.753,callback,grid,923,922.950285,12446.000,12448.000,2.000,
426069.079,boundary,beat,923,923.013118,,,,
426186.387,boundary,quarter,923,923.260116,,,,0.25
426296.772,boundary,half,923,923.513615,,,,
426414.118,boundary,quarter,923,923.762780,,,,0.75
426510.650,callback,bar,924,923.966445,12915.000,12917.000,2.000,
426510.756,callback,beat,924,923.966445,12915.000,12917.000,2.000,
426510.843,callback,grid,924,923.966445,12915.000,12917.000,2.000,
426531.373,boundary,beat,924,924.011945,,,,
426648.717,boundary,quarter,924,924.261110,,,,0.25
426753.160,boundary,half,924,924.501608,,,,
426874.139,boundary,quarter,924,924.759439,,,,0.75
426979.845,callback,beat,925,924.980438,13384.000,13385.000,1.000,
426979.981,callback,grid,925,924.980438,13384.000,13385.000,1.000,
426993.744,boundary,beat,925,925.010771,,,,
427111.135,boundary,quarter,925,925.259936,,,,0.25
427221.382,boundary,half,925,925.513434,,,,
427338.784,boundary,quarter,925,925.764766,,,,0.75
427435.296,callback,beat,926,925.961931,13832.000,13838.000,6.000,
427435.502,callback,grid,926,925.961931,13832.000,13838.000,6.000,
427456.051,boundary,beat,926,926.011764,,,,
427566.377,boundary,quarter,926,926.263096,,,,0.25
427683.671,boundary,half,926,926.514427,,,,
427800.993,boundary,quarter,926,926.761426,,,,0.75
427904.512,callback,beat,927,926.982424,14302.000,14307.000,5.000,
427904.694,callback,grid,927,926.982424,14302.000,14307.000,5.000,
427918.290,boundary,beat,927,927.008424,,,,
428021.843,boundary,quarter,927,927.251089,,,,0.25
428146.809,boundary,half,927,927.513254,,,,
428263.301,boundary,quarter,927,927.760252,,,,0.75
428380.549,boundary,beat,928,928.007250,,,,
428380.592,arrangement,transition,58,928.007250,,,,alternate
428490.952,boundary,quarter,928,928.265082,,,,0.25
428608.276,boundary,half,928,928.509913,,,,
428725.914,boundary,quarter,928,928.759078,,,,0.75
428811.642,callback,beat,929,928.960577,450.000,453.000,3.000,
428811.886,callback,grid,929,928.960577,450.000,453.000,3.000,
428835.991,boundary,beat,929,929.014743,,,,
428953.310,boundary,quarter,929,929.261742,,,,0.25
429070.563,boundary,half,929,929.513073,,,,
429175.723,boundary,quarter,929,929.751405,,,,0.75
429279.206,callback,beat,930,929.970237,919.000,919.000,0.000,
429279.468,callback,grid,930,929.970237,919.000,919.000,0.000,
429298.521,boundary,beat,930,930.011403,,,,
429411.072,boundary,quarter,930,930.251901,,,,0.25
429532.932,boundary,half,930,930.509733,,,,
429643.295,boundary,quarter,930,930.761065,,,,0.75
429732.985,callback,beat,931,930.949563,1367.000,1371.000,4.000,
429733.139,callback,grid,931,930.949563,1367.000,1371.000,4.000,
429760.566,boundary,beat,931,931.012396,,,,
429881.848,boundary,quarter,931,931.270228,,,,0.25
429995.270,boundary,half,931,931.508559,,,,
430105.591,boundary,quarter,931,931.762058,,,,0.75
430202.761,callback,bar,932,931.965723,1836.000,1840.000,4.000,
430203.191,callback,beat,932,931.965723,1836.000,1840.000,4.000,
430203.987,callback,grid,932,931.965723,1836.000,1840.000,4.000,
430227.061,boundary,beat,932,932.022056,,,,
430340.284,boundary,quarter,932,932.258221,,,,0.25
430446.930,boundary,half,932,932.505219,,,,
430577.635,boundary,quarter,932,932.782551,,,,0.75
430674.343,callback,beat,933,932.984049,2306.000,2310.000,4.000,
430674.709,callback,grid,933,932.984049,2306.000,2310.000,4.000,
430687.974,boundary,beat,933,933.014382,,,,
430805.376,boundary,quarter,933,933.265714,,,,0.25
430909.059,boundary,half,933,933.504046,,,,
431026.292,boundary,quarter,933,933.751044,,,,0.75
431126.595,callback,beat,934,933.961209,2754.000,2761.000,7.000,
431127.236,callback,grid,934,933.961209,2754.000,2761.000,7.000,
431144.699,boundary,beat,934,934.004542,,,,
431267.638,boundary,quarter,934,934.264540,,,,0.25
431371.086,boundary,half,934,934.505039,,,,
431495.354,boundary,quarter,934,934.765037,,,,0.75
431594.123,callback,beat,935,934.973035,3223.000,3228.000,5.000,
431594.617,callback,grid,935,934.973035,3223.000,3228.000,5.000,
431612.625,boundary,beat,935,935.016369,,,,
431716.141,boundary,quarter,935,935.254700,,,,0.25
431833.410,boundary,half,935,935.501698,,,,
431950.703,boundary,quarter,935,935.753030,,,,0.75
432033.681,callback,bar,936,935.943695,3671.000,3676.000,5.000,
432033.927,callback,beat,936,935.943695,3671.000,3676.000,5.000,
432034.027,callback,grid,936,935.943695,3671.000,3676.000,5.000,
432074.915,boundary,beat,936,936.013028,,,,
432178.454,boundary,quarter,936,936.251360,,,,0.25
432295.942,boundary,half,936,936.502692,,,,
432420.531,boundary,quarter,936,936.767023,,,,0.75
432515.576,callback,beat,937,936.985855,4140.000,4157.000,17.000,
432515.726,callback,grid,937,936.985855,4140.000,4157.000,17.000,
432528.296,boundary,beat,937,937.011855,,,,
432646.296,boundary,quarter,937,937.263186,,,,0.25
432762.918,boundary,half,937,937.512351,,,,
432881.084,boundary,quarter,937,937.761516,,,,0.75
432970.331,callback,beat,938,937.969515,4610.000,4611.000,1.000,
432971.276,callback,grid,938,937.969515,4610.000,4611.000,1.000,
432990.607,boundary,beat,938,938.017181,,,,
433107.883,boundary,quarter,938,938.264179,,,,0.25
433225.180,boundary,half,938,938.509011,,,,
433335.595,boundary,quarter,938,938.764676,,,,0.75
433425.254,callback,beat,939,938.951008,5058.000,5064.000,6.000,
433425.388,callback,grid,939,938.951008,5058.000,5064.000,6.000,
433452.880,boundary,beat,939,939.013841,,,,
433570.197,boundary,quarter,939,939.263006,,,,0.25
433687.481,boundary,half,939,939.510004,,,,
433797.911,boundary,quarter,939,939.763502,,,,0.75
433894.589,callback,bar,940,939.967168,5527.000,5533.000,6.000,
433894.724,callback,beat,940,939.967168,5527.000,5533.000,6.000,
433894.810,callback,grid,940,939.967168,5527.000,5533.000,6.000,
433915.270,boundary,beat,940,940.012667,,,,
434032.509,boundary,quarter,940,940.259666,,,,0.25
434145.761,boundary,half,940,940.500164,,,,
434256.181,boundary,quarter,940,940.755829,,,,0.75
434360.983,callback,beat,941,940.970327,5996.000,5996.000,0.000,
434361.115,callback,grid,941,940.970327,5996.000,5996.000,0.000,
434381.384,boundary,beat,941,941.022327,,,,
434491.835,boundary,quarter,941,941.254159,,,,0.25
434602.327,boundary,half,941,941.507657,,,,
434720.785,boundary,quarter,941,941.761155,,,,0.75
434809.261,callback,beat,942,941.940987,6444.000,6444.000,0.000,
434809.961,callback,grid,942,941.940987,6444.000,6444.000,0.000,
434836.807,boundary,beat,942,942.005987,,,,
434954.130,boundary,quarter,942,942.250818,,,,0.25
435064.475,boundary,half,942,942.506483,,,,
435181.809,boundary,quarter,942,942.755648,,,,0.75
435327.936,boundary,beat,943,943.069813,,,,
435328.022,callback,beat,943,943.069813,6914.000,6965.000,51.000,
435328.183,callback,grid,943,943.069813,6914.000,6965.000,51.000,
435421.042,boundary,quarter,943,943.262645,,,,0.25
435529.460,boundary,half,943,943.513976,,,,
435646.964,boundary,quarter,943,943.760975,,,,0.75
435750.243,callback,bar,944,943.977640,7383.000,7384.000,1.000,
435750.372,callback,beat,944,943.977640,7383.000,7384.000,1.000,
435750.459,callback,grid,944,943.977640,7383.000,7384.000,1.000,
435764.133,boundary,beat,944,944.007973,,,,
435764.190,arrangement,layer,59,944.007973,,,,false
435874.497,boundary,quarter,944,944.263638,,,,0.25
435991.915,boundary,half,944,944.512803,,,,
436109.090,boundary,quarter,944,944.761968,,,,0.75
436192.405,callback,beat,945,944.952633,7831.000,7834.000,3.000,
436192.688,callback,grid,945,944.952633,7831.000,7834.000,3.000,
436227.436,boundary,beat,945,945.008966,,,,
436337.335,boundary,quarter,945,945.262464,,,,0.25
436454.480,boundary,half,945,945.511629,,,,
436569.515,boundary,quarter,945,945.754294,,,,0.75
436659.287,callback,beat,946,945.962293,8300.000,8300.000,0.000,
436659.442,callback,grid,946,945.962293,8300.000,8300.000,0.000,
436679.939,boundary,beat,946,946.007793,,,,
436797.288,boundary,quarter,946,946.256957,,,,0.25
436914.501,boundary,half,946,946.503956,,,,
437031.796,boundary,quarter,946,946.755287,,,,0.75
437114.594,callback,beat,947,946.945953,8748.000,8754.000,6.000,
437114.716,callback,grid,947,946.945953,8748.000,8754.000,6.000,
437142.201,boundary,beat,947,947.008786,,,,
437259.547,boundary,quarter,947,947.260117,,,,0.25
437376.773,boundary,half,947,947.504949,,,,
437487.226,boundary,quarter,947,947.758447,,,,0.75
437583.822,callback,bar,948,947.962112,9218.000,9223.000,5.000,
437584.048,callback,beat,948,947.962112,9218.000,9223.000,5.000,
437584.223,callback,grid,948,947.962112,9218.000,9223.000,5.000,
437604.539,boundary,beat,948,948.007612,,,,
437721.854,boundary,quarter,948,948.256777,,,,0.25
437839.113,boundary,half,948,948.505942,,,,
437949.519,boundary,quarter,948,948.759440,,,,0.75
438053.291,callback,beat,949,948.976105,9687.000,9691.000,4.000,
438053.468,callback,grid,949,948.976105,9687.000,9691.000,4.000,
438066.852,boundary,beat,949,949.006438,,,,
438184.093,boundary,quarter,949,949.255603,,,,0.25
438301.418,boundary,half,949,949.502602,,,,
438411.916,boundary,quarter,949,949.760433,,,,0.75
438502.251,callback,beat,950,949.944599,10135.000,10138.000,3.000,
438502.423,callback,grid,950,949.944599,10135.000,10138.000,3.000,
438529.108,boundary,beat,950,950.005265,,,,
438646.548,boundary,quarter,950,950.254430,,,,0.25
438756.834,boundary,half,950,950.510095,,,,
438874.110,boundary,quarter,950,950.757093,,,,0.75
438970.701,callback,beat,951,950.958592,10604.000,10606.000,2.000,
438970.841,callback,grid,951,950.958592,10604.000,10606.000,2.000,
438991.403,boundary,beat,951,951.006258,,,,
439108.695,boundary,quarter,951,951.253256,,,,0.25
439219.114,boundary,half,951,951.508921,,,,
439336.448,boundary,quarter,951,951.755919,,,,0.75
439439.932,callback,bar,952,951.974751,11074.000,11075.000,1.000,
439440.071,callback,beat,952,951.974751,11074.000,11075.000,1.000,
439440.144,callback,grid,952,951.974751,11074.000,11075.000,1.000,
439453.725,boundary,beat,952,952.005084,,,,
439564.090,boundary,quarter,952,952.256416,,,,0.25
439681.397,boundary,half,952,952.505581,,,,
439798.709,boundary,quarter,952,952.756913,,,,0.75
439889.041,callback,beat,953,952.945411,11522.000,11522.000,0.000,
439889.234,callback,grid,953,952.945411,11522.000,11522.000,0.000,
439918.392,boundary,beat,953,953.003911,,,,
440026.651,boundary,quarter,953,953.259576,,,,0.25
440143.707,boundary,half,953,953.508741,,,,
440261.276,boundary,quarter,953,953.753572,,,,0.75
440350.725,callback,beat,954,953.963737,11991.000,11993.000,2.000,
440350.888,callback,grid,954,953.963737,11991.000,11993.000,2.000,
440371.518,boundary,beat,954,954.007071,,,,
440488.807,boundary,quarter,954,954.258402,,,,0.25
440605.996,boundary,half,954,954.505400,,,,
440723.332,boundary,quarter,954,954.754565,,,,0.75
440819.947,callback,beat,955,954.977730,12460.000,12461.000,1.000,
440820.088,callback,grid,955,954.977730,12460.000,12461.000,1.000,
440833.683,boundary,beat,955,955.008064,,,,
440951.344,boundary,quarter,955,955.257229,,,,0.25
441068.296,boundary,half,955,955.504227,,,,
441185.646,boundary,quarter,955,955.753392,,,,0.75
441268.932,callback,bar,956,955.946224,12908.000,12908.000,0.000,
441269.253,callback,beat,956,955.946224,12908.000,12908.000,0.000,
441269.444,callback,grid,956,955.946224,12908.000,12908.000,0.000,
441296.031,boundary,beat,956,956.009057,,,,
441413.354,boundary,quarter,956,956.253888,,,,0.25
441530.613,boundary,half,956,956.505220,,,,
441647.595,boundary,quarter,956,956.773885,,,,0.75
441745.462,callback,beat,957,956.977550,13378.000,13384.000,6.000,
441745.673,callback,grid,957,956.977550,13378.000,13384.000,6.000,
441755.596,boundary,beat,957,957.001383,,,,
441896.030,boundary,quarter,957,957.302548,,,,0.25
441995.256,boundary,half,957,957.506213,,,,
442102.486,boundary,quarter,957,957.755378,,,,0.75
442195.657,callback,beat,958,957.950377,13826.000,13833.000,7.000,
442196.388,callback,grid,958,957.950377,13826.000,13833.000,7.000,
442227.298,boundary,beat,958,958.019709,,,,
442337.729,boundary,quarter,958,958.251541,,,,0.25
442449.477,boundary,half,958,958.502873,,,,
442566.008,boundary,quarter,958,958.752038,,,,0.75
442664.274,callback,beat,959,958.962203,14295.000,14300.000,5.000,
442664.415,callback,grid,959,958.962203,14295.000,14300.000,5.000,
442689.775,boundary,beat,959,959.020703,,,,
442805.755,boundary,quarter,959,959.265534,,,,0.25
442914.242,boundary,half,959,959.516866,,,,
443024.602,boundary,quarter,959,959.750864,,,,0.75
443149.247,boundary,beat,960,960.013029,,,,
443149.313,arrangement,transition,60,960.013029,,,,loop
443266.151,boundary,quarter,960,960.260027,,,,0.25
443370.642,boundary,half,960,960.502692,,,,
443494.622,boundary,quarter,960,960.767024,,,,0.75
443585.357,callback,beat,961,960.953356,443.000,449.000,6.000,
443588.090,callback,grid,961,960.953356,443.000,449.000,6.000,
443612.090,boundary,beat,961,961.011855,,,,
443717.694,boundary,quarter,961,961.256687,,,,0.25
443839.799,boundary,half,961,961.516685,,,,
443958.556,boundary,quarter,961,961.770184,,,,0.75
444049.892,callback,beat,962,961.956516,912.000,913.000,1.000,
444050.168,callback,grid,962,961.956516,912.000,913.000,1.000,
444070.609,boundary,beat,962,962.006349,,,,
444181.019,boundary,quarter,962,962.257680,,,,0.25
444298.444,boundary,half,962,962.504678,,,,
444416.527,boundary,quarter,962,962.758177,,,,0.75
444518.939,callback,beat,963,962.990008,1382.000,1390.000,8.000,
444519.116,callback,grid,963,962.990008,1382.000,1390.000,8.000,
444521.976,boundary,beat,963,963.000842,,,,
444640.888,boundary,quarter,963,963.252173,,,,0.25
444763.799,boundary,half,963,963.507838,,,,
444882.278,boundary,quarter,963,963.759170,,,,0.75
444970.876,callback,bar,964,963.969335,1830.000,1842.000,12.000,
444971.048,callback,beat,964,963.969335,1830.000,1842.000,12.000,
444971.218,callback,grid,964,963.969335,1830.000,1842.000,12.000,
444984.672,boundary,beat,964,964.001835,,,,
445108.862,boundary,quarter,964,964.266166,,,,0.25
445226.175,boundary,half,964,964.513165,,,,
445344.603,boundary,quarter,964,964.762329,,,,0.75
445432.184,callback,beat,965,964.965995,2299.000,2302.000,3.000,
445432.488,callback,grid,965,964.965995,2299.000,2302.000,3.000,
445451.924,boundary,beat,965,965.011494,,,,
445570.665,boundary,quarter,965,965.262826,,,,0.25
445687.971,boundary,half,965,965.509824,,,,
445791.518,boundary,quarter,965,965.752489,,,,0.75
445902.915,callback,beat,966,965.984321,2768.000,2772.000,4.000,
445903.311,callback,grid,966,965.984321,2768.000,2772.000,4.000,
445915.661,boundary,beat,966,966.012488,,,,
446032.968,boundary,quarter,966,966.261652,,,,0.25
446150.266,boundary,half,966,966.508651,,,,
446260.681,boundary,quarter,966,966.766482,,,,0.75
446350.357,callback,beat,967,966.948481,3216.000,3217.000,1.000,
446350.517,callback,grid,967,966.948481,3216.000,3217.000,1.000,
446377.963,boundary,beat,967,967.013481,,,,
446495.333,boundary,quarter,967,967.258312,,,,0.25
446605.721,boundary,half,967,967.513977,,,,
446723.016,boundary,quarter,967,967.763142,,,,0.75
446819.560,callback,bar,968,967.966807,3686.000,3687.000,1.000,
446819.717,callback,beat,968,967.966807,3686.000,3687.000,1.000,
446819.889,callback,grid,968,967.966807,3686.000,3687.000,1.000,
446840.283,boundary,beat,968,968.012307,,,,
446957.603,boundary,quarter,968,968.261472,,,,0.25
447068.757,boundary,half,968,968.519304,,,,
447185.256,boundary,quarter,968,968.761969,,,,0.75
447274.985,callback,beat,969,968.948301,4134.000,4140.000,6.000,
447275.122,callback,grid,969,968.948301,4134.000,4140.000,6.000,
447302.545,boundary,beat,969,969.011133,,,,
447412.974,boundary,quarter,969,969.264632,,,,0.25
447530.240,boundary,half,969,969.513797,,,,
447647.592,boundary,quarter,969,969.760795,,,,0.75
447747.703,callback,beat,970,969.970960,4603.000,4612.000,9.000,
447747.959,callback,grid,970,969.970960,4603.000,4612.000,9.000,
447764.865,boundary,beat,970,970.009960,,,,
447868.632,boundary,quarter,970,970.250458,,,,0.25
447992.653,boundary,half,970,970.514790,,,,
448109.892,boundary,quarter,970,970.761788,,,,0.75
448210.356,callback,beat,971,970.971953,5072.000,5073.000,1.000,
448214.087,callback,grid,971,970.971953,5072.000,5073.000,1.000,
448229.047,boundary,beat,971,971.015286,,,,
448333.258,boundary,quarter,971,971.253618,,,,0.25
448452.584,boundary,half,971,971.504950,,,,
448574.048,boundary,quarter,971,971.762781,,,,0.75
448650.083,callback,bar,972,971.940447,5520.000,5521.000,1.000,
448650.255,callback,beat,972,971.940447,5520.000,5521.000,1.000,
448651.094,callback,grid,972,971.940447,5520.000,5521.000,1.000,
448677.524,boundary,beat,972,972.005446,,,,
448794.838,boundary,quarter,972,972.250278,,,,0.25
448916.092,boundary,half,972,972.508109,,,,
449036.789,boundary,quarter,972,972.763774,,,,0.75
449119.676,callback,beat,973,972.958773,5990.000,5991.000,1.000,
449119.873,callback,grid,973,972.958773,5990.000,5991.000,1.000,
449145.093,boundary,beat,973,973.015106,,,,
449272.701,boundary,quarter,973,973.283771,,,,0.25
449392.123,boundary,half,973,973.535102,,,,
449488.461,boundary,quarter,973,973.760434,,,,0.75
449588.672,callback,beat,974,973.972766,6459.000,6459.000,0.000,
449588.931,callback,grid,974,973.972766,6459.000,6459.000,0.000,
449605.698,boundary,beat,974,974.009599,,,,
449723.037,boundary,quarter,974,974.258764,,,,0.25
449840.377,boundary,half,974,974.505762,,,,
449950.715,boundary,quarter,974,974.763594,,,,0.75
450040.415,callback,beat,975,974.947759,6907.000,6909.000,2.000,
450040.582,callback,grid,975,974.947759,6907.000,6909.000,2.000,
450067.987,boundary,beat,975,975.008425,,,,
450185.367,boundary,quarter,975,975.255424,,,,0.25
450295.698,boundary,half,975,975.511089,,,,
450413.034,boundary,quarter,975,975.760253,,,,0.75
450509.604,callback,bar,976,975.961752,7376.000,7377.000,1.000,
450509.869,callback,beat,976,975.961752,7376.000,7377.000,1.000,
450510.056,callback,grid,976,975.961752,7376.000,7377.000,1.000,
450530.322,boundary,beat,976,976.009418,,,,
450530.388,arrangement,layer,61,976.009418,,,,true
450647.703,boundary,quarter,976,976.256417,,,,0.25
450758.367,boundary,half,976,976.509915,,,,
450875.364,boundary,quarter,976,976.759080,,,,0.75
450978.778,callback,beat,977,976.977912,7846.000,7846.000,0.000,
450978.937,callback,grid,977,976.977912,7846.000,7846.000,0.000,
450992.636,boundary,beat,977,977.008245,,,,
451109.955,boundary,quarter,977,977.257410,,,,0.25
451220.474,boundary,half,977,977.510908,,,,
451337.801,boundary,quarter,977,977.757906,,,,0.75
451434.221,callback,beat,978,977.959405,8294.000,8299.000,5.000,
451434.366,callback,grid,978,977.959405,8294.000,8299.000,5.000,
451454.956,boundary,beat,978,978.007071,,,,
451565.296,boundary,quarter,978,978.260570,,,,0.25
451682.605,boundary,half,978,978.511901,,,,
451799.898,boundary,quarter,978,978.756733,,,,0.75
451901.124,callback,beat,979,978.975565,8763.000,8765.000,2.000,
451902.402,callback,grid,979,978.975565,8763.000,8765.000,2.000,
451915.604,boundary,beat,979,979.001564,,,,
452030.315,boundary,quarter,979,979.263729,,,,0.25
452144.291,boundary,half,979,979.504228,,,,
452261.473,boundary,quarter,979,979.753393,,,,0.75
452345.068,callback,bar,980,979.948391,9211.000,9217.000,6.000,
452345.258,callback,beat,980,979.948391,9211.000,9217.000,6.000,
452345.374,callback,grid,980,979.948391,9211.000,9217.000,6.000,
452378.759,boundary,beat,980,980.002557,,,,
452489.179,boundary,quarter,980,980.256056,,,,0.25
452606.530,boundary,half,980,980.503054,,,,
452724.024,boundary,quarter,980,980.754386,,,,0.75
452813.510,callback,beat,981,980.962384,9680.000,9685.000,5.000,
452813.786,callback,grid,981,980.962384,9680.000,9685.000,5.000,
452834.154,boundary,beat,981,981.010050,,,,
452951.478,boundary,quarter,981,981.257049,,,,0.25
453068.766,boundary,half,981,981.506214,,,,
453186.080,boundary,quarter,981,981.753212,,,,0.75
453283.094,callback,beat,982,981.978544,10150.000,10154.000,4.000,
453283.310,callback,grid,982,981.978544,10150.000,10154.000,4.000,
453297.424,boundary,beat,982,982.008877,,,,
453416.139,boundary,quarter,982,982.262375,,,,0.25
453531.724,boundary,half,982,982.505040,,,,
453642.192,boundary,quarter,982,982.758538,,,,0.75
453732.059,callback,beat,983,982.947037,10598.000,10601.000,3.000,
453734.275,callback,grid,983,982.947037,10598.000,10601.000,3.000,
453759.540,boundary,beat,983,983.009870,,,,
453876.768,boundary,quarter,983,983.256868,,,,0.25
453994.044,boundary,half,983,983.506033,,,,
454104.625,boundary,quarter,983,983.759531,,,,0.75
454201.391,callback,bar,984,983.961030,11067.000,11069.000,2.000,
454201.609,callback,beat,984,983.961030,11067.000,11069.000,2.000,
454201.751,callback,grid,984,983.961030,11067.000,11069.000,2.000,
454221.778,boundary,beat,984,984.008696,,,,
454339.068,boundary,quarter,984,984.255695,,,,0.25
454449.421,boundary,half,984,984.511360,,,,
454566.763,boundary,quarter,984,984.760525,,,,0.75
454671.349,callback,beat,985,984.977190,11536.000,11538.000,2.000,
454671.791,callback,grid,985,984.977190,11536.000,11538.000,2.000,
454684.632,boundary,beat,985,985.007523,,,,
454801.501,boundary,quarter,985,985.256688,,,,0.25
454911.849,boundary,half,985,985.510186,,,,
455030.298,boundary,quarter,985,985.761518,,,,0.75
455119.471,callback,beat,986,985.945683,11984.000,11985.000,1.000,
455119.660,callback,grid,986,985.945683,11984.000,11985.000,1.000,
455149.587,boundary,beat,986,986.012849,,,,
455262.832,boundary,quarter,986,986.251181,,,,0.25
455374.786,boundary,half,986,986.511179,,,,
455492.099,boundary,quarter,986,986.758177,,,,0.75
455588.705,callback,beat,987,986.961843,12454.000,12454.000,0.000,
455588.871,callback,grid,987,986.961843,12454.000,12454.000,0.000,
455609.415,boundary,beat,987,987.009509,,,,
455719.793,boundary,quarter,987,987.263007,,,,0.25
455837.109,boundary,half,987,987.507839,,,,
455955.818,boundary,quarter,987,987.761337,,,,0.75
456065.964,callback,bar,988,987.993169,12923.000,12930.000,7.000,
456066.137,callback,beat,988,987.993169,12923.000,12930.000,7.000,
456066.277,callback,grid,988,987.993169,12923.000,12930.000,7.000,
456077.816,boundary,beat,988,988.019169,,,,
456178.620,boundary,quarter,988,988.255334,,,,0.25
456300.443,boundary,half,988,988.513165,,,,
456415.751,boundary,quarter,988,988.753664,,,,0.75
456501.547,callback,beat,989,988.952996,13371.000,13373.000,2.000,
456501.723,callback,grid,989,988.952996,13371.000,13373.000,2.000,
456528.332,boundary,beat,989,989.011495,,,,
456645.510,boundary,quarter,989,989.262827,,,,0.25
456762.800,boundary,half,989,989.511992,,,,
456881.469,boundary,quarter,989,989.763323,,,,0.75
456970.659,callback,beat,990,989.969155,13840.000,13842.000,2.000,
456970.866,callback,grid,990,989.969155,13840.000,13842.000,2.000,
456991.213,boundary,beat,990,990.016822,,,,
457108.556,boundary,quarter,990,990.263820,,,,0.25
457225.761,boundary,half,990,990.510818,,,,
457336.314,boundary,quarter,990,990.764316,,,,0.75
457418.981,callback,beat,991,990.935482,14288.000,14288.000,0.000,
457419.139,callback,grid,991,990.935482,14288.000,14288.000,0.000,
457447.275,boundary,beat,991,991.000481,,,,
457567.335,boundary,quarter,991,991.251813,,,,0.25
457685.670,boundary,half,991,991.505311,,,,
457796.845,boundary,quarter,991,991.760976,,,,0.75
457914.941,boundary,beat,992,992.012308,,,,
457915.039,arrangement,transition,62,992.012308,,,,alternate
458031.372,boundary,quarter,992,992.257139,,,,0.25
458148.979,boundary,half,992,992.508471,,,,
458259.126,boundary,quarter,992,992.759803,,,,0.75
458362.571,callback,beat,993,992.978634,458.000,462.000,4.000,
458362.821,callback,grid,993,992.978634,458.000,462.000,4.000,
458376.461,boundary,beat,993,993.008968,,,,
458493.674,boundary,quarter,993,993.258132,,,,0.25
458604.059,boundary,half,993,993.511631,,,,
458721.451,boundary,quarter,993,993.762962,,,,0.75
458811.056,callback,beat,994,993.944961,906.000,908.000,2.000,
458811.224,callback,grid,994,993.944961,906.000,908.000,2.000,
458838.692,boundary,beat,994,994.007794,,,,
458956.001,boundary,quarter,994,994.254792,,,,0.25
459066.372,boundary,half,994,994.510457,,,,
459183.690,boundary,quarter,994,994.759622,,,,0.75
459280.247,callback,beat,995,994.958954,1375.000,1376.000,1.000,
459280.389,callback,grid,995,994.958954,1375.000,1376.000,1.000,
459301.007,boundary,beat,995,995.008787,,,,
459419.495,boundary,quarter,995,995.257952,,,,0.25
459525.901,boundary,half,995,995.502784,,,,
459644.216,boundary,quarter,995,995.754115,,,,0.75
459751.512,callback,bar,996,995.981614,1845.000,1848.000,3.000,
459751.662,callback,beat,996,995.981614,1845.000,1848.000,3.000,
459751.928,callback,grid,996,995.981614,1845.000,1848.000,3.000,
459764.990,boundary,beat,996,996.009780,,,,
459868.521,boundary,quarter,996,996.252445,,,,0.25
459992.708,boundary,half,996,996.512443,,,,
460110.032,boundary,quarter,996,996.761608,,,,0.75
460192.805,callback,beat,997,996.954440,2293.000,2297.000,4.000,
460193.858,callback,grid,997,996.954440,2293.000,2297.000,4.000,
460229.282,boundary,beat,997,997.012940,,,,
460337.714,boundary,quarter,997,997.264271,,,,0.25
460455.007,boundary,half,997,997.513436,,,,
460572.370,boundary,quarter,997,997.760435,,,,0.75
460661.986,callback,beat,998,997.968433,2762.000,2765.000,3.000,
460662.153,callback,grid,998,997.968433,2762.000,2765.000,3.000,
460682.654,boundary,beat,998,998.013933,,,,
460799.997,boundary,quarter,998,998.263098,,,,0.25
460918.581,boundary,half,998,998.516596,,,,
461034.797,boundary,quarter,998,998.761428,,,,0.75
461110.479,callback,beat,999,998.936927,3210.000,3212.000,2.000,
461110.605,callback,grid,999,998.936927,3210.000,3212.000,2.000,
461145.089,boundary,beat,999,999.012759,,,,
461262.326,boundary,quarter,999,999.261924,,,,0.25
461384.511,boundary,half,999,999.521923,,,,
461486.983,boundary,quarter,999,999.758088,,,,0.75
461579.155,callback,bar,1000,999.948753,3679.000,3679.000,0.000,
461579.309,callback,beat,1000,999.948753,3679.000,3679.000,0.000,
461579.440,callback,grid,1000,999.948753,3679.000,3679.000,0.000,
461606.146,boundary,beat,1000,1000.011586,,,,
461720.876,boundary,quarter,1000,1000.252084,,,,0.25
461843.143,boundary,half,1000,1000.512082,,,,
461947.045,boundary,quarter,1000,1000.752581,,,,0.75
462050.168,callback,beat,1001,1000.969246,4149.000,4150.000,1.000,
462050.292,callback,grid,1001,1000.969246,4149.000,4150.000,1.000,
462070.875,boundary,beat,1001,1001.016912,,,,
462188.190,boundary,quarter,1001,1001.263910,,,,0.25
462305.474,boundary,half,1001,1001.510909,,,,
462408.957,boundary,quarter,1001,1001.751407,,,,0.75
462498.673,callback,beat,1002,1001.937739,4597.000,4597.000,0.000,
462498.830,callback,grid,1002,1001.937739,4597.000,4597.000,0.000,
462533.148,boundary,beat,1002,1002.013572,,,,
462650.476,boundary,quarter,1002,1002.264904,,,,0.25
462753.982,boundary,half,1002,1002.503235,,,,
462878.263,boundary,quarter,1002,1002.763233,,,,0.75
462974.796,callback,beat,1003,1002.966899,5066.000,5072.000,6.000,
462974.944,callback,grid,1003,1002.966899,5066.000,5072.000,6.000,
462995.482,boundary,beat,1003,1003.014565,,,,
463112.798,boundary,quarter,1003,1003.261563,,,,0.25
463216.426,boundary,half,1003,1003.502062,,,,
463333.569,boundary,quarter,1003,1003.751227,,,,0.75
463443.988,callback,bar,1004,1003.980892,5535.000,5540.000,5.000,
463444.141,callback,beat,1004,1003.980892,5535.000,5540.000,5.000,
463444.272,callback,grid,1004,1003.980892,5535.000,5540.000,5.000,
463457.775,boundary,beat,1004,1004.011225,,,,
463562.868,boundary,quarter,1004,1004.253890,,,,0.25
463678.732,boundary,half,1004,1004.500888,,,,
463802.911,boundary,quarter,1004,1004.765220,,,,0.75
463892.451,callback,beat,1005,1004.953718,5983.000,5987.000,4.000,
463892.595,callback,grid,1005,1004.953718,5983.000,5987.000,4.000,
463920.135,boundary,beat,1005,1005.012218,,,,
464023.558,boundary,quarter,1005,1005.250550,,,,0.25
464147.825,boundary,half,1005,1005.514881,,,,
464265.062,boundary,quarter,1005,1005.761879,,,,0.75
464354.761,callback,beat,1006,1005.972045,6453.000,6459.000,6.000,
464354.900,callback,grid,1006,1005.972045,6453.000,6459.000,6.000,
464368.551,boundary,beat,1006,1006.002378,,,,
464485.869,boundary,quarter,1006,1006.251543,,,,0.25
464610.108,boundary,half,1006,1006.515874,,,,
464727.354,boundary,quarter,1006,1006.762872,,,,0.75
464824.083,callback,beat,1007,1006.986038,6922.000,6927.000,5.000,
464824.230,callback,grid,1007,1006.986038,6922.000,6927.000,5.000,
464830.891,boundary,beat,1007,1007.001204,,,,
464955.108,boundary,quarter,1007,1007.265536,,,,0.25
465074.638,boundary,half,1007,1007.519034,,,,
465189.686,boundary,quarter,1007,1007.763866,,,,0.75
465273.232,callback,bar,1008,1007.954531,7370.000,7374.000,4.000,
465273.385,callback,beat,1008,1007.954531,7370.000,7374.000,4.000,
465273.830,callback,grid,1008,1007.954531,7370.000,7374.000,4.000,
465293.267,boundary,beat,1008,1008.000031,,,,
465293.343,arrangement,layer,63,1008.000031,,,,false
465417.418,boundary,quarter,1008,1008.264362,,,,0.25
465534.069,boundary,half,1008,1008.511360,,,,
465642.775,boundary,quarter,1008,1008.762692,,,,0.75
465739.329,callback,beat,1009,1008.962024,7839.000,7839.000,0.000,
465739.451,callback,grid,1009,1008.962024,7839.000,7839.000,0.000,
465760.130,boundary,beat,1009,1009.011857,,,,
465877.312,boundary,quarter,1009,1009.256689,,,,0.25
465994.618,boundary,half,1009,1009.505853,,,,
466105.068,boundary,quarter,1009,1009.761518,,,,0.75
466194.833,callback,beat,1010,1009.945684,8287.000,8293.000,6.000,
466195.179,callback,grid,1010,1009.945684,8287.000,8293.000,6.000,
466222.314,boundary,beat,1010,1010.010683,,,,
466339.672,boundary,quarter,1010,1010.259848,,,,0.25
466456.948,boundary,half,1010,1010.504680,,,,
466567.358,boundary,quarter,1010,1010.760345,,,,0.75
466663.947,callback,beat,1011,1010.961843,8757.000,8762.000,5.000,
466664.186,callback,grid,1011,1010.961843,8757.000,8762.000,5.000,
466684.665,boundary,beat,1011,1011.009510,,,,
466806.846,boundary,quarter,1011,1011.267341,,,,0.25
466913.056,boundary,half,1011,1011.514340,,,,
467029.655,boundary,quarter,1011,1011.759171,,,,0.75
467133.150,callback,bar,1012,1011.975836,9226.000,9230.000,4.000,
467133.330,callback,beat,1012,1011.975836,9226.000,9230.000,4.000,
467133.459,callback,grid,1012,1011.975836,9226.000,9230.000,4.000,
467146.933,boundary,beat,1012,1012.006170,,,,
467257.363,boundary,quarter,1012,1012.261834,,,,0.25
467374.672,boundary,half,1012,1012.510999,,,,
467492.543,boundary,quarter,1012,1012.762331,,,,0.75
467581.663,callback,beat,1013,1012.948663,9674.000,9677.000,3.000,
467581.825,callback,grid,1013,1012.948663,9674.000,9677.000,3.000,
467609.259,boundary,beat,1013,1013.004996,,,,
467719.658,boundary,quarter,1013,1013.260661,,,,0.25
467836.946,boundary,half,1013,1013.509826,,,,
467954.229,boundary,quarter,1013,1013.756824,,,,0.75
468050.863,callback,beat,1014,1013.962656,10143.000,10145.000,2.000,
468051.029,callback,grid,1014,1013.962656,10143.000,10145.000,2.000,
468071.567,boundary,beat,1014,1014.008156,,,,
468181.947,boundary,quarter,1014,1014.259487,,,,0.25
468299.235,boundary,half,1014,1014.508652,,,,
468416.556,boundary,quarter,1014,1014.757817,,,,0.75
468513.752,callback,beat,1015,1014.983149,10613.000,10618.000,5.000,
468513.879,callback,grid,1015,1014.983149,10613.000,10618.000,5.000,
468526.948,boundary,beat,1015,1015.011315,,,,
468644.273,boundary,quarter,1015,1015.260480,,,,0.25
468761.546,boundary,half,1015,1015.507479,,,,
468878.847,boundary,quarter,1015,1015.756644,,,,0.75
468961.639,callback,bar,1016,1015.949476,11061.000,11064.000,3.000,
468961.778,callback,beat,1016,1015.949476,11061.000,11064.000,3.000,
468963.929,callback,grid,1016,1015.949476,11061.000,11064.000,3.000,
468989.266,boundary,beat,1016,1016.010142,,,,
469106.567,boundary,quarter,1016,1016.259307,,,,0.25
469223.864,boundary,half,1016,1016.508472,,,,
469341.319,boundary,quarter,1016,1016.753303,,,,0.75
469430.867,callback,beat,1017,1016.963469,11530.000,11532.000,2.000,
469431.072,callback,grid,1017,1016.963469,11530.000,11532.000,2.000,
469451.570,boundary,beat,1017,1017.011135,,,,
469568.847,boundary,quarter,1017,1017.258133,,,,0.25
469686.167,boundary,half,1017,1017.505131,,,,
469796.592,boundary,quarter,1017,1017.762963,,,,0.75
469900.067,callback,beat,1018,1017.977462,11999.000,12000.000,1.000,
469900.218,callback,grid,1018,1017.977462,11999.000,12000.000,1.000,
469913.810,boundary,beat,1018,1018.007795,,,,
470031.294,boundary,quarter,1018,1018.256960,,,,0.25
470148.410,boundary,half,1018,1018.506125,,,,
470258.899,boundary,quarter,1018,1018.761789,,,,0.75
470348.523,callback,beat,1019,1018.945955,12447.000,12447.000,0.000,
470348.722,callback,grid,1019,1018.945955,12447.000,12447.000,0.000,
470376.248,boundary,beat,1019,1019.008788,,,,
470495.147,boundary,quarter,1019,1019.257953,,,,0.25
470609.238,boundary,half,1019,1019.500618,,,,
470721.712,boundary,quarter,1019,1019.760616,,,,0.75
470818.641,callback,bar,1020,1019.964281,12917.000,12917.000,0.000,
470818.779,callback,beat,1020,1019.964281,12917.000,12917.000,0.000,
470818.878,callback,grid,1020,1019.964281,12917.000,12917.000,0.000,
470839.008,boundary,beat,1020,1020.009781,,,,
470956.334,boundary,quarter,1020,1020.258946,,,,0.25
471066.663,boundary,half,1020,1020.510277,,,,
471183.957,boundary,quarter,1020,1020.759442,,,,0.75
471273.698,callback,beat,1021,1020.945774,13365.000,13370.000,5.000,
471273.845,callback,grid,1021,1020.945774,13365.000,13370.000,5.000,
471301.391,boundary,beat,1021,1021.008607,,,,
471411.684,boundary,quarter,1021,1021.262106,,,,0.25
471528.965,boundary,half,1021,1021.511270,,,,
471646.263,boundary,quarter,1021,1021.758269,,,,0.75
471742.917,callback,beat,1022,1021.964101,13834.000,13838.000,4.000,
471743.501,callback,grid,1022,1021.964101,13834.000,13838.000,4.000,
471763.585,boundary,beat,1022,1022.007434,,,,
471873.969,boundary,quarter,1022,1022.260932,,,,0.25
471991.254,boundary,half,1022,1022.510097,,,,
472112.448,boundary,quarter,1022,1022.767928,,,,0.75
472212.132,callback,beat,1023,1022.978094,14303.000,14306.000,3.000,
472212.311,callback,grid,1023,1022.978094,14303.000,14306.000,3.000,
472225.956,boundary,beat,1023,1023.004093,,,,
472336.298,boundary,quarter,1023,1023.261925,,,,0.25
472454.411,boundary,half,1023,1023.511090,,,,
472573.758,boundary,quarter,1023,1023.764588,,,,0.75
472677.256,boundary,beat,1024,1024.000753,,,,
472677.307,arrangement,transition,64,1024.000753,,,,loop
472801.502,boundary,quarter,1024,1024.267251,,,,0.25
472918.824,boundary,half,1024,1024.514250,,,,
473036.054,boundary,quarter,1024,1024.761248,,,,0.75
473118.846,callback,beat,1025,1024.954080,451.000,451.000,0.000,
473118.956,callback,grid,1025,1024.954080,451.000,451.000,0.000,
473139.550,boundary,beat,1025,1025.003913,,,,
473263.754,boundary,quarter,1025,1025.263911,,,,0.25
473381.040,boundary,half,1025,1025.513076,,,,
473484.542,boundary,quarter,1025,1025.751408,,,,0.75
473594.935,callback,beat,1026,1025.985406,921.000,927.000,6.000,
473595.065,callback,grid,1026,1025.985406,921.000,927.000,6.000,
473601.874,boundary,beat,1026,1026.000573,,,,
473726.099,boundary,quarter,1026,1026.264904,,,,0.25
473843.375,boundary,half,1026,1026.511903,,,,
473946.860,boundary,quarter,1026,1026.750234,,,,0.75
474044.128,callback,beat,1027,1026.953899,1369.000,1374.000,5.000,
474044.285,callback,grid,1027,1026.953899,1369.000,1374.000,5.000,
474071.101,boundary,beat,1027,1027.014566,,,,
474188.378,boundary,quarter,1027,1027.265897,,,,0.25
474305.672,boundary,half,1027,1027.512896,,,,
474409.460,boundary,quarter,1027,1027.751227,,,,0.75
474512.676,callback,bar,1028,1027.967892,1838.000,1842.000,4.000,
474512.930,callback,beat,1028,1027.967892,1838.000,1842.000,4.000,
474513.232,callback,grid,1028,1027.967892,1838.000,1842.000,4.000,
474533.384,boundary,beat,1028,1028.015559,,,,
474650.676,boundary,quarter,1028,1028.262557,,,,0.25
474754.194,boundary,half,1028,1028.500889,,,,
474871.462,boundary,quarter,1028,1028.752220,,,,0.75
474981.851,callback,beat,1029,1028.981885,2307.000,2310.000,3.000,
474981.993,callback,grid,1029,1028.981885,2307.000,2310.000,3.000,
474995.640,boundary,beat,1029,1029.012219,,,,
475112.961,boundary,quarter,1029,1029.261384,,,,0.25
475216.466,boundary,half,1029,1029.501882,,,,
475340.685,boundary,quarter,1029,1029.766213,,,,0.75
475430.332,callback,beat,1030,1029.950379,2755.000,2757.000,2.000,
475430.450,callback,grid,1030,1029.950379,2755.000,2757.000,2.000,
475457.956,boundary,beat,1030,1030.013212,,,,
475561.433,boundary,quarter,1030,1030.251543,,,,0.25
475679.394,boundary,half,1030,1030.502875,,,,
475802.963,boundary,quarter,1030,1030.762873,,,,0.75
475899.570,callback,beat,1031,1030.968705,3225.000,3226.000,1.000,
475899.746,callback,grid,1031,1030.968705,3225.000,3226.000,1.000,
475920.367,boundary,beat,1031,1031.014205,,,,
476023.805,boundary,quarter,1031,1031.252536,,,,0.25
476147.939,boundary,half,1031,1031.512535,,,,
476265.259,boundary,quarter,1031,1031.763866,,,,0.75
476341.240,callback,bar,1032,1031.939365,3673.000,3675.000,2.000,
476341.510,callback,beat,1032,1031.939365,3673.000,3675.000,2.000,
476341.645,callback,grid,1032,1031.939365,3673.000,3675.000,2.000,
476382.573,boundary,beat,1032,1032.010865,,,,
476493.028,boundary,quarter,1032,1032.266529,,,,0.25
476603.620,boundary,half,1032,1032.500528,,,,
476727.563,boundary,quarter,1032,1032.760526,,,,0.75
476810.371,callback,beat,1033,1032.955525,4142.000,4144.000,2.000,
476810.519,callback,grid,1033,1032.955525,4142.000,4144.000,2.000,
476831.028,boundary,beat,1033,1033.001024,,,,
476971.280,boundary,quarter,1033,1033.302189,,,,0.25
477073.259,boundary,half,1033,1033.516687,,,,
477188.906,boundary,quarter,1033,1033.759352,,,,0.75
477278.633,callback,beat,1034,1033.967351,4611.000,4611.000,0.000,
477278.851,callback,grid,1034,1033.967351,4611.000,4611.000,0.000,
477299.315,boundary,beat,1034,1034.017184,,,,
477416.618,boundary,quarter,1034,1034.262016,,,,0.25
477533.889,boundary,half,1034,1034.509014,,,,
477644.471,boundary,quarter,1034,1034.764679,,,,0.75
477730.705,callback,beat,1035,1034.942344,5059.000,5061.000,2.000,
477733.209,callback,grid,1035,1034.942344,5059.000,5061.000,2.000,
477761.639,boundary,beat,1035,1035.013844,,,,
477875.148,boundary,quarter,1035,1035.250009,,,,0.25
477992.424,boundary,half,1035,1035.501340,,,,
478103.328,boundary,quarter,1035,1035.757005,,,,0.75
478199.334,callback,bar,1036,1035.958504,5529.000,5530.000,1.000,
478199.532,callback,beat,1036,1035.958504,5529.000,5530.000,1.000,
478199.767,callback,grid,1036,1035.958504,5529.000,5530.000,1.000,
478220.106,boundary,beat,1036,1036.004004,,,,
478337.353,boundary,quarter,1036,1036.253169,,,,0.25
478447.701,boundary,half,1036,1036.504500,,,,
478565.024,boundary,quarter,1036,1036.753665,,,,0.75
478668.514,callback,beat,1037,1036.972497,5998.000,5998.000,0.000,
478668.660,callback,grid,1037,1036.972497,5998.000,5998.000,0.000,
478682.704,boundary,beat,1037,1037.002830,,,,
478799.758,boundary,quarter,1037,1037.251995,,,,0.25
478910.024,boundary,half,1037,1037.505493,,,,
479027.517,boundary,quarter,1037,1037.752492,,,,0.75
479119.540,callback,beat,1038,1037.945324,6446.000,6447.000,1.000,
479119.830,callback,grid,1038,1037.945324,6446.000,6447.000,1.000,
479144.628,boundary,beat,1038,1038.001656,,,,
479268.818,boundary,quarter,1038,1038.265988,,,,0.25
479372.299,boundary,half,1038,1038.506486,,,,
479489.639,boundary,quarter,1038,1038.753485,,,,0.75
479598.337,callback,beat,1039,1038.972316,6915.000,6921.000,6.000,
479598.517,callback,grid,1039,1038.972316,6915.000,6921.000,6.000,
479613.807,boundary,beat,1039,1039.017816,,,,
479717.312,boundary,quarter,1039,1039.256148,,,,0.25
479834.575,boundary,half,1039,1039.503146,,,,
479951.915,boundary,quarter,1039,1039.752311,,,,0.75
480062.328,callback,bar,1040,1039.988476,7385.000,7389.000,4.000,
480062.560,callback,beat,1040,1039.988476,7385.000,7389.000,4.000,
480062.811,callback,grid,1040,1039.988476,7385.000,7389.000,4.000,
480076.190,boundary,beat,1040,1040.014476,,,,
480076.239,arrangement,layer,65,1040.014476,,,,true
480179.920,boundary,quarter,1040,1040.257141,,,,0.25
480297.554,boundary,half,1040,1040.504139,,,,
480416.317,boundary,quarter,1040,1040.755471,,,,0.75
480506.563,callback,beat,1041,1040.961303,7833.000,7839.000,6.000,
480507.017,callback,grid,1041,1040.961303,7833.000,7839.000,6.000,
480525.558,boundary,beat,1041,1041.006802,,,,
480642.889,boundary,quarter,1041,1041.255967,,,,0.25
480760.166,boundary,half,1041,1041.505132,,,,
480877.466,boundary,quarter,1041,1041.752131,,,,0.75
480969.765,callback,beat,1042,1041.966629,8302.000,8303.000,1.000,
480969.928,callback,grid,1042,1041.966629,8302.000,8303.000,1.000,
480989.412,boundary,beat,1042,1042.012129,,,,
481106.703,boundary,quarter,1042,1042.259127,,,,0.25
481223.959,boundary,half,1042,1042.506125,,,,
481334.374,boundary,quarter,1042,1042.759624,,,,0.75
481424.066,callback,beat,1043,1042.943789,8750.000,8754.000,4.000,
481424.192,callback,grid,1043,1042.943789,8750.000,8754.000,4.000,
481452.421,boundary,beat,1043,1043.010955,,,,
481568.988,boundary,quarter,1043,1043.257953,,,,0.25
481686.801,boundary,half,1043,1043.507118,,,,
481796.714,boundary,quarter,1043,1043.760617,,,,0.75
481893.324,callback,bar,1044,1043.962115,9219.000,9224.000,5.000,
481893.475,callback,beat,1044,1043.962115,9219.000,9224.000,5.000,
481893.552,callback,grid,1044,1043.962115,9219.000,9224.000,5.000,
481913.986,boundary,beat,1044,1044.009782,,,,
482031.293,boundary,quarter,1044,1044.256780,,,,0.25
482148.589,boundary,half,1044,1044.505945,,,,
482259.079,boundary,quarter,1044,1044.759443,,,,0.75
482362.507,callback,beat,1045,1044.978275,9689.000,9693.000,4.000,
482362.659,callback,grid,1045,1044.978275,9689.000,9693.000,4.000,
482376.255,boundary,beat,1045,1045.008608,,,,
482493.567,boundary,quarter,1045,1045.257773,,,,0.25
482604.006,boundary,half,1045,1045.509105,,,,
482721.334,boundary,quarter,1045,1045.760436,,,,0.75
482811.011,callback,beat,1046,1045.944602,10137.000,10139.000,2.000,
482811.520,callback,grid,1046,1045.944602,10137.000,10139.000,2.000,
482840.049,boundary,beat,1046,1046.009601,,,,
482956.025,boundary,quarter,1046,1046.254433,,,,0.25
483066.328,boundary,half,1046,1046.512264,,,,
483183.609,boundary,quarter,1046,1046.757096,,,,0.75
483280.229,callback,beat,1047,1046.958595,10606.000,10607.000,1.000,
483280.432,callback,grid,1047,1046.958595,10606.000,10607.000,1.000,
483300.981,boundary,beat,1047,1047.006261,,,,
483418.556,boundary,quarter,1047,1047.255426,,,,0.25
483528.639,boundary,half,1047,1047.511091,,,,
483645.887,boundary,quarter,1047,1047.758089,,,,0.75
483749.398,callback,bar,1048,1047.974754,11075.000,11076.000,1.000,
483749.862,callback,beat,1048,1047.974754,11075.000,11076.000,1.000,
483750.124,callback,grid,1048,1047.974754,11075.000,11076.000,1.000,
483763.181,boundary,beat,1048,1048.002921,,,,
483873.641,boundary,quarter,1048,1048.260752,,,,0.25
483990.916,boundary,half,1048,1048.507750,,,,
484108.239,boundary,quarter,1048,1048.759082,,,,0.75
484192.193,callback,beat,1049,1048.949747,11523.000,11526.000,3.000,
484192.431,callback,grid,1049,1048.949747,11523.000,11526.000,3.000,
484225.538,boundary,beat,1049,1049.006080,,,,
484335.915,boundary,quarter,1049,1049.257412,,,,0.25
484453.181,boundary,half,1049,1049.506577,,,,
484570.512,boundary,quarter,1049,1049.755742,,,,0.75
484661.025,callback,beat,1050,1049.965907,11993.000,11995.000,2.000,
484661.786,callback,grid,1050,1049.965907,11993.000,11995.000,2.000,
484680.088,boundary,beat,1050,1050.007073,,,,
484798.267,boundary,quarter,1050,1050.260572,,,,0.25
484915.512,boundary,half,1050,1050.505403,,,,
485032.766,boundary,quarter,1050,1050.754568,,,,0.75
485108.698,callback,beat,1051,1050.932234,12441.000,12441.000,0.000,
485108.839,callback,grid,1051,1050.932234,12441.000,12441.000,0.000,
485143.214,boundary,beat,1051,1051.008067,,,,
485260.511,boundary,quarter,1051,1051.259398,,,,0.25
485377.847,boundary,half,1051,1051.506396,,,,
485488.288,boundary,quarter,1051,1051.759895,,,,0.75
485584.800,callback,bar,1052,1051.961393,12910.000,12916.000,6.000,
485584.983,callback,beat,1052,1051.961393,12910.000,12916.000,6.000,
485585.253,callback,grid,1052,1051.961393,12910.000,12916.000,6.000,
485606.419,boundary,beat,1052,1052.011226,,,,
485722.821,boundary,quarter,1052,1052.256058,,,,0.25
485840.151,boundary,half,1052,1052.505223,,,,
485950.508,boundary,quarter,1052,1052.760888,,,,0.75
486054.026,callback,beat,1053,1052.975386,13379.000,13384.000,5.000,
486054.176,callback,grid,1053,1052.975386,13379.000,13384.000,5.000,
486067.802,boundary,beat,1053,1053.005719,,,,
486185.100,boundary,quarter,1053,1053.254884,,,,0.25
486302.396,boundary,half,1053,1053.504049,,,,
486412.788,boundary,quarter,1053,1053.759714,,,,0.75
486502.516,callback,beat,1054,1053.943880,13827.000,13831.000,4.000,
486503.069,callback,grid,1054,1053.943880,13827.000,13831.000,4.000,
486530.103,boundary,beat,1054,1054.006712,,,,
486647.381,boundary,quarter,1054,1054.253711,,,,0.25
486758.036,boundary,half,1054,1054.509376,,,,
486875.094,boundary,quarter,1054,1054.756374,,,,0.75
486971.802,callback,beat,1055,1054.960039,14297.000,14300.000,3.000,
486973.948,callback,grid,1055,1054.960039,14297.000,14300.000,3.000,
486992.427,boundary,beat,1055,1055.007706,,,,
487109.891,boundary,quarter,1055,1055.254704,,,,0.25
487220.097,boundary,half,1055,1055.510369,,,,
487337.433,boundary,quarter,1055,1055.757367,,,,0.75
487454.694,boundary,beat,1056,1056.004365,,,,
487454.733,arrangement,transition,66,1056.004365,,,,alternate
487565.067,boundary,quarter,1056,1056.255697,,,,0.25
487682.383,boundary,half,1056,1056.507028,,,,
487800.396,boundary,quarter,1056,1056.758360,,,,0.75
487895.794,callback,beat,1057,1056.955525,445.000,452.000,7.000,
487896.364,callback,grid,1057,1056.955525,445.000,452.000,7.000,
487919.321,boundary,beat,1057,1057.009692,,,,
488024.767,boundary,quarter,1057,1057.252357,,,,0.25
488148.270,boundary,half,1057,1057.516688,,,,
488266.922,boundary,quarter,1057,1057.763686,,,,0.75
488351.431,callback,beat,1058,1057.963018,914.000,917.000,3.000,
488351.824,callback,grid,1058,1057.963018,914.000,917.000,3.000,
488369.654,boundary,beat,1058,1058.002018,,,,
488487.798,boundary,quarter,1058,1058.253350,,,,0.25
488610.676,boundary,half,1058,1058.515515,,,,
488728.006,boundary,quarter,1058,1058.762513,,,,0.75
488824.567,callback,beat,1059,1058.985678,1383.000,1389.000,6.000,
488824.747,callback,grid,1059,1058.985678,1383.000,1389.000,6.000,
488831.443,boundary,beat,1059,1059.000845,,,,
488948.787,boundary,quarter,1059,1059.250010,,,,0.25
489073.468,boundary,half,1059,1059.514341,,,,
489190.439,boundary,quarter,1059,1059.763506,,,,0.75
489273.076,callback,bar,1060,1059.952005,1831.000,1835.000,4.000,
489273.788,callback,beat,1060,1059.952005,1831.000,1835.000,4.000,
489273.924,callback,grid,1060,1059.952005,1831.000,1835.000,4.000,
489293.782,boundary,beat,1060,1060.001838,,,,
489418.049,boundary,quarter,1060,1060.261836,,,,0.25
489536.095,boundary,half,1060,1060.513167,,,,
489638.782,boundary,quarter,1060,1060.751499,,,,0.75
489744.856,callback,beat,1061,1060.974664,2301.000,2307.000,6.000,
489745.037,callback,grid,1061,1060.974664,2301.000,2307.000,6.000,
489756.211,boundary,beat,1061,1061.000664,,,,
489880.282,boundary,quarter,1061,1061.264996,,,,0.25
489997.587,boundary,half,1061,1061.509827,,,,
490101.059,boundary,quarter,1061,1061.750326,,,,0.75
490190.759,callback,beat,1062,1061.936658,2749.000,2751.000,2.000,
490190.890,callback,grid,1062,1061.936658,2749.000,2751.000,2.000,
490225.273,boundary,beat,1062,1062.014657,,,,
490342.569,boundary,quarter,1062,1062.263822,,,,0.25
490459.853,boundary,half,1062,1062.510820,,,,
490570.297,boundary,quarter,1062,1062.768652,,,,0.75
490660.057,callback,beat,1063,1062.950651,3218.000,3219.000,1.000,
490660.585,callback,grid,1063,1062.950651,3218.000,3219.000,1.000,
490687.584,boundary,beat,1063,1063.013484,,,,
490804.885,boundary,quarter,1063,1063.260482,,,,0.25
490910.063,boundary,half,1063,1063.505313,,,,
491029.382,boundary,quarter,1063,1063.756645,,,,0.75
491132.023,callback,bar,1064,1063.971144,3687.000,3690.000,3.000,
491132.185,callback,beat,1064,1063.971144,3687.000,3690.000,3.000,
491132.334,callback,grid,1064,1063.971144,3687.000,3690.000,3.000,
491145.916,boundary,beat,1064,1064.001477,,,,
491256.227,boundary,quarter,1064,1064.257142,,,,0.25
491373.500,boundary,half,1064,1064.506307,,,,
491490.820,boundary,quarter,1064,1064.755471,,,,0.75
491580.519,callback,beat,1065,1064.943970,4135.000,4137.000,2.000,
491580.739,callback,grid,1065,1064.943970,4135.000,4137.000,2.000,
491608.138,boundary,beat,1065,1065.002470,,,,
491719.196,boundary,quarter,1065,1065.255968,,,,0.25
491837.125,boundary,half,1065,1065.507300,,,,
491953.184,boundary,quarter,1065,1065.752131,,,,0.75
492049.730,callback,beat,1066,1065.957963,4605.000,4606.000,1.000,
492049.929,callback,grid,1066,1065.957963,4605.000,4606.000,1.000,
492070.448,boundary,beat,1066,1066.003463,,,,
492181.224,boundary,quarter,1066,1066.259128,,,,0.25
492298.795,boundary,half,1066,1066.508293,,,,
492415.398,boundary,quarter,1066,1066.753124,,,,0.75
492512.018,callback,beat,1067,1066.976289,5074.000,5077.000,3.000,
492512.163,callback,grid,1067,1066.976289,5074.000,5077.000,3.000,
492525.800,boundary,beat,1067,1067.006623,,,,
492643.134,boundary,quarter,1067,1067.255788,,,,0.25
492760.410,boundary,half,1067,1067.504952,,,,
492885.118,boundary,quarter,1067,1067.769284,,,,0.75
492961.940,callback,bar,1068,1067.944783,5522.000,5524.000,2.000,
492962.190,callback,beat,1068,1067.944783,5522.000,5524.000,2.000,
492962.470,callback,grid,1068,1067.944783,5522.000,5524.000,2.000,
492988.161,boundary,beat,1068,1068.007616,,,,
493105.591,boundary,quarter,1068,1068.254614,,,,0.25
493222.722,boundary,half,1068,1068.503779,,,,
493340.347,boundary,quarter,1068,1068.752944,,,,0.75
493433.851,callback,beat,1069,1068.967442,5991.000,5996.000,5.000,
493434.019,callback,grid,1069,1068.967442,5991.000,5996.000,5.000,
493453.527,boundary,beat,1069,1069.015109,,,,
493568.859,boundary,quarter,1069,1069.255607,,,,0.25
493685.031,boundary,half,1069,1069.500439,,,,
493795.415,boundary,quarter,1069,1069.758270,,,,0.75
493898.914,callback,beat,1070,1069.974935,6461.000,6461.000,0.000,
493899.052,callback,grid,1070,1069.974935,6461.000,6461.000,0.000,
493912.708,boundary,beat,1070,1070.005269,,,,
494030.023,boundary,quarter,1070,1070.254433,,,,0.25
494147.302,boundary,half,1070,1070.501432,,,,
494257.712,boundary,quarter,1070,1070.754930,,,,0.75
494352.172,callback,beat,1071,1070.954262,6909.000,6913.000,4.000,
494352.317,callback,grid,1071,1070.954262,6909.000,6913.000,4.000,
494377.969,boundary,beat,1071,1071.010595,,,,
494495.292,boundary,quarter,1071,1071.259760,,,,0.25
494605.714,boundary,half,1071,1071.511091,,,,
494722.979,boundary,quarter,1071,1071.760256,,,,0.75
494820.307,callback,bar,1072,1071.966088,7378.000,7380.000,2.000,
494820.499,callback,beat,1072,1071.966088,7378.000,7380.000,2.000,
494820.723,callback,grid,1072,1071.966088,7378.000,7380.000,2.000,
494840.302,boundary,beat,1072,1072.011588,,,,
494840.363,arrangement,layer,67,1072.011588,,,,false
494957.635,boundary,quarter,1072,1072.258586,,,,0.25
495067.964,boundary,half,1072,1072.512085,,,,
495185.276,boundary,quarter,1072,1072.763416,,,,0.75
495274.970,callback,beat,1073,1072.945415,7826.000,7832.000,6.000,
495275.112,callback,grid,1073,1072.945415,7826.000,7832.000,6.000,
495302.562,boundary,beat,1073,1073.008248,,,,
495412.975,boundary,quarter,1073,1073.261746,,,,0.25
495533.278,boundary,half,1073,1073.519578,,,,
495647.524,boundary,quarter,1073,1073.760076,,,,0.75
495745.746,callback,beat,1074,1073.963741,8295.000,8302.000,7.000,
495746.012,callback,grid,1074,1073.963741,8295.000,8302.000,7.000,
495766.576,boundary,beat,1074,1074.013574,,,,
495876.935,boundary,quarter,1074,1074.264906,,,,0.25
495994.174,boundary,half,1074,1074.516237,,,,
496109.319,boundary,quarter,1074,1074.758902,,,,0.75
496211.310,callback,beat,1075,1074.971234,8765.000,8767.000,2.000,
496213.502,callback,grid,1075,1074.971234,8765.000,8767.000,2.000,
496224.765,boundary,beat,1075,1075.001567,,,,
496332.309,boundary,quarter,1075,1075.252899,,,,0.25
496456.531,boundary,half,1075,1075.512897,,,,
496573.751,boundary,quarter,1075,1075.762062,,,,0.75
496649.890,callback,bar,1076,1075.939727,9213.000,9214.000,1.000,
496650.065,callback,beat,1076,1075.939727,9213.000,9214.000,1.000,
496650.180,callback,grid,1076,1075.939727,9213.000,9214.000,1.000,
496677.260,boundary,beat,1076,1076.002560,,,,
496801.444,boundary,quarter,1076,1076.266892,,,,0.25
496912.418,boundary,half,1076,1076.500890,,,,
497036.086,boundary,quarter,1076,1076.758722,,,,0.75
497118.898,callback,beat,1077,1076.953720,9682.000,9682.000,0.000,
497119.047,callback,grid,1077,1076.953720,9682.000,9682.000,0.000,
497139.542,boundary,beat,1077,1077.001387,,,,
497263.770,boundary,quarter,1077,1077.263552,,,,0.25
497381.082,boundary,half,1077,1077.512717,,,,
497498.349,boundary,quarter,1077,1077.761882,,,,0.75
497592.363,callback,beat,1078,1077.976380,10151.000,10154.000,3.000,
497594.252,callback,grid,1078,1077.976380,10151.000,10154.000,3.000,
497602.613,boundary,beat,1078,1078.000213,,,,
497726.174,boundary,quarter,1078,1078.262378,,,,0.25
497843.363,boundary,half,1078,1078.511543,,,,
497953.733,boundary,quarter,1078,1078.767208,,,,0.75
498043.467,callback,beat,1079,1078.951373,10599.000,10604.000,5.000,
498043.895,callback,grid,1079,1078.951373,10599.000,10604.000,5.000,
498064.159,boundary,beat,1079,1079.001206,,,,
498183.590,boundary,quarter,1079,1079.250371,,,,0.25
498292.668,boundary,half,1079,1079.501703,,,,
498416.680,boundary,quarter,1079,1079.766034,,,,0.75
498510.539,callback,bar,1080,1079.963200,11069.000,11071.000,2.000,
498510.960,callback,beat,1080,1079.963200,11069.000,11071.000,2.000,
498511.085,callback,grid,1080,1079.963200,11069.000,11071.000,2.000,
498530.943,boundary,beat,1080,1080.008699,,,,
498648.244,boundary,quarter,1080,1080.257864,,,,0.25
498758.652,boundary,half,1080,1080.509196,,,,
498880.564,boundary,quarter,1080,1080.769194,,,,0.75
498979.432,callback,beat,1081,1080.977193,11538.000,11539.000,1.000,
498979.587,callback,grid,1081,1080.977193,11538.000,11539.000,1.000,
498993.243,boundary,beat,1081,1081.007526,,,,
499119.668,boundary,quarter,1081,1081.274024,,,,0.25
499216.694,boundary,half,1081,1081.501522,,,,
499340.551,boundary,quarter,1081,1081.765854,,,,0.75
499430.202,callback,beat,1082,1081.950019,11986.000,11988.000,2.000,
499430.363,callback,grid,1082,1081.950019,11986.000,11988.000,2.000,
499457.883,boundary,beat,1082,1082.010685,,,,
499561.330,boundary,quarter,1082,1082.251184,,,,0.25
499679.478,boundary,half,1082,1082.502515,,,,
499813.649,boundary,quarter,1082,1082.786347,,,,0.75
499903.283,callback,beat,1083,1082.977012,12455.000,12459.000,4.000,
499903.501,callback,grid,1083,1082.977012,12455.000,12459.000,4.000,
499916.965,boundary,beat,1083,1083.000845,,,,
500027.440,boundary,quarter,1083,1083.256510,,,,0.25
500144.704,boundary,half,1083,1083.505675,,,,
500263.010,boundary,quarter,1083,1083.757007,,,,0.75
500340.139,callback,bar,1084,1083.934672,12903.000,12904.000,1.000,
500341.309,callback,beat,1084,1083.934672,12903.000,12904.000,1.000,
500341.791,callback,grid,1084,1083.934672,12903.000,12904.000,1.000,
500379.955,boundary,beat,1084,1084.004005,,,,
500490.320,boundary,quarter,1084,1084.259670,,,,0.25
500607.619,boundary,half,1084,1084.504502,,,,
500724.952,boundary,quarter,1084,1084.753667,,,,0.75
500814.800,callback,beat,1085,1084.963832,13373.000,13379.000,6.000,
500814.983,callback,grid,1085,1084.963832,13373.000,13379.000,6.000,
500835.325,boundary,beat,1085,1085.009331,,,,
500952.613,boundary,quarter,1085,1085.256330,,,,0.25
501069.895,boundary,half,1085,1085.507661,,,,
501190.620,boundary,quarter,1085,1085.761160,,,,0.75
501281.809,callback,beat,1086,1085.973491,13842.000,13845.000,3.000,
501282.133,callback,grid,1086,1085.973491,13842.000,13845.000,3.000,
501294.681,boundary,beat,1086,1086.001658,,,,
501423.658,boundary,quarter,1086,1086.274656,,,,0.25
501536.272,boundary,half,1086,1086.512988,,,,
501646.029,boundary,quarter,1086,1086.762153,,,,0.75
501729.350,callback,beat,1087,1086.937651,14290.000,14290.000,0.000,
501729.522,callback,grid,1087,1086.937651,14290.000,14290.000,0.000,
501763.861,boundary,beat,1087,1087.011318,,,,
501877.747,boundary,quarter,1087,1087.253983,,,,0.25
501996.797,boundary,half,1087,1087.505314,,,,
502105.432,boundary,quarter,1087,1087.756646,,,,0.75
502226.240,boundary,beat,1088,1088.014477,,,,
502226.296,arrangement,transition,68,1088.014477,,,,loop
502343.304,boundary,quarter,1088,1088.259309,,,,0.25
502453.772,boundary,half,1088,1088.514974,,,,
502564.123,boundary,quarter,1088,1088.753306,,,,0.75
502674.542,callback,beat,1089,1088.985137,460.000,466.000,6.000,
502674.981,callback,grid,1089,1088.985137,460.000,466.000,6.000,
502681.401,boundary,beat,1089,1089.000304,,,,
502801.290,boundary,quarter,1089,1089.255969,,,,0.25
502909.235,boundary,half,1089,1089.502967,,,,
503028.874,boundary,quarter,1089,1089.756465,,,,0.75
503124.985,callback,beat,1090,1089.955797,908.000,914.000,6.000,
503125.167,callback,grid,1090,1089.955797,908.000,914.000,6.000,
503145.962,boundary,beat,1090,1090.003464,,,,
503263.020,boundary,quarter,1090,1090.250462,,,,0.25
503373.466,boundary,half,1090,1090.508293,,,,
503496.401,boundary,quarter,1090,1090.766125,,,,0.75
503593.793,callback,beat,1091,1090.969790,1377.000,1382.000,5.000,
503593.938,callback,grid,1091,1090.969790,1377.000,1382.000,5.000,
503611.864,boundary,beat,1091,1091.010957,,,,
503715.357,boundary,quarter,1091,1091.251455,,,,0.25
503839.543,boundary,half,1091,1091.515786,,,,
503956.860,boundary,quarter,1091,1091.762785,,,,0.75
504032.880,callback,bar,1092,1091.938284,1825.000,1829.000,4.000,
504033.432,callback,beat,1092,1091.938284,1825.000,1829.000,4.000,
504033.704,callback,grid,1092,1091.938284,1825.000,1829.000,4.000,
504074.324,boundary,beat,1092,1092.009783,,,,
504182.075,boundary,quarter,1092,1092.258948,,,,0.25
504297.434,boundary,half,1092,1092.503780,,,,
504423.689,boundary,quarter,1092,1092.772444,,,,0.75
504509.884,callback,beat,1093,1092.969610,2294.000,2305.000,11.000,
504510.047,callback,grid,1093,1092.969610,2294.000,2305.000,11.000,
504537.780,boundary,beat,1093,1093.012943,,,,
504641.330,boundary,quarter,1093,1093.251274,,,,0.25
504761.948,boundary,half,1093,1093.506939,,,,
504883.101,boundary,quarter,1093,1093.764771,,,,0.75
504972.460,callback,beat,1094,1093.970603,2764.000,2767.000,3.000,
504972.738,callback,grid,1094,1093.970603,2764.000,2767.000,3.000,
504990.465,boundary,beat,1094,1094.013936,,,,
505108.361,boundary,quarter,1094,1094.263101,,,,0.25
505225.046,boundary,half,1094,1094.505766,,,,
505335.585,boundary,quarter,1094,1094.761431,,,,0.75
505418.258,callback,beat,1095,1094.934763,3212.000,3212.000,0.000,
505418.419,callback,grid,1095,1094.934763,3212.000,3212.000,0.000,
505452.770,boundary,beat,1095,1095.010596,,,,
505570.152,boundary,quarter,1095,1095.261927,,,,0.25
505687.358,boundary,half,1095,1095.508925,,,,
505797.765,boundary,quarter,1095,1095.760257,,,,0.75
505894.353,callback,bar,1096,1095.963922,3681.000,3687.000,6.000,
505894.501,callback,beat,1096,1095.963922,3681.000,3687.000,6.000,
505894.617,callback,grid,1096,1095.963922,3681.000,3687.000,6.000,
505915.062,boundary,beat,1096,1096.009422,,,,
506032.390,boundary,quarter,1096,1096.258587,,,,0.25
506150.403,boundary,half,1096,1096.509919,,,,
506261.114,boundary,quarter,1096,1096.765583,,,,0.75
506358.815,callback,beat,1097,1096.967082,4150.000,4150.000,0.000,
506358.982,callback,grid,1097,1096.967082,4150.000,4150.000,0.000,
506379.495,boundary,beat,1097,1097.016915,,,,
506501.638,boundary,quarter,1097,1097.272580,,,,0.25
506600.342,boundary,half,1097,1097.502245,,,,
506727.839,boundary,quarter,1097,1097.770910,,,,0.75
506814.401,callback,beat,1098,1097.950742,4598.000,4604.000,6.000,
506814.549,callback,grid,1098,1097.950742,4598.000,4604.000,6.000,
506840.767,boundary,beat,1098,1098.011408,,,,
506960.122,boundary,quarter,1098,1098.256240,,,,0.25
507068.746,boundary,half,1098,1098.514071,,,,
507185.265,boundary,quarter,1098,1098.761070,,,,0.75
507281.871,callback,beat,1099,1098.962568,5068.000,5071.000,3.000,
507282.281,callback,grid,1099,1098.962568,5068.000,5071.000,3.000,
507298.677,boundary,beat,1099,1099.001568,,,,
507422.146,boundary,quarter,1099,1099.261566,,,,0.25
507526.154,boundary,half,1099,1099.502065,,,,
507643.614,boundary,quarter,1099,1099.751230,,,,0.75
507748.364,callback,bar,1100,1099.972228,5537.000,5537.000,0.000,
507748.783,callback,beat,1100,1099.972228,5537.000,5537.000,0.000,
507749.278,callback,grid,1100,1099.972228,5537.000,5537.000,0.000,
507761.695,boundary,beat,1100,1100.000394,,,,
507873.257,boundary,quarter,1100,1100.258226,,,,0.25
508001.599,boundary,half,1100,1100.533391,,,,
508112.261,boundary,quarter,1100,1100.767389,,,,0.75
508194.763,callback,beat,1101,1100.955888,5985.000,5991.000,6.000,
508195.019,callback,grid,1101,1100.955888,5985.000,5991.000,6.000,
508228.054,boundary,beat,1101,1101.007887,,,,
508338.455,boundary,quarter,1101,1101.265719,,,,0.25
508451.631,boundary,half,1101,1101.501884,,,,
508571.727,boundary,quarter,1101,1101.755382,,,,0.75
508662.735,callback,beat,1102,1101.967714,6454.000,6458.000,4.000,
508663.200,callback,grid,1102,1101.967714,6454.000,6458.000,4.000,
508681.465,boundary,beat,1102,1102.008881,,,,
508799.200,boundary,quarter,1102,1102.260212,,,,0.25
508917.332,boundary,half,1102,1102.509377,,,,
509033.779,boundary,quarter,1102,1102.756375,,,,0.75
509109.700,callback,beat,1103,1102.931874,6902.000,6903.000,1.000,
509110.520,callback,grid,1103,1102.931874,6902.000,6903.000,1.000,
509144.175,boundary,beat,1103,1103.012040,,,,
509261.448,boundary,quarter,1103,1103.261205,,,,0.25
509378.761,boundary,half,1103,1103.506037,,,,
509489.170,boundary,quarter,1103,1103.761702,,,,0.75
509578.876,callback,bar,1104,1103.948034,7372.000,7372.000,0.000,
509579.033,callback,beat,1104,1103.948034,7372.000,7372.000,0.000,
509579.221,callback,grid,1104,1103.948034,7372.000,7372.000,0.000,
509606.476,boundary,beat,1104,1104.010867,,,,
509606.530,arrangement,layer,69,1104.010867,,,,true
509723.784,boundary,quarter,1104,1104.257865,,,,0.25
509842.830,boundary,half,1104,1104.511363,,,,
509952.045,boundary,quarter,1104,1104.760528,,,,0.75
510049.227,callback,beat,1105,1104.966360,7841.000,7842.000,1.000,
510049.824,callback,grid,1105,1104.966360,7841.000,7842.000,1.000,
510066.270,boundary,beat,1105,1105.003193,,,,
510184.807,boundary,quarter,1105,1105.254525,,,,0.25
510305.952,boundary,half,1105,1105.510190,,,,
510414.335,boundary,quarter,1105,1105.763688,,,,0.75
510499.097,callback,beat,1106,1105.937020,8289.000,8290.000,1.000,
510499.205,callback,grid,1106,1105.937020,8289.000,8290.000,1.000,
510533.877,boundary,beat,1106,1106.012853,,,,
510650.940,boundary,quarter,1106,1106.262018,,,,0.25
510756.410,boundary,half,1106,1106.504683,,,,
510880.608,boundary,quarter,1106,1106.771181,,,,0.75
510968.272,callback,beat,1107,1106.951013,8758.000,8758.000,0.000,
510968.435,callback,grid,1107,1106.951013,8758.000,8758.000,0.000,
510995.939,boundary,beat,1107,1107.013846,,,,
511113.180,boundary,quarter,1107,1107.260844,,,,0.25
511223.639,boundary,half,1107,1107.516509,,,,
511340.968,boundary,quarter,1107,1107.763507,,,,0.75
511444.467,callback,bar,1108,1107.982339,9228.000,9234.000,6.000,
511444.630,callback,beat,1108,1107.982339,9228.000,9234.000,6.000,
511445.529,callback,grid,1108,1107.982339,9228.000,9234.000,6.000,
511458.241,boundary,beat,1108,1108.014839,,,,
511575.533,boundary,quarter,1108,1108.261837,,,,0.25
511685.940,boundary,half,1108,1108.513169,,,,
511803.276,boundary,quarter,1108,1108.764501,,,,0.75
511892.973,callback,beat,1109,1108.948666,9676.000,9680.000,4.000,
511893.192,callback,grid,1109,1108.948666,9676.000,9680.000,4.000,
511920.512,boundary,beat,1109,1109.011499,,,,
512024.022,boundary,quarter,1109,1109.251997,,,,0.25
512141.641,boundary,half,1109,1109.501162,,,,
512265.532,boundary,quarter,1109,1109.761160,,,,0.75
512348.296,callback,beat,1110,1109.956159,10145.000,10145.000,0.000,
512348.443,callback,grid,1110,1109.956159,10145.000,10145.000,0.000,
512369.006,boundary,beat,1110,1110.001659,,,,
512486.300,boundary,quarter,1110,1110.250824,,,,0.25
512610.500,boundary,half,1110,1110.515155,,,,
512727.811,boundary,quarter,1110,1110.762153,,,,0.75
512824.431,callback,beat,1111,1110.985318,10614.000,10620.000,6.000,
512824.581,callback,grid,1111,1110.985318,10614.000,10620.000,6.000,
512831.320,boundary,beat,1111,1111.000485,,,,
512963.987,boundary,quarter,1111,1111.282150,,,,0.25
513090.727,boundary,half,1111,1111.552981,,,,
513187.539,boundary,quarter,1111,1111.754480,,,,0.75
513279.882,callback,bar,1112,1111.966812,11062.000,11073.000,11.000,
513280.244,callback,beat,1112,1111.966812,11062.000,11073.000,11.000,
513283.679,callback,grid,1112,1111.966812,11062.000,11073.000,11.000,
513293.734,boundary,beat,1112,1112.001478,,,,
513418.087,boundary,quarter,1112,1112.261476,,,,0.25
513535.334,boundary,half,1112,1112.512808,,,,
513641.800,boundary,quarter,1112,1112.757640,,,,0.75
513742.187,callback,beat,1113,1112.969971,11532.000,11536.000,4.000,
513742.397,callback,grid,1113,1112.969971,11532.000,11536.000,4.000,
513762.884,boundary,beat,1113,1113.015471,,,,
513880.208,boundary,quarter,1113,1113.264636,,,,0.25
513999.425,boundary,half,1113,1113.515968,,,,
514101.035,boundary,quarter,1113,1113.752133,,,,0.75
514192.399,callback,beat,1114,1113.940631,11980.000,11984.000,4.000,
514193.582,callback,grid,1114,1113.940631,11980.000,11984.000,4.000,
514220.013,boundary,beat,1114,1114.003464,,,,
514342.409,boundary,quarter,1114,1114.263462,,,,0.25
514456.199,boundary,half,1114,1114.503961,,,,
514566.495,boundary,quarter,1114,1114.755292,,,,0.75
514663.049,callback,beat,1115,1114.958958,12449.000,12454.000,5.000,
514663.150,callback,grid,1115,1114.958958,12449.000,12454.000,5.000,
514684.184,boundary,beat,1115,1115.006624,,,,
514801.426,boundary,quarter,1115,1115.253622,,,,0.25
514911.520,boundary,half,1115,1115.509287,,,,
515030.675,boundary,quarter,1115,1115.760619,,,,0.75
515132.267,callback,bar,1116,1115.972951,12918.000,12922.000,4.000,
515132.385,callback,beat,1116,1115.972951,12918.000,12922.000,4.000,
515132.484,callback,grid,1116,1115.972951,12918.000,12922.000,4.000,
515146.051,boundary,beat,1116,1116.003284,,,,
515256.477,boundary,quarter,1116,1116.256782,,,,0.25
515373.731,boundary,half,1116,1116.505947,,,,
515491.051,boundary,quarter,1116,1116.757279,,,,0.75
515580.764,callback,beat,1117,1116.943611,13366.000,13368.000,2.000,
515580.957,callback,grid,1117,1116.943611,13366.000,13368.000,2.000,
515608.334,boundary,beat,1117,1117.004277,,,,
515718.771,boundary,quarter,1117,1117.255608,,,,0.25
515836.160,boundary,half,1117,1117.506940,,,,
515953.394,boundary,quarter,1117,1117.753938,,,,0.75
516051.743,callback,beat,1118,1117.959770,13836.000,13839.000,3.000,
516051.886,callback,grid,1118,1117.959770,13836.000,13839.000,3.000,
516070.693,boundary,beat,1118,1118.003103,,,,
516181.402,boundary,quarter,1118,1118.258768,,,,0.25
516300.179,boundary,half,1118,1118.512266,,,,
516416.158,boundary,quarter,1118,1118.754931,,,,0.75
516508.283,callback,beat,1119,1118.969430,14305.000,14305.000,0.000,
516509.208,callback,grid,1119,1118.969430,14305.000,14305.000,0.000,
516526.524,boundary,beat,1119,1119.008430,,,,
516643.725,boundary,quarter,1119,1119.257595,,,,0.25
516761.119,boundary,half,1119,1119.506760,,,,
516878.305,boundary,quarter,1119,1119.755925,,,,0.75
516988.701,boundary,beat,1120,1120.007256,,,,
516988.753,arrangement,transition,70,1120.007256,,,,alternate
517106.059,boundary,quarter,1120,1120.256421,,,,0.25
517223.313,boundary,half,1120,1120.505586,,,,
517340.612,boundary,quarter,1120,1120.750418,,,,0.75
517430.301,callback,beat,1121,1120.960583,453.000,455.000,2.000,
517430.714,callback,grid,1121,1120.960583,453.000,455.000,2.000,
517451.013,boundary,beat,1121,1121.008249,,,,
517568.315,boundary,quarter,1121,1121.255247,,,,0.25
517686.270,boundary,half,1121,1121.504412,,,,
517796.048,boundary,quarter,1121,1121.757911,,,,0.75
517899.826,callback,beat,1122,1121.974576,922.000,923.000,1.000,
517901.529,callback,grid,1122,1121.974576,922.000,923.000,1.000,
517913.507,boundary,beat,1122,1122.004909,,,,
518035.366,boundary,quarter,1122,1122.264907,,,,0.25
518151.743,boundary,half,1122,1122.509739,,,,
518256.179,boundary,quarter,1122,1122.752404,,,,0.75
518354.468,callback,beat,1123,1122.956069,1370.000,1376.000,6.000,
518356.526,callback,grid,1123,1122.956069,1370.000,1376.000,6.000,
518381.394,boundary,beat,1123,1123.018902,,,,
518497.006,boundary,quarter,1123,1123.261567,,,,0.25
518604.634,boundary,half,1123,1123.508565,,,,
518735.662,boundary,quarter,1123,1123.790230,,,,0.75
518822.949,callback,bar,1124,1123.970062,1840.000,1844.000,4.000,
518823.085,callback,beat,1124,1123.970062,1840.000,1844.000,4.000,
518824.604,callback,grid,1124,1123.970062,1840.000,1844.000,4.000,
518836.636,boundary,beat,1124,1124.000395,,,,
518960.825,boundary,quarter,1124,1124.264727,,,,0.25
519064.354,boundary,half,1124,1124.503058,,,,
519181.652,boundary,quarter,1124,1124.752223,,,,0.75
519271.294,callback,beat,1125,1124.938555,2288.000,2291.000,3.000,
519271.401,callback,grid,1125,1124.938555,2288.000,2291.000,3.000,
519305.835,boundary,beat,1125,1125.014388,,,,
519409.335,boundary,quarter,1125,1125.254886,,,,0.25
519526.606,boundary,half,1125,1125.504051,,,,
519650.960,boundary,quarter,1125,1125.768383,,,,0.75
519742.205,callback,beat,1126,1125.956882,2757.000,2761.000,4.000,
519742.436,callback,grid,1126,1125.956882,2757.000,2761.000,4.000,
519761.240,boundary,beat,1126,1126.000215,,,,
519871.631,boundary,quarter,1126,1126.253713,,,,0.25
519989.848,boundary,half,1126,1126.505045,,,,
520108.212,boundary,quarter,1126,1126.756376,,,,0.75
520225.358,boundary,beat,1127,1127.001208,,,,
520225.411,callback,beat,1127,1127.001208,3226.000,3243.000,17.000,
520225.570,callback,grid,1127,1127.001208,3226.000,3243.000,17.000,
520335.801,boundary,quarter,1127,1127.256873,,,,0.25
520453.036,boundary,half,1127,1127.506038,,,,
520572.707,boundary,quarter,1127,1127.759536,,,,0.75
520653.173,callback,bar,1128,1127.945868,3674.000,3679.000,5.000,
520653.354,callback,beat,1128,1127.945868,3674.000,3679.000,5.000,
520653.688,callback,grid,1128,1127.945868,3674.000,3679.000,5.000,
520681.709,boundary,beat,1128,1128.010867,,,,
520798.349,boundary,quarter,1128,1128.260032,,,,0.25
520915.331,boundary,half,1128,1128.504864,,,,
521032.668,boundary,quarter,1128,1128.751862,,,,0.75
521122.350,callback,beat,1129,1128.962028,4144.000,4148.000,4.000,
521122.473,callback,grid,1129,1128.962028,4144.000,4148.000,4.000,
521143.070,boundary,beat,1129,1129.009694,,,,
521260.349,boundary,quarter,1129,1129.256692,,,,0.25
521377.615,boundary,half,1129,1129.501524,,,,
521496.579,boundary,quarter,1129,1129.755022,,,,0.75
521589.229,callback,beat,1130,1129.971687,4613.000,4614.000,1.000,
521589.551,callback,grid,1130,1129.971687,4613.000,4614.000,1.000,
521603.793,boundary,beat,1130,1130.002020,,,,
521723.701,boundary,quarter,1130,1130.257685,,,,0.25
521839.988,boundary,half,1130,1130.504684,,,,
521948.903,boundary,quarter,1130,1130.756015,,,,0.75
522044.393,callback,beat,1131,1130.953180,5061.000,5067.000,6.000,
522051.374,callback,grid,1131,1130.953180,5061.000,5067.000,6.000,
522067.500,boundary,beat,1131,1131.005180,,,,
522184.800,boundary,quarter,1131,1131.252178,,,,0.25
522295.169,boundary,half,1131,1131.507843,,,,
522412.520,boundary,quarter,1131,1131.757008,,,,0.75
522509.138,callback,bar,1132,1131.958507,5530.000,5531.000,1.000,
522509.315,callback,beat,1132,1131.958507,5530.000,5531.000,1.000,
522509.612,callback,grid,1132,1131.958507,5530.000,5531.000,1.000,
522529.787,boundary,beat,1132,1132.006173,,,,
522647.079,boundary,quarter,1132,1132.253171,,,,0.25
522757.458,boundary,half,1132,1132.506670,,,,
522874.797,boundary,quarter,1132,1132.755835,,,,0.75
522978.419,callback,beat,1133,1132.974666,6000.000,6000.000,0.000,
522978.572,callback,grid,1133,1132.974666,6000.000,6000.000,0.000,
522992.079,boundary,beat,1133,1133.005000,,,,
523109.371,boundary,quarter,1133,1133.254165,,,,0.25
523219.782,boundary,half,1133,1133.505496,,,,
523337.318,boundary,quarter,1133,1133.754661,,,,0.75
523434.083,callback,beat,1134,1133.958326,6448.000,6454.000,6.000,
523434.396,callback,grid,1134,1133.958326,6448.000,6454.000,6.000,
523454.389,boundary,beat,1134,1134.003826,,,,
523564.778,boundary,quarter,1134,1134.257324,,,,0.25
523682.073,boundary,half,1134,1134.508656,,,,
523799.382,boundary,quarter,1134,1134.753487,,,,0.75
523902.939,callback,beat,1135,1134.976653,6917.000,6921.000,4.000,
523903.517,callback,grid,1135,1134.976653,6917.000,6921.000,4.000,
523916.679,boundary,beat,1135,1135.000486,,,,
524028.391,boundary,quarter,1135,1135.260484,,,,0.25
524144.740,boundary,half,1135,1135.505316,,,,
524262.046,boundary,quarter,1135,1135.756647,,,,0.75
524338.967,callback,bar,1136,1135.932146,7365.000,7365.000,0.000,
524339.118,callback,beat,1136,1135.932146,7365.000,7365.000,0.000,
524339.588,callback,grid,1136,1135.932146,7365.000,7365.000,0.000,
524379.353,boundary,beat,1136,1136.001479,,,,
524379.408,arrangement,layer,71,1136.001479,,,,false
524489.804,boundary,quarter,1136,1136.257144,,,,0.25
524607.071,boundary,half,1136,1136.506309,,,,
524724.359,boundary,quarter,1136,1136.753307,,,,0.75
524814.070,callback,beat,1137,1136.961306,7834.000,7840.000,6.000,
524814.210,callback,grid,1137,1136.961306,7834.000,7840.000,6.000,
524834.730,boundary,beat,1137,1137.008972,,,,
524952.093,boundary,quarter,1137,1137.255970,,,,0.25
525069.370,boundary,half,1137,1137.505135,,,,
525186.680,boundary,quarter,1137,1137.752133,,,,0.75
525283.249,callback,beat,1138,1137.977465,8304.000,8309.000,5.000,
525283.384,callback,grid,1138,1137.977465,8304.000,8309.000,5.000,
525297.046,boundary,beat,1138,1138.007798,,,,
525414.622,boundary,quarter,1138,1138.256963,,,,0.25
525532.598,boundary,half,1138,1138.503962,,,,
525642.144,boundary,quarter,1138,1138.757460,,,,0.75
525733.029,callback,beat,1139,1138.948125,8752.000,8757.000,5.000,
525733.215,callback,grid,1139,1138.948125,8752.000,8757.000,5.000,
525759.361,boundary,beat,1139,1139.006625,,,,
525876.664,boundary,quarter,1139,1139.253623,,,,0.25
525994.034,boundary,half,1139,1139.504955,,,,
526104.834,boundary,quarter,1139,1139.756286,,,,0.75
526200.979,callback,bar,1140,1139.959951,9221.000,9224.000,3.000,
526201.123,callback,beat,1140,1139.959951,9221.000,9224.000,3.000,
526201.281,callback,grid,1140,1139.959951,9221.000,9224.000,3.000,
526221.696,boundary,beat,1140,1140.005451,,,,
526338.969,boundary,quarter,1140,1140.254616,,,,0.25
526449.334,boundary,half,1140,1140.508114,,,,
526566.653,boundary,quarter,1140,1140.757279,,,,0.75
526670.153,callback,beat,1141,1140.973944,9690.000,9692.000,2.000,
526670.317,callback,grid,1141,1140.973944,9690.000,9692.000,2.000,
526684.029,boundary,beat,1141,1141.004278,,,,
526801.268,boundary,quarter,1141,1141.253443,,,,0.25
526911.651,boundary,half,1141,1141.506941,,,,
527028.975,boundary,quarter,1141,1141.758272,,,,0.75
527118.663,callback,beat,1142,1141.940271,10138.000,10138.000,0.000,
527118.815,callback,grid,1142,1141.940271,10138.000,10138.000,0.000,
527146.257,boundary,beat,1142,1142.005271,,,,
527263.570,boundary,quarter,1142,1142.250102,,,,0.25
527374.032,boundary,half,1142,1142.507934,,,,
527491.287,boundary,quarter,1142,1142.754932,,,,0.75
527590.765,callback,beat,1143,1142.962931,10608.000,10610.000,2.000,
527591.661,callback,grid,1143,1142.962931,10608.000,10610.000,2.000,
527608.826,boundary,beat,1143,1143.004097,,,,
527718.966,boundary,quarter,1143,1143.259762,,,,0.25
527836.324,boundary,half,1143,1143.504594,,,,
527955.634,boundary,quarter,1143,1143.758092,,,,0.75
528059.373,callback,bar,1144,1143.981257,11077.000,11078.000,1.000,
528059.833,callback,beat,1144,1143.981257,11077.000,11078.000,1.000,
528060.093,callback,grid,1144,1143.981257,11077.000,11078.000,1.000,
528073.140,boundary,beat,1144,1144.007257,,,,
528183.356,boundary,quarter,1144,1144.262922,,,,0.25
528300.616,boundary,half,1144,1144.509920,,,,
528417.992,boundary,quarter,1144,1144.761252,,,,0.75
528500.751,callback,beat,1145,1144.949750,11525.000,11527.000,2.000,
528500.893,callback,grid,1145,1144.949750,11525.000,11527.000,2.000,
528535.246,boundary,beat,1145,1145.006083,,,,
528645.662,boundary,quarter,1145,1145.259582,,,,0.25
528762.963,boundary,half,1145,1145.510913,,,,
528880.248,boundary,quarter,1145,1145.757911,,,,0.75
528969.970,callback,beat,1146,1145.965910,11994.000,11996.000,2.000,
528970.176,callback,grid,1146,1145.965910,11994.000,11996.000,2.000,
528990.674,boundary,beat,1146,1146.013576,,,,
529108.118,boundary,quarter,1146,1146.260575,,,,0.25
529225.269,boundary,half,1146,1146.507573,,,,
529335.947,boundary,quarter,1146,1146.763238,,,,0.75
529418.424,callback,beat,1147,1146.932237,12442.000,12442.000,0.000,
529418.578,callback,grid,1147,1146.932237,12442.000,12442.000,0.000,
529452.994,boundary,beat,1147,1147.012403,,,,
529570.892,boundary,quarter,1147,1147.261568,,,,0.25
529689.525,boundary,half,1147,1147.508566,,,,
529799.148,boundary,quarter,1147,1147.764231,,,,0.75
529894.536,callback,bar,1148,1147.963563,12912.000,12918.000,6.000,
529894.860,callback,beat,1148,1147.963563,12912.000,12918.000,6.000,
529895.698,callback,grid,1148,1147.963563,12912.000,12918.000,6.000,
529915.379,boundary,beat,1148,1148.011229,,,,
530032.555,boundary,quarter,1148,1148.258227,,,,0.25
530149.814,boundary,half,1148,1148.507392,,,,
530260.250,boundary,quarter,1148,1148.760891,,,,0.75
530364.267,callback,beat,1149,1148.977556,13381.000,13386.000,5.000,
530364.446,callback,grid,1149,1148.977556,13381.000,13386.000,5.000,
530377.575,boundary,beat,1149,1149.007889,,,,
530494.853,boundary,quarter,1149,1149.257054,,,,0.25
530605.264,boundary,half,1149,1149.512719,,,,
530722.605,boundary,quarter,1149,1149.761884,,,,0.75
530812.251,callback,beat,1150,1149.946049,13829.000,13833.000,4.000,
530812.385,callback,grid,1150,1149.946049,13829.000,13833.000,4.000,
530839.874,boundary,beat,1150,1150.008882,,,,
530958.220,boundary,quarter,1150,1150.260214,,,,0.25
531067.645,boundary,half,1150,1150.511545,,,,
531186.934,boundary,quarter,1150,1150.765043,,,,0.75
531283.048,callback,beat,1151,1150.964375,14298.000,14303.000,5.000,
531283.596,callback,grid,1151,1150.964375,14298.000,14303.000,5.000,
531303.583,boundary,beat,1151,1151.012042,,,,
531421.753,boundary,quarter,1151,1151.259040,,,,0.25
531536.274,boundary,half,1151,1151.525538,,,,
531648.573,boundary,quarter,1151,1151.761703,,,,0.75
531765.849,boundary,beat,1152,1152.008702,,,,
531765.912,arrangement,transition,72,1152.008702,,,,loop
531876.245,boundary,quarter,1152,1152.264366,,,,0.25
531993.504,boundary,half,1152,1152.511365,,,,
532110.818,boundary,quarter,1152,1152.760530,,,,0.75
532193.613,callback,beat,1153,1152.951195,446.000,451.000,5.000,
532193.757,callback,grid,1153,1152.951195,446.000,451.000,5.000,
532228.131,boundary,beat,1153,1153.009695,,,,
532338.558,boundary,quarter,1153,1153.265359,,,,0.25
532455.827,boundary,half,1153,1153.510191,,,,
532573.190,boundary,quarter,1153,1153.759356,,,,0.75
532664.105,callback,beat,1154,1153.971688,916.000,922.000,6.000,
532664.245,callback,grid,1154,1153.971688,916.000,922.000,6.000,
532683.563,boundary,beat,1154,1154.012854,,,,
532800.862,boundary,quarter,1154,1154.262019,,,,0.25
532918.163,boundary,half,1154,1154.513351,,,,
533035.424,boundary,quarter,1154,1154.758183,,,,0.75
533111.317,callback,beat,1155,1154.935848,1364.000,1367.000,3.000,
533111.430,callback,grid,1155,1154.935848,1364.000,1367.000,3.000,
533146.166,boundary,beat,1155,1155.013847,,,,
533265.056,boundary,quarter,1155,1155.267346,,,,0.25
533380.442,boundary,half,1155,1155.510011,,,,
533487.193,boundary,quarter,1155,1155.754842,,,,0.75
533580.555,callback,bar,1156,1155.947674,1833.000,1834.000,1.000,
533580.712,callback,beat,1156,1155.947674,1833.000,1834.000,1.000,
533580.808,callback,grid,1156,1155.947674,1833.000,1834.000,1.000,
533608.124,boundary,beat,1156,1156.012674,,,,
533725.425,boundary,quarter,1156,1156.259672,,,,0.25
533842.749,boundary,half,1156,1156.508837,,,,
533953.188,boundary,quarter,1156,1156.764502,,,,0.75
534049.736,callback,beat,1157,1156.963834,2302.000,2303.000,1.000,
534049.875,callback,grid,1157,1156.963834,2302.000,2303.000,1.000,
534070.423,boundary,beat,1157,1157.013667,,,,
534187.958,boundary,quarter,1157,1157.260665,,,,0.25
534305.058,boundary,half,1157,1157.507663,,,,
534415.589,boundary,quarter,1157,1157.763328,,,,0.75
534498.238,callback,beat,1158,1157.932327,2750.000,2750.000,0.000,
534498.480,callback,grid,1158,1157.932327,2750.000,2750.000,0.000,
534532.738,boundary,beat,1158,1158.010327,,,,
534652.088,boundary,quarter,1158,1158.265992,,,,0.25
534756.951,boundary,half,1158,1158.506490,,,,
534877.767,boundary,quarter,1158,1158.759988,,,,0.75
534974.392,callback,beat,1159,1158.963653,3220.000,3226.000,6.000,
534974.613,callback,grid,1159,1158.963653,3220.000,3226.000,6.000,
534995.340,boundary,beat,1159,1159.011320,,,,
535112.423,boundary,quarter,1159,1159.258318,,,,0.25
535222.762,boundary,half,1159,1159.513983,,,,
535340.130,boundary,quarter,1159,1159.760981,,,,0.75
535443.568,callback,bar,1160,1159.977646,3689.000,3694.000,5.000,
535443.757,callback,beat,1160,1159.977646,3689.000,3694.000,5.000,
535444.012,callback,grid,1160,1159.977646,3689.000,3694.000,5.000,
535457.912,boundary,beat,1160,1160.010146,,,,
535567.728,boundary,quarter,1160,1160.261478,,,,0.25
535685.056,boundary,half,1160,1160.512809,,,,
535802.352,boundary,quarter,1160,1160.761974,,,,0.75
535892.075,callback,beat,1161,1160.950473,4137.000,4141.000,4.000,
535892.280,callback,grid,1161,1160.950473,4137.000,4141.000,4.000,
535919.642,boundary,beat,1161,1161.006806,,,,
536030.050,boundary,quarter,1161,1161.264638,,,,0.25
536147.340,boundary,half,1161,1161.511636,,,,
536264.672,boundary,quarter,1161,1161.758634,,,,0.75
536354.443,callback,beat,1162,1161.966633,4606.000,4612.000,6.000,
536354.894,callback,grid,1162,1161.966633,4606.000,4612.000,6.000,
536375.155,boundary,beat,1162,1162.012132,,,,
536492.921,boundary,quarter,1162,1162.263464,,,,0.25
536612.080,boundary,half,1162,1162.516962,,,,
536727.491,boundary,quarter,1162,1162.759627,,,,0.75
536824.100,callback,beat,1163,1162.984959,5076.000,5082.000,6.000,
536824.282,callback,grid,1163,1162.984959,5076.000,5082.000,6.000,
536831.000,boundary,beat,1163,1163.000126,,,,
536955.162,boundary,quarter,1163,1163.264457,,,,0.25
537072.470,boundary,half,1163,1163.509289,,,,
537189.724,boundary,quarter,1163,1163.758454,,,,0.75
537272.577,callback,bar,1164,1163.951286,5524.000,5528.000,4.000,
537272.706,callback,beat,1164,1163.951286,5524.000,5528.000,4.000,
537272.783,callback,grid,1164,1163.951286,5524.000,5528.000,4.000,
537300.135,boundary,beat,1164,1164.014119,,,,
537417.455,boundary,quarter,1164,1164.261117,,,,0.25
537534.737,boundary,half,1164,1164.510282,,,,
537645.199,boundary,quarter,1164,1164.763780,,,,0.75
537741.791,callback,beat,1165,1164.965279,5993.000,5996.000,3.000,
537741.927,callback,grid,1165,1164.965279,5993.000,5996.000,3.000,
537762.453,boundary,beat,1165,1165.012945,,,,
537879.785,boundary,quarter,1165,1165.259943,,,,0.25
537997.505,boundary,half,1165,1165.509108,,,,
538107.459,boundary,quarter,1165,1165.764773,,,,0.75
538190.287,callback,beat,1166,1165.933772,6441.000,6443.000,2.000,
538190.450,callback,grid,1166,1165.933772,6441.000,6443.000,2.000,
538224.754,boundary,beat,1166,1166.009605,,,,
538343.081,boundary,quarter,1166,1166.263103,,,,0.25
538447.102,boundary,half,1166,1166.501435,,,,
538564.705,boundary,quarter,1166,1166.750600,,,,0.75
538663.564,callback,beat,1167,1166.956432,6910.000,6915.000,5.000,
538663.709,callback,grid,1167,1166.956432,6910.000,6915.000,5.000,
538688.601,boundary,beat,1167,1167.014931,,,,
538816.009,boundary,quarter,1167,1167.285763,,,,0.25
538912.575,boundary,half,1167,1167.508928,,,,
539038.732,boundary,quarter,1167,1167.777592,,,,0.75
539128.856,callback,bar,1168,1167.966091,7380.000,7381.000,1.000,
539129.077,callback,beat,1168,1167.966091,7380.000,7381.000,1.000,
539129.397,callback,grid,1168,1167.966091,7380.000,7381.000,1.000,
539149.536,boundary,beat,1168,1168.011591,,,,
539149.602,arrangement,layer,73,1168.011591,,,,true
539266.871,boundary,quarter,1168,1168.260756,,,,0.25
539373.722,boundary,half,1168,1168.503421,,,,
539491.120,boundary,quarter,1168,1168.754752,,,,0.75
539582.046,callback,beat,1169,1168.945418,7828.000,7832.000,4.000,
539582.175,callback,grid,1169,1168.945418,7828.000,7832.000,4.000,
539609.651,boundary,beat,1169,1169.003917,,,,
539720.078,boundary,quarter,1169,1169.259582,,,,0.25
539837.355,boundary,half,1169,1169.508747,,,,
539954.672,boundary,quarter,1169,1169.753579,,,,0.75
540051.249,callback,beat,1170,1169.961577,8297.000,8300.000,3.000,
540051.423,callback,grid,1170,1169.961577,8297.000,8300.000,3.000,
540071.967,boundary,beat,1170,1170.004910,,,,
540182.447,boundary,quarter,1170,1170.258409,,,,0.25
540299.661,boundary,half,1170,1170.507574,,,,
540417.055,boundary,quarter,1170,1170.756739,,,,0.75
540515.233,callback,beat,1171,1170.982070,8766.000,8773.000,7.000,
540515.374,callback,grid,1171,1170.982070,8766.000,8773.000,7.000,
540525.423,boundary,beat,1171,1171.003737,,,,
540647.391,boundary,quarter,1171,1171.263735,,,,0.25
540764.903,boundary,half,1171,1171.510733,,,,
540889.093,boundary,quarter,1171,1171.775065,,,,0.75
540964.087,callback,bar,1172,1171.948397,9214.000,9219.000,5.000,
540964.396,callback,beat,1172,1171.948397,9214.000,9219.000,5.000,
540967.152,callback,grid,1172,1171.948397,9214.000,9219.000,5.000,
540991.726,boundary,beat,1172,1172.013397,,,,
541109.022,boundary,quarter,1172,1172.256062,,,,0.25
541226.300,boundary,half,1172,1172.505226,,,,
541343.732,boundary,quarter,1172,1172.756558,,,,0.75
541433.346,callback,beat,1173,1172.966723,9684.000,9689.000,5.000,
541433.488,callback,grid,1173,1172.966723,9684.000,9689.000,5.000,
541454.117,boundary,beat,1173,1173.010056,,,,
541571.334,boundary,quarter,1173,1173.261388,,,,0.25
541688.585,boundary,half,1173,1173.510553,,,,
541799.025,boundary,quarter,1173,1173.764051,,,,0.75
541902.529,callback,beat,1174,1173.980716,10153.000,10157.000,4.000,
541902.692,callback,grid,1174,1173.980716,10153.000,10157.000,4.000,
541914.209,boundary,beat,1174,1174.006716,,,,
542034.061,boundary,quarter,1174,1174.258048,,,,0.25
542150.864,boundary,half,1174,1174.507213,,,,
542261.422,boundary,quarter,1174,1174.765044,,,,0.75
542350.964,callback,beat,1175,1174.949210,10601.000,10604.000,3.000,
542351.071,callback,grid,1175,1174.949210,10601.000,10604.000,3.000,
542378.741,boundary,beat,1175,1175.009876,,,,
542495.894,boundary,quarter,1175,1175.259041,,,,0.25
542606.297,boundary,half,1175,1175.512539,,,,
542723.601,boundary,quarter,1175,1175.761704,,,,0.75
542820.198,callback,bar,1176,1175.963203,11070.000,11072.000,2.000,
542820.412,callback,beat,1176,1175.963203,11070.000,11072.000,2.000,
542820.573,callback,grid,1176,1175.963203,11070.000,11072.000,2.000,
542840.901,boundary,beat,1176,1176.013036,,,,
542958.207,boundary,quarter,1176,1176.257867,,,,0.25
543068.665,boundary,half,1176,1176.513532,,,,
543186.025,boundary,quarter,1176,1176.762697,,,,0.75
543268.687,callback,beat,1177,1176.929529,11518.000,11518.000,0.000,
543268.857,callback,grid,1177,1176.929529,11518.000,11518.000,0.000,
543303.178,boundary,beat,1177,1177.009695,,,,
543413.612,boundary,quarter,1177,1177.261027,,,,0.25
543530.967,boundary,half,1177,1177.512359,,,,
543657.857,boundary,quarter,1177,1177.783190,,,,0.75
543742.148,callback,beat,1178,1177.956522,11988.000,11992.000,4.000,
543742.317,callback,grid,1178,1177.956522,11988.000,11992.000,4.000,
543762.265,boundary,beat,1178,1178.002022,,,,
543872.642,boundary,quarter,1178,1178.255520,,,,0.25
543989.968,boundary,half,1178,1178.506852,,,,
544107.283,boundary,quarter,1178,1178.751683,,,,0.75
544210.729,callback,beat,1179,1178.977015,12457.000,12459.000,2.000,
544211.342,callback,grid,1179,1178.977015,12457.000,12459.000,2.000,
544231.528,boundary,beat,1179,1179.016015,,,,
544334.959,boundary,quarter,1179,1179.256513,,,,0.25
544452.224,boundary,half,1179,1179.503511,,,,
544569.554,boundary,quarter,1179,1179.752676,,,,0.75
544652.341,callback,bar,1180,1179.943342,12905.000,12909.000,4.000,
544652.531,callback,beat,1180,1179.943342,12905.000,12909.000,4.000,
544652.617,callback,grid,1180,1179.943342,12905.000,12909.000,4.000,
544679.928,boundary,beat,1180,1180.006175,,,,
544797.258,boundary,quarter,1180,1180.253173,,,,0.25
544914.503,boundary,half,1180,1180.502338,,,,
545031.832,boundary,quarter,1180,1180.751503,,,,0.75
545121.563,callback,beat,1181,1180.957335,13374.000,13377.000,3.000,
545121.705,callback,grid,1181,1180.957335,13374.000,13377.000,3.000,
545142.235,boundary,beat,1181,1181.007168,,,,
545259.558,boundary,quarter,1181,1181.251999,,,,0.25
545376.868,boundary,half,1181,1181.501164,,,,
545494.640,boundary,quarter,1181,1181.750329,,,,0.75
545590.763,callback,beat,1182,1181.973494,13844.000,13846.000,2.000,
545590.903,callback,grid,1182,1181.973494,13844.000,13846.000,2.000,
545604.530,boundary,beat,1182,1182.003827,,,,
545721.862,boundary,quarter,1182,1182.255159,,,,0.25
545846.055,boundary,half,1182,1182.515157,,,,
545949.540,boundary,quarter,1182,1182.755656,,,,0.75
546039.935,callback,beat,1183,1182.944154,14292.000,14294.000,2.000,
546040.072,callback,grid,1183,1182.944154,14292.000,14294.000,2.000,
546067.002,boundary,beat,1183,1183.004821,,,,
546184.171,boundary,quarter,1183,1183.251819,,,,0.25
546294.632,boundary,half,1183,1183.503150,,,,
546411.840,boundary,quarter,1183,1183.754482,,,,0.75
546529.201,boundary,beat,1184,1184.003647,,,,
546529.245,arrangement,transition,74,1184.003647,,,,alternate
546646.509,boundary,quarter,1184,1184.250645,,,,0.25
546756.800,boundary,half,1184,1184.506310,,,,
546874.280,boundary,quarter,1184,1184.755475,,,,0.75
546984.567,callback,beat,1185,1184.985140,461.000,467.000,6.000,
546984.699,callback,grid,1185,1184.985140,461.000,467.000,6.000,
546991.437,boundary,beat,1185,1185.000307,,,,
547108.798,boundary,quarter,1185,1185.251638,,,,0.25
547219.161,boundary,half,1185,1185.505137,,,,
547339.547,boundary,quarter,1185,1185.760801,,,,0.75
547433.105,callback,beat,1186,1185.953633,909.000,914.000,5.000,
547433.274,callback,grid,1186,1185.953633,909.000,914.000,5.000,
547453.739,boundary,beat,1186,1186.001300,,,,
547564.159,boundary,quarter,1186,1186.254798,,,,0.25
547681.436,boundary,half,1186,1186.503963,,,,
547798.753,boundary,quarter,1186,1186.750961,,,,0.75
547904.445,callback,beat,1187,1186.974126,1379.000,1385.000,6.000,
547904.630,callback,grid,1187,1186.974126,1379.000,1385.000,6.000,
547918.299,boundary,beat,1187,1187.006626,,,,
548028.641,boundary,quarter,1187,1187.260124,,,,0.25
548148.871,boundary,half,1187,1187.517956,,,,
548263.243,boundary,quarter,1187,1187.756288,,,,0.75
548339.508,callback,bar,1188,1187.933953,1827.000,1828.000,1.000,
548339.650,callback,beat,1188,1187.933953,1827.000,1828.000,1.000,
548341.178,callback,grid,1188,1187.933953,1827.000,1828.000,1.000,
548380.528,boundary,beat,1188,1188.003286,,,,
548490.905,boundary,quarter,1188,1188.261118,,,,0.25
548608.240,boundary,half,1188,1188.508116,,,,
548725.634,boundary,quarter,1188,1188.752947,,,,0.75
548808.338,callback,beat,1189,1188.947946,2296.000,2296.000,0.000,
548808.534,callback,grid,1189,1188.947946,2296.000,2296.000,0.000,
548835.963,boundary,beat,1189,1189.010779,,,,
548953.868,boundary,quarter,1189,1189.259944,,,,0.25
549069.616,boundary,half,1189,1189.504776,,,,
549186.402,boundary,quarter,1189,1189.751774,,,,0.75
549283.295,callback,beat,1190,1189.974939,2765.000,2770.000,5.000,
549283.546,callback,grid,1190,1189.974939,2765.000,2770.000,5.000,
549297.066,boundary,beat,1190,1190.005272,,,,
549415.491,boundary,quarter,1190,1190.256604,,,,0.25
549531.941,boundary,half,1190,1190.503602,,,,
549642.120,boundary,quarter,1190,1190.757100,,,,0.75
549731.771,callback,beat,1191,1190.941266,3213.000,3216.000,3.000,
549731.925,callback,grid,1191,1190.941266,3213.000,3216.000,3.000,
549759.407,boundary,beat,1191,1191.006265,,,,
549876.682,boundary,quarter,1191,1191.251097,,,,0.25
549993.957,boundary,half,1191,1191.502428,,,,
550104.475,boundary,quarter,1191,1191.755927,,,,0.75
550200.964,callback,bar,1192,1191.959592,3683.000,3686.000,3.000,
550201.109,callback,beat,1192,1191.959592,3683.000,3686.000,3.000,
550201.328,callback,grid,1192,1191.959592,3683.000,3686.000,3.000,
550221.648,boundary,beat,1192,1192.005092,,,,
550338.956,boundary,quarter,1192,1192.254257,,,,0.25
550449.358,boundary,half,1192,1192.505588,,,,
550566.702,boundary,quarter,1192,1192.754753,,,,0.75
550670.256,callback,beat,1193,1192.973585,4152.000,4154.000,2.000,
550670.657,callback,grid,1193,1192.973585,4152.000,4154.000,2.000,
550683.998,boundary,beat,1193,1193.003918,,,,
550801.966,boundary,quarter,1193,1193.255250,,,,0.25
550911.698,boundary,half,1193,1193.506581,,,,
551029.904,boundary,quarter,1193,1193.760080,,,,0.75
551121.074,callback,beat,1194,1193.946412,4600.000,4603.000,3.000,
551121.521,callback,grid,1194,1193.946412,4600.000,4603.000,3.000,
551148.650,boundary,beat,1194,1194.007078,,,,
551265.956,boundary,quarter,1194,1194.256243,,,,0.25
551376.361,boundary,half,1194,1194.511908,,,,
551493.609,boundary,quarter,1194,1194.758906,,,,0.75
551590.246,callback,beat,1195,1194.960405,5069.000,5071.000,2.000,
551590.379,callback,grid,1195,1194.960405,5069.000,5071.000,2.000,
551610.934,boundary,beat,1195,1195.010238,,,,
551721.367,boundary,quarter,1195,1195.261569,,,,0.25
551838.775,boundary,half,1195,1195.512901,,,,
551955.974,boundary,quarter,1195,1195.759899,,,,0.75
552032.105,callback,bar,1196,1195.935398,5517.000,5521.000,4.000,
552032.826,callback,beat,1196,1195.935398,5517.000,5521.000,4.000,
552033.342,callback,grid,1196,1195.935398,5517.000,5521.000,4.000,
552073.281,boundary,beat,1196,1196.006897,,,,
552183.875,boundary,quarter,1196,1196.264729,,,,0.25
552301.105,boundary,half,1196,1196.509561,,,,
552418.239,boundary,quarter,1196,1196.758725,,,,0.75
552501.059,callback,beat,1197,1196.951557,5987.000,5990.000,3.000,
552501.217,callback,grid,1197,1196.951557,5987.000,5990.000,3.000,
552535.540,boundary,beat,1197,1197.005724,,,,
552645.981,boundary,quarter,1197,1197.261389,,,,0.25
552763.213,boundary,half,1197,1197.510554,,,,
552880.544,boundary,quarter,1197,1197.755385,,,,0.75
552971.355,callback,beat,1198,1197.967717,6456.000,6459.000,3.000,
552971.575,callback,grid,1198,1197.967717,6456.000,6459.000,3.000,
552990.944,boundary,beat,1198,1198.013217,,,,
553108.250,boundary,quarter,1198,1198.260215,,,,0.25
553225.651,boundary,half,1198,1198.507213,,,,
553335.987,boundary,quarter,1198,1198.760712,,,,0.75
553420.971,callback,beat,1199,1198.938377,6904.000,6907.000,3.000,
553421.112,callback,grid,1199,1198.938377,6904.000,6907.000,3.000,
553453.267,boundary,beat,1199,1199.009877,,,,
553570.568,boundary,quarter,1199,1199.259041,,,,0.25
553687.876,boundary,half,1199,1199.508206,,,,
553798.234,boundary,quarter,1199,1199.761705,,,,0.75
553887.904,callback,bar,1200,1199.948037,7373.000,7373.000,0.000,
553888.025,callback,beat,1200,1199.948037,7373.000,7373.000,0.000,
553888.093,callback,grid,1200,1199.948037,7373.000,7373.000,0.000,
553915.524,boundary,beat,1200,1200.010870,,,,
553915.582,arrangement,layer,75,1200.010870,,,,false
554032.847,boundary,quarter,1200,1200.257868,,,,0.25
554150.850,boundary,half,1200,1200.509200,,,,
554261.563,boundary,quarter,1200,1200.762698,,,,0.75
554360.694,callback,beat,1201,1200.970696,7843.000,7845.000,2.000,
554360.841,callback,grid,1201,1200.970696,7843.000,7845.000,2.000,
554379.939,boundary,beat,1201,1201.014029,,,,
554496.061,boundary,quarter,1201,1201.261028,,,,0.25
554606.472,boundary,half,1201,1201.512359,,,,
554718.606,boundary,quarter,1201,1201.750691,,,,0.75
554813.686,callback,beat,1202,1201.947856,8291.000,8296.000,5.000,
554813.910,callback,grid,1202,1201.947856,8291.000,8296.000,5.000,
554844.331,boundary,beat,1202,1202.017189,,,,
554958.374,boundary,quarter,1202,1202.259854,,,,0.25
555061.828,boundary,half,1202,1202.500352,,,,
555186.054,boundary,quarter,1202,1202.760351,,,,0.75
555282.672,callback,beat,1203,1202.961849,8760.000,8764.000,4.000,
555282.834,callback,grid,1203,1202.961849,8760.000,8764.000,4.000,
555303.370,boundary,beat,1203,1203.009516,,,,
555420.670,boundary,quarter,1203,1203.256514,,,,0.25
555531.059,boundary,half,1203,1203.514345,,,,
555644.724,boundary,quarter,1203,1203.752677,,,,0.75
555752.178,callback,bar,1204,1203.978009,9229.000,9233.000,4.000,
555752.397,callback,beat,1204,1203.978009,9229.000,9233.000,4.000,
555752.625,callback,grid,1204,1203.978009,9229.000,9233.000,4.000,
555765.645,boundary,beat,1204,1204.006175,,,,
555876.034,boundary,quarter,1204,1204.264007,,,,0.25
555993.356,boundary,half,1204,1204.511005,,,,
556110.659,boundary,quarter,1204,1204.760170,,,,0.75
556193.487,callback,beat,1205,1204.950835,9677.000,9682.000,5.000,
556193.647,callback,grid,1205,1204.950835,9677.000,9682.000,5.000,
556227.962,boundary,beat,1205,1205.009335,,,,
556338.364,boundary,quarter,1205,1205.265000,,,,0.25
556455.639,boundary,half,1205,1205.509832,,,,
556572.956,boundary,quarter,1205,1205.758997,,,,0.75
556662.619,callback,beat,1206,1205.966995,10147.000,10151.000,4.000,
556662.736,callback,grid,1206,1205.966995,10147.000,10151.000,4.000,
556683.393,boundary,beat,1206,1206.012495,,,,
556800.661,boundary,quarter,1206,1206.261660,,,,0.25
556917.943,boundary,half,1206,1206.512991,,,,
557036.288,boundary,quarter,1206,1206.759990,,,,0.75
557111.180,callback,beat,1207,1206.935488,10595.000,10598.000,3.000,
557111.650,callback,grid,1207,1206.935488,10595.000,10598.000,3.000,
557146.282,boundary,beat,1207,1207.013488,,,,
557262.949,boundary,quarter,1207,1207.262653,,,,0.25
557380.233,boundary,half,1207,1207.509651,,,,
557486.008,boundary,quarter,1207,1207.752316,,,,0.75
557580.317,callback,bar,1208,1207.949481,11064.000,11066.000,2.000,
557580.450,callback,beat,1208,1207.949481,11064.000,11066.000,2.000,
557580.534,callback,grid,1208,1207.949481,11064.000,11066.000,2.000,
557607.983,boundary,beat,1208,1208.012314,,,,
557725.265,boundary,quarter,1208,1208.259313,,,,0.25
557842.531,boundary,half,1208,1208.508478,,,,
557952.961,boundary,quarter,1208,1208.764142,,,,0.75
558049.679,callback,beat,1209,1208.963474,11533.000,11534.000,1.000,
558049.880,callback,grid,1209,1208.963474,11533.000,11534.000,1.000,
558070.239,boundary,beat,1209,1209.013307,,,,
558187.676,boundary,quarter,1209,1209.258139,,,,0.25
558304.581,boundary,half,1209,1209.505137,,,,
558411.219,boundary,quarter,1209,1209.754302,,,,0.75
558499.442,callback,beat,1210,1209.934134,11981.000,11982.000,1.000,
558499.624,callback,grid,1210,1209.934134,11981.000,11982.000,1.000,
558536.073,boundary,beat,1210,1210.018634,,,,
558648.729,boundary,quarter,1210,1210.256965,,,,0.25
558755.253,boundary,half,1210,1210.501797,,,,
558876.498,boundary,quarter,1210,1210.757462,,,,0.75
558973.042,callback,beat,1211,1210.961127,12451.000,12456.000,5.000,
558973.214,callback,grid,1211,1210.961127,12451.000,12456.000,5.000,
558993.723,boundary,beat,1211,1211.006627,,,,
559111.118,boundary,quarter,1211,1211.255792,,,,0.25
559221.424,boundary,half,1211,1211.511457,,,,
559338.722,boundary,quarter,1211,1211.758455,,,,0.75
559442.245,callback,bar,1212,1211.975120,12920.000,12924.000,4.000,
559442.441,callback,beat,1212,1211.975120,12920.000,12924.000,4.000,
559442.757,callback,grid,1212,1211.975120,12920.000,12924.000,4.000,
559456.044,boundary,beat,1212,1212.005453,,,,
559566.454,boundary,quarter,1212,1212.258952,,,,0.25
559683.805,boundary,half,1212,1212.510283,,,,
559801.020,boundary,quarter,1212,1212.759448,,,,0.75
559892.478,callback,beat,1213,1212.947947,13368.000,13372.000,4.000,
559892.631,callback,grid,1213,1212.947947,13368.000,13372.000,4.000,
559918.301,boundary,beat,1213,1213.004280,,,,
560028.736,boundary,quarter,1213,1213.262111,,,,0.25
560146.028,boundary,half,1213,1213.509110,,,,
560263.349,boundary,quarter,1213,1213.756108,,,,0.75
560353.052,callback,beat,1214,1213.964106,13837.000,13842.000,5.000,
560353.204,callback,grid,1214,1213.964106,13837.000,13842.000,5.000,
560373.708,boundary,beat,1214,1214.009606,,,,
560491.051,boundary,quarter,1214,1214.258771,,,,0.25
560608.318,boundary,half,1214,1214.507936,,,,
560725.675,boundary,quarter,1214,1214.754934,,,,0.75
560822.705,callback,beat,1215,1214.982433,14307.000,14312.000,5.000,
560823.064,callback,grid,1215,1214.982433,14307.000,14312.000,5.000,
560836.077,boundary,beat,1215,1215.010599,,,,
560950.454,boundary,quarter,1215,1215.253264,,,,0.25
561073.613,boundary,half,1215,1215.511096,,,,
561191.193,boundary,quarter,1215,1215.762427,,,,0.75
561294.387,boundary,beat,1216,1216.000759,,,,
561294.448,arrangement,transition,76,1216.000759,,,,loop
561418.569,boundary,quarter,1216,1216.265091,,,,0.25
561536.073,boundary,half,1216,1216.512089,,,,
561639.373,boundary,quarter,1216,1216.750421,,,,0.75
561742.880,callback,beat,1217,1216.969252,455.000,460.000,5.000,
561743.042,callback,grid,1217,1216.969252,455.000,460.000,5.000,
561763.573,boundary,beat,1217,1217.014752,,,,
561880.872,boundary,quarter,1217,1217.263917,,,,0.25
561998.508,boundary,half,1217,1217.513082,,,,
562101.706,boundary,quarter,1217,1217.751414,,,,0.75
562191.755,callback,beat,1218,1217.937746,903.000,907.000,4.000,
562191.994,callback,grid,1218,1217.937746,903.000,907.000,4.000,
562225.898,boundary,beat,1218,1218.013578,,,,
562345.333,boundary,quarter,1218,1218.267077,,,,0.25
562461.107,boundary,half,1218,1218.511908,,,,
562570.872,boundary,quarter,1218,1218.767573,,,,0.75
562661.933,callback,beat,1219,1218.953905,1372.000,1376.000,4.000,
562662.075,callback,grid,1219,1218.953905,1372.000,1376.000,4.000,
562689.465,boundary,beat,1219,1219.014572,,,,
562806.775,boundary,quarter,1219,1219.263737,,,,0.25
562910.258,boundary,half,1219,1219.504235,,,,
563027.537,boundary,quarter,1219,1219.751233,,,,0.75
563131.077,callback,bar,1220,1219.967898,1841.000,1844.000,3.000,
563131.245,callback,beat,1220,1219.967898,1841.000,1844.000,3.000,
563131.368,callback,grid,1220,1219.967898,1841.000,1844.000,3.000,
563152.881,boundary,beat,1220,1220.019898,,,,
563264.676,boundary,quarter,1220,1220.251730,,,,0.25
563375.762,boundary,half,1220,1220.509561,,,,
563492.984,boundary,quarter,1220,1220.758726,,,,0.75
563583.073,callback,beat,1221,1220.947225,2289.000,2294.000,5.000,
563583.311,callback,grid,1221,1220.947225,2289.000,2294.000,5.000,
563610.384,boundary,beat,1221,1221.005724,,,,
563721.226,boundary,quarter,1221,1221.259223,,,,0.25
563838.672,boundary,half,1221,1221.510554,,,,
563956.102,boundary,quarter,1221,1221.757553,,,,0.75
564051.877,callback,beat,1222,1221.961218,2759.000,2763.000,4.000,
564052.011,callback,grid,1222,1221.961218,2759.000,2763.000,4.000,
564072.637,boundary,beat,1222,1222.004551,,,,
564182.973,boundary,quarter,1222,1222.260216,,,,0.25
564300.267,boundary,half,1222,1222.509381,,,,
564418.157,boundary,quarter,1222,1222.756379,,,,0.75
564509.340,callback,beat,1223,1222.968711,3228.000,3229.000,1.000,
564512.346,callback,grid,1223,1222.968711,3228.000,3229.000,1.000,
564530.290,boundary,beat,1223,1223.014211,,,,
564645.351,boundary,quarter,1223,1223.259042,,,,0.25
564762.830,boundary,half,1223,1223.508207,,,,
564880.504,boundary,quarter,1223,1223.757372,,,,0.75
564963.162,callback,bar,1224,1223.948037,3676.000,3681.000,5.000,
564963.783,callback,beat,1224,1223.948037,3676.000,3681.000,5.000,
564964.614,callback,grid,1224,1223.948037,3676.000,3681.000,5.000,
564990.287,boundary,beat,1224,1224.008704,,,,
565107.611,boundary,quarter,1224,1224.255702,,,,0.25
565224.883,boundary,half,1224,1224.507034,,,,
565342.178,boundary,quarter,1224,1224.754032,,,,0.75
565431.881,callback,beat,1225,1224.962030,4145.000,4149.000,4.000,
565432.089,callback,grid,1225,1224.962030,4145.000,4149.000,4.000,
565452.564,boundary,beat,1225,1225.009697,,,,
565569.925,boundary,quarter,1225,1225.256695,,,,0.25
565687.175,boundary,half,1225,1225.503693,,,,
565797.697,boundary,quarter,1225,1225.761525,,,,0.75
565901.061,callback,beat,1226,1225.978190,4615.000,4618.000,3.000,
565901.234,callback,grid,1226,1225.978190,4615.000,4618.000,3.000,
565914.877,boundary,beat,1226,1226.008523,,,,
566032.175,boundary,quarter,1226,1226.257688,,,,0.25
566149.500,boundary,half,1226,1226.502520,,,,
566259.861,boundary,quarter,1226,1226.760351,,,,0.75
566349.587,callback,beat,1227,1226.944517,5063.000,5064.000,1.000,
566349.755,callback,grid,1227,1226.944517,5063.000,5064.000,1.000,
566377.164,boundary,beat,1227,1227.007350,,,,
566494.468,boundary,quarter,1227,1227.254348,,,,0.25
566604.914,boundary,half,1227,1227.507846,,,,
566722.212,boundary,quarter,1227,1227.757011,,,,0.75
566818.740,callback,bar,1228,1227.960676,5532.000,5533.000,1.000,
566818.848,callback,beat,1228,1227.960676,5532.000,5533.000,1.000,
566818.939,callback,grid,1228,1227.960676,5532.000,5533.000,1.000,
566839.762,boundary,beat,1228,1228.008343,,,,
566956.802,boundary,quarter,1228,1228.255341,,,,0.25
567067.206,boundary,half,1228,1228.508839,,,,
567184.472,boundary,quarter,1228,1228.758004,,,,0.75
567274.219,callback,beat,1229,1228.942170,5980.000,5986.000,6.000,
567274.364,callback,grid,1229,1228.942170,5980.000,5986.000,6.000,
567301.983,boundary,beat,1229,1229.005002,,,,
567414.372,boundary,quarter,1229,1229.262834,,,,0.25
567532.801,boundary,half,1229,1229.516332,,,,
567646.104,boundary,quarter,1229,1229.754664,,,,0.75
567742.628,callback,beat,1230,1229.960496,6449.000,6453.000,4.000,
567742.763,callback,grid,1230,1229.960496,6449.000,6453.000,4.000,
567764.250,boundary,beat,1230,1230.005996,,,,
567873.712,boundary,quarter,1230,1230.257327,,,,0.25
567991.006,boundary,half,1230,1230.506492,,,,
568108.346,boundary,quarter,1230,1230.753490,,,,0.75
568216.583,callback,beat,1231,1230.980989,6919.000,6927.000,8.000,
568218.253,callback,grid,1231,1230.980989,6919.000,6927.000,8.000,
568227.738,boundary,beat,1231,1231.009155,,,,
568337.258,boundary,quarter,1231,1231.260487,,,,0.25
568454.558,boundary,half,1231,1231.505319,,,,
568571.875,boundary,quarter,1231,1231.756650,,,,0.75
568647.715,callback,bar,1232,1231.934316,7367.000,7367.000,0.000,
568647.840,callback,beat,1232,1231.934316,7367.000,7367.000,0.000,
568647.924,callback,grid,1232,1231.934316,7367.000,7367.000,0.000,
568682.277,boundary,beat,1232,1232.010148,,,,
568682.371,arrangement,layer,77,1232.010148,,,,true
568801.948,boundary,quarter,1232,1232.265813,,,,0.25
568916.829,boundary,half,1232,1232.508478,,,,
569034.119,boundary,quarter,1232,1232.753310,,,,0.75
569123.881,callback,beat,1233,1232.963475,7836.000,7842.000,6.000,
569124.037,callback,grid,1233,1232.963475,7836.000,7842.000,6.000,
569144.540,boundary,beat,1233,1233.008975,,,,
569261.874,boundary,quarter,1233,1233.258140,,,,0.25
569379.123,boundary,half,1233,1233.507305,,,,
569496.424,boundary,quarter,1233,1233.754303,,,,0.75
569593.041,callback,beat,1234,1233.977468,8305.000,8310.000,5.000,
569593.623,callback,grid,1234,1233.977468,8305.000,8310.000,5.000,
569606.888,boundary,beat,1234,1234.007801,,,,
569724.170,boundary,quarter,1234,1234.256966,,,,0.25
569841.441,boundary,half,1234,1234.503964,,,,
569953.020,boundary,quarter,1234,1234.763963,,,,0.75
570041.542,callback,beat,1235,1234.943795,8753.000,8756.000,3.000,
570041.665,callback,grid,1235,1234.943795,8753.000,8756.000,3.000,
570069.184,boundary,beat,1235,1235.008794,,,,
570190.531,boundary,quarter,1235,1235.266626,,,,0.25
570320.941,boundary,half,1235,1235.546124,,,,
570412.654,boundary,quarter,1235,1235.754122,,,,0.75
570517.238,callback,bar,1236,1235.975121,9223.000,9232.000,9.000,
570517.392,callback,beat,1236,1235.975121,9223.000,9232.000,9.000,
570519.208,callback,grid,1236,1235.975121,9223.000,9232.000,9.000,
570528.193,boundary,beat,1236,1236.001121,,,,
570652.428,boundary,quarter,1236,1236.263286,,,,0.25
570756.613,boundary,half,1236,1236.503784,,,,
570876.713,boundary,quarter,1236,1236.757282,,,,0.75
570977.771,callback,beat,1237,1236.971781,9692.000,9692.000,0.000,
570978.114,callback,grid,1237,1236.971781,9692.000,9692.000,0.000,
570998.478,boundary,beat,1237,1237.017280,,,,
571108.870,boundary,quarter,1237,1237.251279,,,,0.25
571219.319,boundary,half,1237,1237.504777,,,,
571343.457,boundary,quarter,1237,1237.769109,,,,0.75
571433.153,callback,beat,1238,1237.953274,10140.000,10145.000,5.000,
571433.301,callback,grid,1238,1237.953274,10140.000,10145.000,5.000,
571453.867,boundary,beat,1238,1238.000940,,,,
571564.231,boundary,quarter,1238,1238.254439,,,,0.25
571681.550,boundary,half,1238,1238.503603,,,,
571798.874,boundary,quarter,1238,1238.752768,,,,0.75
571902.400,callback,beat,1239,1238.971600,10609.000,10613.000,4.000,
571902.558,callback,grid,1239,1238.971600,10609.000,10613.000,4.000,
571923.069,boundary,beat,1239,1239.017100,,,,
572026.569,boundary,quarter,1239,1239.255432,,,,0.25
572143.847,boundary,half,1239,1239.502430,,,,
572261.232,boundary,quarter,1239,1239.751595,,,,0.75
572345.573,callback,bar,1240,1239.944427,11057.000,11064.000,7.000,
572345.812,callback,beat,1240,1239.944427,11057.000,11064.000,7.000,
572346.670,callback,grid,1240,1239.944427,11057.000,11064.000,7.000,
572379.918,boundary,beat,1240,1240.002926,,,,
572490.356,boundary,quarter,1240,1240.258591,,,,0.25
572607.840,boundary,half,1240,1240.505590,,,,
572725.998,boundary,quarter,1240,1240.754755,,,,0.75
572810.109,callback,beat,1241,1240.951920,11527.000,11529.000,2.000,
572811.173,callback,grid,1241,1240.951920,11527.000,11529.000,2.000,
572836.097,boundary,beat,1241,1241.010419,,,,
572952.834,boundary,quarter,1241,1241.257418,,,,0.25
573070.113,boundary,half,1241,1241.506583,,,,
573187.257,boundary,quarter,1241,1241.751414,,,,0.75
573283.853,callback,beat,1242,1241.976746,11996.000,12002.000,6.000,
573284.032,callback,grid,1242,1241.976746,11996.000,12002.000,6.000,
573297.630,boundary,beat,1242,1242.009246,,,,
573414.927,boundary,quarter,1242,1242.256244,,,,0.25
573532.228,boundary,half,1242,1242.503242,,,,
573642.672,boundary,quarter,1242,1242.756741,,,,0.75
573732.348,callback,beat,1243,1242.943073,12444.000,12448.000,4.000,
573732.499,callback,grid,1243,1242.943073,12444.000,12448.000,4.000,
573759.914,boundary,beat,1243,1243.005906,,,,
573877.201,boundary,quarter,1243,1243.252904,,,,0.25
573994.769,boundary,half,1243,1243.504236,,,,
574106.023,boundary,quarter,1243,1243.759900,,,,0.75
574203.128,callback,bar,1244,1243.961399,12913.000,12918.000,5.000,
574203.304,callback,beat,1244,1243.961399,12913.000,12918.000,5.000,
574204.125,callback,grid,1244,1243.961399,12913.000,12918.000,5.000,
574223.816,boundary,beat,1244,1244.011232,,,,
574341.090,boundary,quarter,1244,1244.256064,,,,0.25
574451.479,boundary,half,1244,1244.509562,,,,
574569.019,boundary,quarter,1244,1244.760894,,,,0.75
574672.304,callback,beat,1245,1244.977559,13383.000,13387.000,4.000,
574672.454,callback,grid,1245,1244.977559,13383.000,13387.000,4.000,
574686.081,boundary,beat,1245,1245.007892,,,,
574803.394,boundary,quarter,1245,1245.257057,,,,0.25
574913.774,boundary,half,1245,1245.510555,,,,
575031.068,boundary,quarter,1245,1245.759720,,,,0.75
575120.774,callback,beat,1246,1245.946052,13831.000,13834.000,3.000,
575120.909,callback,grid,1246,1245.946052,13831.000,13834.000,3.000,
575148.348,boundary,beat,1246,1246.006718,,,,
575265.681,boundary,quarter,1246,1246.255883,,,,0.25
575376.088,boundary,half,1246,1246.511548,,,,
575493.363,boundary,quarter,1246,1246.756380,,,,0.75
575590.076,callback,beat,1247,1246.960045,14300.000,14302.000,2.000,
575590.292,callback,grid,1247,1246.960045,14300.000,14302.000,2.000,
575610.665,boundary,beat,1247,1247.007711,,,,
575721.121,boundary,quarter,1247,1247.261210,,,,0.25
575838.452,boundary,half,1247,1247.510375,,,,
575955.727,boundary,quarter,1247,1247.759539,,,,0.75
576073.521,boundary,beat,1248,1248.004371,,,,
576073.577,arrangement,transition,78,1248.004371,,,,alternate
576183.412,boundary,quarter,1248,1248.260036,,,,0.25
576301.580,boundary,half,1248,1248.509201,,,,
576418.287,boundary,quarter,1248,1248.758366,,,,0.75
576503.151,callback,beat,1249,1248.953365,448.000,453.000,5.000,
576503.290,callback,grid,1249,1248.953365,448.000,453.000,5.000,
576535.330,boundary,beat,1249,1249.003198,,,,
576645.762,boundary,quarter,1249,1249.258862,,,,0.25
576763.015,boundary,half,1249,1249.508027,,,,
576880.304,boundary,quarter,1249,1249.755026,,,,0.75
576970.015,callback,beat,1250,1249.963024,917.000,919.000,2.000,
576970.163,callback,grid,1250,1249.963024,917.000,919.000,2.000,
576990.738,boundary,beat,1250,1250.012857,,,,
577108.040,boundary,quarter,1250,1250.255522,,,,0.25
577225.302,boundary,half,1250,1250.504687,,,,
577335.756,boundary,quarter,1250,1250.760352,,,,0.75
577418.491,callback,beat,1251,1250.929351,1365.000,1365.000,0.000,
577418.594,callback,grid,1251,1250.929351,1365.000,1365.000,0.000,
577453.097,boundary,beat,1251,1251.009517,,,,
577570.325,boundary,quarter,1251,1251.258682,,,,0.25
577687.922,boundary,half,1251,1251.505680,,,,
577798.270,boundary,quarter,1251,1251.759178,,,,0.75
577887.695,callback,bar,1252,1251.947677,1835.000,1835.000,0.000,
577887.802,callback,beat,1252,1251.947677,1835.000,1835.000,0.000,
577887.873,callback,grid,1252,1251.947677,1835.000,1835.000,0.000,
577915.315,boundary,beat,1252,1252.008343,,,,
578032.630,boundary,quarter,1252,1252.257508,,,,0.25
578149.908,boundary,half,1252,1252.506673,,,,
578260.310,boundary,quarter,1252,1252.758005,,,,0.75
578357.938,callback,beat,1253,1252.963837,2304.000,2304.000,0.000,
578358.286,callback,grid,1253,1252.963837,2304.000,2304.000,0.000,
578377.850,boundary,beat,1253,1253.009337,,,,
578493.092,boundary,quarter,1253,1253.252002,,,,0.25
578602.434,boundary,half,1253,1253.503333,,,,
578719.757,boundary,quarter,1253,1253.754665,,,,0.75
578809.465,callback,beat,1254,1253.936663,2752.000,2753.000,1.000,
578809.684,callback,grid,1254,1253.936663,2752.000,2753.000,1.000,
578843.952,boundary,beat,1254,1254.014663,,,,
578961.257,boundary,quarter,1254,1254.263828,,,,0.25
579064.814,boundary,half,1254,1254.504326,,,,
579182.064,boundary,quarter,1254,1254.751324,,,,0.75
579279.240,callback,beat,1255,1254.952823,3221.000,3222.000,1.000,
579279.393,callback,grid,1255,1254.952823,3221.000,3222.000,1.000,
579299.368,boundary,beat,1255,1255.000489,,,,
579423.559,boundary,quarter,1255,1255.260488,,,,0.25
579527.070,boundary,half,1255,1255.500986,,,,
579647.820,boundary,quarter,1255,1255.758818,,,,0.75
579749.918,callback,bar,1256,1255.971149,3691.000,3692.000,1.000,
579750.082,callback,beat,1256,1255.971149,3691.000,3692.000,1.000,
579750.298,callback,grid,1256,1255.971149,3691.000,3692.000,1.000,
579762.798,boundary,beat,1256,1256.001482,,,,
579873.218,boundary,quarter,1256,1256.257147,,,,0.25
579990.561,boundary,half,1256,1256.501979,,,,
580108.171,boundary,quarter,1256,1256.753311,,,,0.75
580191.516,callback,beat,1257,1256.946143,4139.000,4142.000,3.000,
580191.671,callback,grid,1257,1256.946143,4139.000,4142.000,3.000,
580225.121,boundary,beat,1257,1257.000309,,,,
580335.531,boundary,quarter,1257,1257.253807,,,,0.25
580452.770,boundary,half,1257,1257.505139,,,,
580576.992,boundary,quarter,1257,1257.765137,,,,0.75
580659.798,callback,beat,1258,1257.960136,4608.000,4610.000,2.000,
580660.002,callback,grid,1258,1257.960136,4608.000,4610.000,2.000,
580680.517,boundary,beat,1258,1258.003469,,,,
580797.820,boundary,quarter,1258,1258.254800,,,,0.25
580915.118,boundary,half,1258,1258.501799,,,,
581033.479,boundary,quarter,1258,1258.750963,,,,0.75
581108.327,callback,beat,1259,1258.926462,5056.000,5056.000,0.000,
581108.457,callback,grid,1259,1258.926462,5056.000,5056.000,0.000,
581153.382,boundary,beat,1259,1259.030462,,,,
581266.283,boundary,quarter,1259,1259.266627,,,,0.25
581382.194,boundary,half,1259,1259.511458,,,,
581486.401,boundary,quarter,1259,1259.751957,,,,0.75
581582.335,callback,bar,1260,1259.951289,5525.000,5529.000,4.000,
581582.476,callback,beat,1260,1259.951289,5525.000,5529.000,4.000,
581585.060,callback,grid,1260,1259.951289,5525.000,5529.000,4.000,
581608.425,boundary,beat,1260,1260.011955,,,,
581725.721,boundary,quarter,1260,1260.258953,,,,0.25
581842.990,boundary,half,1260,1260.508118,,,,
581953.535,boundary,quarter,1260,1260.761616,,,,0.75
582059.374,callback,beat,1261,1260.984781,5995.000,6006.000,11.000,
582059.717,callback,grid,1261,1260.984781,5995.000,6006.000,11.000,
582072.939,boundary,beat,1261,1261.017281,,,,
582189.300,boundary,quarter,1261,1261.262113,,,,0.25
582302.632,boundary,half,1261,1261.500444,,,,
582417.281,boundary,quarter,1261,1261.764776,,,,0.75
582500.083,callback,beat,1262,1261.935941,6443.000,6445.000,2.000,
582500.204,callback,grid,1262,1261.935941,6443.000,6445.000,2.000,
582534.582,boundary,beat,1262,1262.013941,,,,
582651.898,boundary,quarter,1262,1262.263106,,,,0.25
582755.404,boundary,half,1262,1262.501438,,,,
582879.631,boundary,quarter,1262,1262.767936,,,,0.75
582969.882,callback,beat,1263,1262.952101,6912.000,6914.000,2.000,
582970.793,callback,grid,1263,1262.952101,6912.000,6914.000,2.000,
582997.416,boundary,beat,1263,1263.012767,,,,
583110.160,boundary,quarter,1263,1263.251099,,,,0.25
583218.685,boundary,half,1263,1263.504597,,,,
583337.216,boundary,quarter,1263,1263.753762,,,,0.75
583440.730,callback,bar,1264,1263.970427,7381.000,7384.000,3.000,
583441.066,callback,beat,1264,1263.970427,7381.000,7384.000,3.000,
583441.190,callback,grid,1264,1263.970427,7381.000,7384.000,3.000,
583461.407,boundary,beat,1264,1264.018094,,,,
583462.194,arrangement,layer,79,1264.018094,,,,false
583565.042,boundary,quarter,1264,1264.254259,,,,0.25
583682.173,boundary,half,1264,1264.503424,,,,
583799.525,boundary,quarter,1264,1264.752589,,,,0.75
583889.141,callback,beat,1265,1264.941087,7829.000,7830.000,1.000,
583889.244,callback,grid,1265,1264.941087,7829.000,7830.000,1.000,
583916.787,boundary,beat,1265,1265.001754,,,,
584027.204,boundary,quarter,1265,1265.253085,,,,0.25
584144.486,boundary,half,1265,1265.502250,,,,
584261.795,boundary,quarter,1265,1265.751415,,,,0.75
584351.500,callback,beat,1266,1265.959414,8299.000,8302.000,3.000,
584351.629,callback,grid,1266,1265.959414,8299.000,8302.000,3.000,
584372.170,boundary,beat,1266,1266.004913,,,,
584489.444,boundary,quarter,1266,1266.254078,,,,0.25
584606.752,boundary,half,1266,1266.501077,,,,
584724.108,boundary,quarter,1266,1266.750242,,,,0.75
584820.666,callback,beat,1267,1266.975573,8768.000,8771.000,3.000,
584820.798,callback,grid,1267,1266.975573,8768.000,8771.000,3.000,
584834.446,boundary,beat,1267,1267.003740,,,,
584951.846,boundary,quarter,1267,1267.255071,,,,0.25
585069.070,boundary,half,1267,1267.502070,,,,
585193.248,boundary,quarter,1267,1267.766401,,,,0.75
585269.182,callback,bar,1268,1267.941900,9216.000,9217.000,1.000,
585269.419,callback,beat,1268,1267.941900,9216.000,9217.000,1.000,
585269.571,callback,grid,1268,1267.941900,9216.000,9217.000,1.000,
585297.657,boundary,beat,1268,1268.006899,,,,
585414.112,boundary,quarter,1268,1268.251731,,,,0.25
585532.436,boundary,half,1268,1268.503063,,,,
585641.399,boundary,quarter,1268,1268.754394,,,,0.75
585738.391,callback,beat,1269,1268.955893,9685.000,9685.000,0.000,
585738.543,callback,grid,1269,1268.955893,9685.000,9685.000,0.000,
585759.152,boundary,beat,1269,1269.005726,,,,
585876.405,boundary,quarter,1269,1269.250558,,,,0.25
586000.645,boundary,half,1269,1269.517056,,,,
586105.117,boundary,quarter,1269,1269.757554,,,,0.75
586187.985,callback,beat,1270,1269.926553,10133.000,10133.000,0.000,
586189.541,callback,grid,1270,1269.926553,10133.000,10133.000,0.000,
586223.920,boundary,beat,1270,1270.008886,,,,
586339.663,boundary,quarter,1270,1270.255884,,,,0.25
586456.971,boundary,half,1270,1270.500716,,,,
586567.676,boundary,quarter,1270,1270.754214,,,,0.75
586663.979,callback,beat,1271,1270.957879,10603.000,10609.000,6.000,
586664.107,callback,grid,1271,1270.957879,10603.000,10609.000,6.000,
586684.838,boundary,beat,1271,1271.005545,,,,
586802.480,boundary,quarter,1271,1271.252544,,,,0.25
586913.559,boundary,half,1271,1271.512542,,,,
587029.884,boundary,quarter,1271,1271.755207,,,,0.75
587133.305,callback,bar,1272,1271.971872,11072.000,11077.000,5.000,
587133.567,callback,beat,1272,1271.971872,11072.000,11077.000,5.000,
587136.718,callback,grid,1272,1271.971872,11072.000,11077.000,5.000,
587146.986,boundary,beat,1272,1272.002205,,,,
587257.408,boundary,quarter,1272,1272.255703,,,,0.25
587374.573,boundary,half,1272,1272.507035,,,,
587491.970,boundary,quarter,1272,1272.756200,,,,0.75
587581.641,callback,beat,1273,1272.944699,11520.000,11524.000,4.000,
587581.773,callback,grid,1273,1272.944699,11520.000,11524.000,4.000,
587609.311,boundary,beat,1273,1273.001032,,,,
587719.643,boundary,quarter,1273,1273.256697,,,,0.25
587836.963,boundary,half,1273,1273.505861,,,,
587954.694,boundary,quarter,1273,1273.755026,,,,0.75
588050.890,callback,beat,1274,1273.958692,11989.000,11992.000,3.000,
588051.062,callback,grid,1274,1273.958692,11989.000,11992.000,3.000,
588071.588,boundary,beat,1274,1274.004191,,,,
588181.968,boundary,quarter,1274,1274.255523,,,,0.25
588300.455,boundary,half,1274,1274.506855,,,,
588417.727,boundary,quarter,1274,1274.756019,,,,0.75
588508.552,callback,beat,1275,1274.966185,12459.000,12459.000,0.000,
588509.218,callback,grid,1275,1274.966185,12459.000,12459.000,0.000,
588528.876,boundary,beat,1275,1275.009518,,,,
588645.541,boundary,quarter,1275,1275.260849,,,,0.25
588762.889,boundary,half,1275,1275.505681,,,,
588880.045,boundary,quarter,1275,1275.754846,,,,0.75
588962.861,callback,bar,1276,1275.947678,12907.000,12912.000,5.000,
588963.042,callback,beat,1276,1275.947678,12907.000,12912.000,5.000,
588963.126,callback,grid,1276,1275.947678,12907.000,12912.000,5.000,
588990.428,boundary,beat,1276,1276.008344,,,,
589107.775,boundary,quarter,1276,1276.259676,,,,0.25
589225.043,boundary,half,1276,1276.506674,,,,
589342.426,boundary,quarter,1276,1276.751506,,,,0.75
589431.528,callback,beat,1277,1276.959504,13376.000,13379.000,3.000,
589431.694,callback,grid,1277,1276.959504,13376.000,13379.000,3.000,
589452.808,boundary,beat,1277,1277.009337,,,,
589570.058,boundary,quarter,1277,1277.256336,,,,0.25
589687.379,boundary,half,1277,1277.503334,,,,
589797.759,boundary,quarter,1277,1277.761165,,,,0.75
589901.309,callback,beat,1278,1277.973497,13845.000,13847.000,2.000,
589901.492,callback,grid,1278,1277.973497,13845.000,13847.000,2.000,
589915.045,boundary,beat,1278,1278.003830,,,,
590080.707,boundary,quarter,1278,1278.367828,,,,0.25
590178.047,boundary,half,1278,1278.571493,,,,
590266.481,boundary,quarter,1278,1278.770825,,,,0.75
590347.674,callback,beat,1279,1278.939824,14293.000,14293.000,0.000,
590347.854,callback,grid,1279,1278.939824,14293.000,14293.000,0.000,
590375.126,boundary,beat,1279,1279.002657,,,,
590499.334,boundary,quarter,1279,1279.264822,,,,0.25
590603.986,boundary,half,1279,1279.505320,,,,
590720.118,boundary,quarter,1279,1279.752318,,,,0.75
590845.037,boundary,beat,1280,1280.016650,,,,
590845.100,arrangement,transition,80,1280.016650,,,,loop
590954.717,boundary,quarter,1280,1280.250648,,,,0.25
591065.116,boundary,half,1280,1280.501980,,,,
591182.426,boundary,quarter,1280,1280.751145,,,,0.75
591272.092,callback,beat,1281,1280.937477,442.000,446.000,4.000,
591272.232,callback,grid,1281,1280.937477,442.000,446.000,4.000,
591299.729,boundary,beat,1281,1281.000310,,,,
591410.481,boundary,quarter,1281,1281.253808,,,,0.25
591527.374,boundary,half,1281,1281.502973,,,,
591651.608,boundary,quarter,1281,1281.769471,,,,0.75
591741.280,callback,beat,1282,1281.955803,911.000,914.000,3.000,
591741.378,callback,grid,1282,1281.955803,911.000,914.000,3.000,
591768.882,boundary,beat,1282,1282.014303,,,,
591872.368,boundary,quarter,1282,1282.252634,,,,0.25
591989.688,boundary,half,1282,1282.503966,,,,
592107.339,boundary,quarter,1282,1282.750964,,,,0.75
592211.301,callback,beat,1283,1282.971963,1380.000,1383.000,3.000,
592211.482,callback,grid,1283,1282.971963,1380.000,1383.000,3.000,
592231.228,boundary,beat,1283,1283.015296,,,,
592334.726,boundary,quarter,1283,1283.253627,,,,0.25
592452.135,boundary,half,1283,1283.500626,,,,
592570.360,boundary,quarter,1283,1283.751957,,,,0.75
592655.633,callback,bar,1284,1283.949123,1828.000,1836.000,8.000,
592656.054,callback,beat,1284,1283.949123,1828.000,1836.000,8.000,
592656.384,callback,grid,1284,1283.949123,1828.000,1836.000,8.000,
592679.712,boundary,beat,1284,1284.005456,,,,
592797.002,boundary,quarter,1284,1284.250287,,,,0.25
592923.797,boundary,half,1284,1284.521119,,,,
593038.485,boundary,quarter,1284,1284.765950,,,,0.75
593121.462,callback,beat,1285,1284.956616,2298.000,2301.000,3.000,
593121.605,callback,grid,1285,1284.956616,2298.000,2301.000,3.000,
593143.165,boundary,beat,1285,1285.006449,,,,
593260.062,boundary,quarter,1285,1285.253447,,,,0.25
593380.350,boundary,half,1285,1285.509112,,,,
593501.282,boundary,quarter,1285,1285.762610,,,,0.75
593591.018,callback,beat,1286,1285.972775,2767.000,2770.000,3.000,
593591.190,callback,grid,1286,1285.972775,2767.000,2770.000,3.000,
593605.064,boundary,beat,1286,1286.003108,,,,
593722.106,boundary,quarter,1286,1286.252273,,,,0.25
593846.256,boundary,half,1286,1286.514438,,,,
593949.794,boundary,quarter,1286,1286.757103,,,,0.75
594039.565,callback,beat,1287,1286.941269,3215.000,3217.000,2.000,
594039.790,callback,grid,1287,1286.941269,3215.000,3217.000,2.000,
594067.443,boundary,beat,1287,1287.001935,,,,
594191.279,boundary,quarter,1287,1287.266266,,,,0.25
594294.758,boundary,half,1287,1287.504598,,,,
594412.098,boundary,quarter,1287,1287.753763,,,,0.75
594508.701,callback,bar,1288,1287.955262,3684.000,3685.000,1.000,
594508.837,callback,beat,1288,1287.955262,3684.000,3685.000,1.000,
594508.919,callback,grid,1288,1287.955262,3684.000,3685.000,1.000,
594529.362,boundary,beat,1288,1288.002928,,,,
594653.577,boundary,quarter,1288,1288.265093,,,,0.25
594757.184,boundary,half,1288,1288.503424,,,,
594874.424,boundary,quarter,1288,1288.752589,,,,0.75
594977.913,callback,beat,1289,1288.971421,4154.000,4154.000,0.000,
594978.058,callback,grid,1289,1288.971421,4154.000,4154.000,0.000,
594991.692,boundary,beat,1289,1289.001754,,,,
595108.998,boundary,quarter,1289,1289.250919,,,,0.25
595219.411,boundary,half,1289,1289.502251,,,,
595336.726,boundary,quarter,1289,1289.751416,,,,0.75
595433.332,callback,beat,1290,1289.952914,4602.000,4607.000,5.000,
595433.481,callback,grid,1290,1289.952914,4602.000,4607.000,5.000,
595453.977,boundary,beat,1290,1290.000581,,,,
595564.375,boundary,quarter,1290,1290.254079,,,,0.25
595681.698,boundary,half,1290,1290.505411,,,,
595798.978,boundary,quarter,1290,1290.750242,,,,0.75
595902.470,callback,beat,1291,1290.973407,5071.000,5076.000,5.000,
595902.606,callback,grid,1291,1290.973407,5071.000,5076.000,5.000,
595923.167,boundary,beat,1291,1291.014574,,,,
596026.659,boundary,quarter,1291,1291.255072,,,,0.25
596144.018,boundary,half,1291,1291.502070,,,,
596261.378,boundary,quarter,1291,1291.751235,,,,0.75
596344.084,callback,bar,1292,1291.941901,5519.000,5525.000,6.000,
596344.233,callback,beat,1292,1291.941901,5519.000,5525.000,6.000,
596344.326,callback,grid,1292,1291.941901,5519.000,5525.000,6.000,
596385.486,boundary,beat,1292,1292.013400,,,,
596489.007,boundary,quarter,1292,1292.253899,,,,0.25
596606.315,boundary,half,1292,1292.500897,,,,
596723.593,boundary,quarter,1292,1292.750062,,,,0.75
596813.598,callback,beat,1293,1292.958060,5988.000,5994.000,6.000,
596813.796,callback,grid,1293,1292.958060,5988.000,5994.000,6.000,
596834.167,boundary,beat,1293,1293.005727,,,,
596951.342,boundary,quarter,1293,1293.250558,,,,0.25
597069.203,boundary,half,1293,1293.501890,,,,
597193.140,boundary,quarter,1293,1293.764055,,,,0.75
597282.533,callback,beat,1294,1293.974220,6458.000,6463.000,5.000,
597282.749,callback,grid,1294,1293.974220,6458.000,6463.000,5.000,
597296.349,boundary,beat,1294,1294.002386,,,,
597413.589,boundary,quarter,1294,1294.253718,,,,0.25
597532.334,boundary,half,1294,1294.500716,,,,
597644.285,boundary,quarter,1294,1294.758548,,,,0.75
597734.024,callback,beat,1295,1294.947047,6906.000,6912.000,6.000,
597734.191,callback,grid,1295,1294.947047,6906.000,6912.000,6.000,
597761.582,boundary,beat,1295,1295.009879,,,,
597878.861,boundary,quarter,1295,1295.259044,,,,0.25
597996.170,boundary,half,1295,1295.506043,,,,
598106.604,boundary,quarter,1295,1295.759541,,,,0.75
598203.178,callback,bar,1296,1295.961040,7375.000,7380.000,5.000,
598203.336,callback,beat,1296,1295.961040,7375.000,7380.000,5.000,
598203.473,callback,grid,1296,1295.961040,7375.000,7380.000,5.000,
598223.896,boundary,beat,1296,1296.008706,,,,
598223.952,arrangement,layer,81,1296.008706,,,,true
598341.210,boundary,quarter,1296,1296.255704,,,,0.25
598451.567,boundary,half,1296,1296.511369,,,,
598568.948,boundary,quarter,1296,1296.760534,,,,0.75
598672.549,callback,beat,1297,1296.977199,7844.000,7849.000,5.000,
598672.724,callback,grid,1297,1296.977199,7844.000,7849.000,5.000,
598686.172,boundary,beat,1297,1297.005366,,,,
598803.648,boundary,quarter,1297,1297.256697,,,,0.25
598914.024,boundary,half,1297,1297.510196,,,,
599031.361,boundary,quarter,1297,1297.759360,,,,0.75
599123.048,callback,beat,1298,1297.947859,8292.000,8297.000,5.000,
599123.241,callback,grid,1298,1297.947859,8292.000,8297.000,5.000,
599148.624,boundary,beat,1298,1298.008525,,,,
599267.198,boundary,quarter,1298,1298.255524,,,,0.25
599378.512,boundary,half,1298,1298.515522,,,,
599494.916,boundary,quarter,1298,1298.760354,,,,0.75
599591.523,callback,beat,1299,1298.964019,8762.000,8766.000,4.000,
599591.652,callback,grid,1299,1298.964019,8762.000,8766.000,4.000,
599612.187,boundary,beat,1299,1299.009518,,,,
599715.689,boundary,quarter,1299,1299.250017,,,,0.25
599839.890,boundary,half,1299,1299.514348,,,,
599957.217,boundary,quarter,1299,1299.759180,,,,0.75
600060.714,callback,bar,1300,1299.982345,9231.000,9234.000,3.000,
600060.986,callback,beat,1300,1299.982345,9231.000,9234.000,3.000,
600061.124,callback,grid,1300,1299.982345,9231.000,9234.000,3.000,
600074.481,boundary,beat,1300,1300.008345,,,,
600184.902,boundary,quarter,1300,1300.264010,,,,0.25
600302.228,boundary,half,1300,1300.511008,,,,
600422.510,boundary,quarter,1300,1300.768840,,,,0.75
600506.269,callback,beat,1301,1300.959505,9679.000,9687.000,8.000,
600508.204,callback,grid,1301,1300.959505,9679.000,9687.000,8.000,
600524.769,boundary,beat,1301,1301.000671,,,,
600648.963,boundary,quarter,1301,1301.267170,,,,0.25
600766.341,boundary,half,1301,1301.514168,,,,
600891.539,boundary,quarter,1301,1301.782833,,,,0.75
600967.889,callback,beat,1302,1301.958331,10148.000,10148.000,0.000,
600968.051,callback,grid,1302,1301.958331,10148.000,10148.000,0.000,
600988.156,boundary,beat,1302,1302.005998,,,,
601104.508,boundary,quarter,1302,1302.250829,,,,0.25
601228.594,boundary,half,1302,1302.515161,,,,
601332.273,boundary,quarter,1302,1302.751326,,,,0.75
601421.809,callback,beat,1303,1302.937658,10596.000,10600.000,4.000,
601422.206,callback,grid,1303,1302.937658,10596.000,10600.000,4.000,
601449.432,boundary,beat,1303,1303.002658,,,,
601573.585,boundary,quarter,1303,1303.266989,,,,0.25
601690.863,boundary,half,1303,1303.511821,,,,
601794.409,boundary,quarter,1303,1303.750152,,,,0.75
601891.027,callback,bar,1304,1303.953818,11066.000,11069.000,3.000,
601891.253,callback,beat,1304,1303.953818,11066.000,11069.000,3.000,
601891.957,callback,grid,1304,1303.953818,11066.000,11069.000,3.000,
601911.692,boundary,beat,1304,1304.001484,,,,
602035.934,boundary,quarter,1304,1304.263649,,,,0.25
602153.232,boundary,half,1304,1304.512814,,,,
602260.947,boundary,quarter,1304,1304.759812,,,,0.75
602371.368,callback,beat,1305,1304.991644,11535.000,11548.000,13.000,
602375.042,callback,grid,1305,1304.991644,11535.000,11548.000,13.000,
602375.351,boundary,beat,1305,1305.000310,,,,
602492.664,boundary,quarter,1305,1305.251642,,,,0.25
602603.103,boundary,half,1305,1305.505140,,,,
602720.407,boundary,quarter,1305,1305.754305,,,,0.75
602810.058,callback,beat,1306,1305.938471,11983.000,11985.000,2.000,
602810.185,callback,grid,1306,1305.938471,11983.000,11985.000,2.000,
602837.664,boundary,beat,1306,1306.001303,,,,
602961.869,boundary,quarter,1306,1306.265635,,,,0.25
603066.049,boundary,half,1306,1306.506133,,,,
603182.674,boundary,quarter,1306,1306.753132,,,,0.75
603279.250,callback,beat,1307,1306.952464,12452.000,12453.000,1.000,
603279.411,callback,grid,1307,1306.952464,12452.000,12453.000,1.000,
603299.977,boundary,beat,1307,1307.002297,,,,
603424.180,boundary,quarter,1307,1307.262295,,,,0.25
603527.658,boundary,half,1307,1307.504960,,,,
603644.981,boundary,quarter,1307,1307.751958,,,,0.75
603748.449,callback,bar,1308,1307.970790,12922.000,12923.000,1.000,
603748.585,callback,beat,1308,1307.970790,12922.000,12923.000,1.000,
603748.668,callback,grid,1308,1307.970790,12922.000,12923.000,1.000,
603769.168,boundary,beat,1308,1308.016290,,,,
603872.680,boundary,quarter,1308,1308.256788,,,,0.25
603989.969,boundary,half,1308,1308.501620,,,,
604108.027,boundary,quarter,1308,1308.752951,,,,0.75
604190.089,callback,beat,1309,1308.943616,13370.000,13372.000,2.000,
604190.517,callback,grid,1309,1308.943616,13370.000,13372.000,2.000,
604231.455,boundary,beat,1309,1309.015116,,,,
604335.113,boundary,quarter,1309,1309.253448,,,,0.25
604456.124,boundary,half,1309,1309.511279,,,,
604577.520,boundary,quarter,1309,1309.771277,,,,0.75
604659.370,callback,beat,1310,1309.957609,13839.000,13840.000,1.000,
604659.532,callback,grid,1310,1309.957609,13839.000,13840.000,1.000,
604679.964,boundary,beat,1310,1310.003109,,,,
604797.754,boundary,quarter,1310,1310.254441,,,,0.25
604916.810,boundary,half,1310,1310.503606,,,,
605031.888,boundary,quarter,1310,1310.750604,,,,0.75
605107.794,callback,beat,1311,1310.926103,14287.000,14287.000,0.000,
605108.223,callback,grid,1311,1310.926103,14287.000,14287.000,0.000,
605142.293,boundary,beat,1311,1311.001936,,,,
605259.555,boundary,quarter,1311,1311.253267,,,,0.25
605376.867,boundary,half,1311,1311.500265,,,,
605487.286,boundary,quarter,1311,1311.753764,,,,0.75
605604.745,boundary,beat,1312,1312.002929,,,,
605604.814,arrangement,transition,82,1312.002929,,,,alternate
605728.774,boundary,quarter,1312,1312.267260,,,,0.25
605846.064,boundary,half,1312,1312.514258,,,,
605949.587,boundary,quarter,1312,1312.754757,,,,0.75
606047.538,callback,beat,1313,1312.958422,456.000,456.000,0.000,
606047.731,callback,grid,1313,1312.958422,456.000,456.000,0.000,
606073.948,boundary,beat,1313,1313.019088,,,,
606186.511,boundary,quarter,1313,1313.255253,,,,0.25
606308.561,boundary,half,1313,1313.515252,,,,
606411.884,boundary,quarter,1313,1313.753583,,,,0.75
606502.226,callback,beat,1314,1313.937749,904.000,908.000,4.000,
606502.775,callback,grid,1314,1313.937749,904.000,908.000,4.000,
606529.181,boundary,beat,1314,1314.000581,,,,
606653.428,boundary,quarter,1314,1314.267080,,,,0.25
606756.886,boundary,half,1314,1314.503245,,,,
606874.203,boundary,quarter,1314,1314.750243,,,,0.75
606970.822,callback,beat,1315,1314.953908,1374.000,1377.000,3.000,
606971.068,callback,grid,1315,1314.953908,1374.000,1377.000,3.000,
606991.468,boundary,beat,1315,1315.001575,,,,
607115.676,boundary,quarter,1315,1315.263739,,,,0.25
607219.163,boundary,half,1315,1315.504238,,,,
607336.492,boundary,quarter,1315,1315.751236,,,,0.75
607440.077,callback,bar,1316,1315.967901,1843.000,1845.000,2.000,
607440.646,callback,beat,1316,1315.967901,1843.000,1845.000,2.000,
607440.777,callback,grid,1316,1315.967901,1843.000,1845.000,2.000,
607460.678,boundary,beat,1316,1316.015568,,,,
607564.166,boundary,quarter,1316,1316.251733,,,,0.25
607681.477,boundary,half,1316,1316.503064,,,,
607798.771,boundary,quarter,1316,1316.752229,,,,0.75
607889.590,callback,beat,1317,1316.949394,2291.000,2293.000,2.000,
607889.777,callback,grid,1317,1316.949394,2291.000,2293.000,2.000,
607922.986,boundary,beat,1317,1317.012227,,,,
608026.471,boundary,quarter,1317,1317.250559,,,,0.25
608144.678,boundary,half,1317,1317.504057,,,,
608275.276,boundary,quarter,1317,1317.781389,,,,0.75
608348.529,callback,beat,1318,1317.952554,2760.000,2761.000,1.000,
608348.708,callback,grid,1318,1317.952554,2760.000,2761.000,1.000,
608373.146,boundary,beat,1318,1318.004554,,,,
608490.420,boundary,quarter,1318,1318.255885,,,,0.25
608607.709,boundary,half,1318,1318.505050,,,,
608725.045,boundary,quarter,1318,1318.752049,,,,0.75
608819.668,callback,beat,1319,1318.973047,3230.000,3232.000,2.000,
608819.898,callback,grid,1319,1318.973047,3230.000,3232.000,2.000,
608835.530,boundary,beat,1319,1319.007714,,,,
608953.813,boundary,quarter,1319,1319.259045,,,,0.25
609070.006,boundary,half,1319,1319.501710,,,,
609194.193,boundary,quarter,1319,1319.766042,,,,0.75
609270.088,callback,bar,1320,1319.943707,3678.000,3680.000,2.000,
609270.266,callback,beat,1320,1319.943707,3678.000,3680.000,2.000,
609270.347,callback,grid,1320,1319.943707,3678.000,3680.000,2.000,
609297.690,boundary,beat,1320,1320.006540,,,,
609415.009,boundary,quarter,1320,1320.253538,,,,0.25
609532.272,boundary,half,1320,1320.502703,,,,
609642.733,boundary,quarter,1320,1320.756201,,,,0.75
609742.304,callback,beat,1321,1320.964200,4147.000,4151.000,4.000,
609742.731,callback,grid,1321,1320.964200,4147.000,4151.000,4.000,
609762.855,boundary,beat,1321,1321.011866,,,,
609877.610,boundary,quarter,1321,1321.254531,,,,0.25
609994.608,boundary,half,1321,1321.501530,,,,
610106.339,boundary,quarter,1321,1321.759361,,,,0.75
610188.789,callback,beat,1322,1321.928360,4595.000,4596.000,1.000,
610188.967,callback,grid,1322,1321.928360,4595.000,4596.000,1.000,
610223.305,boundary,beat,1322,1322.004193,,,,
610340.763,boundary,quarter,1322,1322.255524,,,,0.25
610481.552,boundary,half,1322,1322.556689,,,,
610567.731,boundary,quarter,1322,1322.758188,,,,0.75
610661.115,callback,beat,1323,1322.948853,5064.000,5067.000,3.000,
610661.398,callback,grid,1323,1322.948853,5064.000,5067.000,3.000,
610688.036,boundary,beat,1323,1323.011686,,,,
610805.399,boundary,quarter,1323,1323.256517,,,,0.25
610915.808,boundary,half,1323,1323.514349,,,,
611033.021,boundary,quarter,1323,1323.761347,,,,0.75
611129.635,callback,bar,1324,1323.965013,5534.000,5536.000,2.000,
611129.844,callback,beat,1324,1323.965013,5534.000,5536.000,2.000,
611130.058,callback,grid,1324,1323.965013,5534.000,5536.000,2.000,
611150.320,boundary,beat,1324,1324.010512,,,,
611267.633,boundary,quarter,1324,1324.259677,,,,0.25
611377.995,boundary,half,1324,1324.515342,,,,
611495.304,boundary,quarter,1324,1324.760174,,,,0.75
611578.119,callback,beat,1325,1324.933506,5982.000,5982.000,0.000,
611578.267,callback,grid,1325,1324.933506,5982.000,5982.000,0.000,
611612.615,boundary,beat,1325,1325.009339,,,,
611723.445,boundary,quarter,1325,1325.265004,,,,0.25
611841.838,boundary,half,1325,1325.516335,,,,
611957.725,boundary,quarter,1325,1325.763333,,,,0.75
612049.280,callback,beat,1326,1325.953999,6451.000,6452.000,1.000,
612050.893,callback,grid,1326,1325.953999,6451.000,6452.000,1.000,
612075.989,boundary,beat,1326,1326.010332,,,,
612186.191,boundary,quarter,1326,1326.263830,,,,0.25
612303.700,boundary,half,1326,1326.515162,,,,
612420.831,boundary,quarter,1326,1326.762160,,,,0.75
612510.753,callback,beat,1327,1326.970158,6920.000,6923.000,3.000,
612510.938,callback,grid,1327,1326.970158,6920.000,6923.000,3.000,
612531.173,boundary,beat,1327,1327.013492,,,,
612648.469,boundary,quarter,1327,1327.264823,,,,0.25
612765.783,boundary,half,1327,1327.511821,,,,
612883.059,boundary,quarter,1327,1327.760986,,,,0.75
612958.963,callback,bar,1328,1327.936485,7368.000,7369.000,1.000,
612959.091,callback,beat,1328,1327.936485,7368.000,7369.000,1.000,
612959.182,callback,grid,1328,1327.936485,7368.000,7369.000,1.000,
612986.535,boundary,beat,1328,1328.001485,,,,
612986.571,arrangement,layer,83,1328.001485,,,,false
613110.739,boundary,quarter,1328,1328.265816,,,,0.25
613228.066,boundary,half,1328,1328.510648,,,,
613345.386,boundary,quarter,1328,1328.759813,,,,0.75
613428.140,callback,beat,1329,1328.952645,7838.000,7838.000,0.000,
613428.306,callback,grid,1329,1328.952645,7838.000,7838.000,0.000,
613448.864,boundary,beat,1329,1329.000311,,,,
613573.126,boundary,quarter,1329,1329.262476,,,,0.25
613690.363,boundary,half,1329,1329.513808,,,,
613801.283,boundary,quarter,1329,1329.765139,,,,0.75
613899.749,callback,beat,1330,1329.973138,8307.000,8309.000,2.000,
613900.482,callback,grid,1330,1329.973138,8307.000,8309.000,2.000,
613918.096,boundary,beat,1330,1330.014304,,,,
614035.480,boundary,quarter,1330,1330.263469,,,,0.25
614152.642,boundary,half,1330,1330.510467,,,,
614263.157,boundary,quarter,1330,1330.766132,,,,0.75
614352.769,callback,beat,1331,1330.950298,8755.000,8760.000,5.000,
614352.952,callback,grid,1331,1330.950298,8755.000,8760.000,5.000,
614376.912,boundary,beat,1331,1331.004464,,,,
614497.700,boundary,quarter,1331,1331.262295,,,,0.25
614614.929,boundary,half,1331,1331.509294,,,,
614725.442,boundary,quarter,1331,1331.764959,,,,0.75
614821.974,callback,bar,1332,1331.964291,9224.000,9228.000,4.000,
614822.115,callback,beat,1332,1331.964291,9224.000,9228.000,4.000,
614822.195,callback,grid,1332,1331.964291,9224.000,9228.000,4.000,
614842.685,boundary,beat,1332,1332.014124,,,,
614960.025,boundary,quarter,1332,1332.258955,,,,0.25
615070.374,boundary,half,1332,1332.514620,,,,
615187.641,boundary,quarter,1332,1332.763785,,,,0.75
615270.488,callback,beat,1333,1332.932784,9672.000,9675.000,3.000,
615270.626,callback,grid,1333,1332.932784,9672.000,9675.000,3.000,
615304.999,boundary,beat,1333,1333.010783,,,,
615415.377,boundary,quarter,1333,1333.264282,,,,0.25
615533.772,boundary,half,1333,1333.515613,,,,
615650.026,boundary,quarter,1333,1333.762612,,,,0.75
615741.158,callback,beat,1334,1333.953277,10142.000,10145.000,3.000,
615741.637,callback,grid,1334,1333.953277,10142.000,10145.000,3.000,
615768.844,boundary,beat,1334,1334.013943,,,,
615872.273,boundary,quarter,1334,1334.252275,,,,0.25
615989.628,boundary,half,1334,1334.503606,,,,
616109.084,boundary,quarter,1334,1334.752771,,,,0.75
616211.645,callback,beat,1335,1334.971603,10611.000,10615.000,4.000,
616211.807,callback,grid,1335,1334.971603,10611.000,10615.000,4.000,
616231.061,boundary,beat,1335,1335.012770,,,,
616334.548,boundary,quarter,1335,1335.253268,,,,0.25
616451.829,boundary,half,1335,1335.500266,,,,
616576.049,boundary,quarter,1335,1335.764598,,,,0.75
616651.936,callback,bar,1336,1335.940096,11059.000,11063.000,4.000,
616652.053,callback,beat,1336,1335.940096,11059.000,11063.000,4.000,
616652.139,callback,grid,1336,1335.940096,11059.000,11063.000,4.000,
616679.588,boundary,beat,1336,1336.002929,,,,
616803.766,boundary,quarter,1336,1336.267261,,,,0.25
616914.504,boundary,half,1336,1336.501259,,,,
617038.345,boundary,quarter,1336,1336.765591,,,,0.75
617121.167,callback,beat,1337,1336.954089,11528.000,11531.000,3.000,
617121.310,callback,grid,1337,1336.954089,11528.000,11531.000,3.000,
617141.857,boundary,beat,1337,1337.003922,,,,
617266.064,boundary,quarter,1337,1337.263921,,,,0.25
617383.364,boundary,half,1337,1337.515252,,,,
617503.171,boundary,quarter,1337,1337.766584,,,,0.75
617590.479,callback,beat,1338,1337.972416,11998.000,12001.000,3.000,
617590.933,callback,grid,1338,1337.972416,11998.000,12001.000,3.000,
617604.192,boundary,beat,1338,1338.000582,,,,
617721.493,boundary,quarter,1338,1338.251914,,,,0.25
617858.716,boundary,half,1338,1338.544412,,,,
617950.933,boundary,quarter,1338,1338.756744,,,,0.75
618040.626,callback,beat,1339,1338.943076,12446.000,12449.000,3.000,
618040.776,callback,grid,1339,1338.943076,12446.000,12449.000,3.000,
618068.273,boundary,beat,1339,1339.003742,,,,
618185.512,boundary,quarter,1339,1339.252907,,,,0.25
618296.023,boundary,half,1339,1339.504238,,,,
618413.243,boundary,quarter,1339,1339.753403,,,,0.75
618509.809,callback,bar,1340,1339.957069,12915.000,12917.000,2.000,
618509.943,callback,beat,1340,1339.957069,12915.000,12917.000,2.000,
618510.137,callback,grid,1340,1339.957069,12915.000,12917.000,2.000,
618530.539,boundary,beat,1340,1340.004735,,,,
618647.825,boundary,quarter,1340,1340.251733,,,,0.25
618758.303,boundary,half,1340,1340.505232,,,,
618875.516,boundary,quarter,1340,1340.756563,,,,0.75
618979.080,callback,beat,1341,1340.971062,13384.000,13385.000,1.000,
618980.066,callback,grid,1341,1340.971062,13384.000,13385.000,1.000,
618993.766,boundary,beat,1341,1341.003561,,,,
619116.156,boundary,quarter,1341,1341.263560,,,,0.25
619221.235,boundary,half,1341,1341.506225,,,,
619337.854,boundary,quarter,1341,1341.755390,,,,0.75
619427.523,callback,beat,1342,1341.939555,13832.000,13832.000,0.000,
619427.871,callback,grid,1342,1341.939555,13832.000,13832.000,0.000,
619455.166,boundary,beat,1342,1342.002388,,,,
619565.553,boundary,quarter,1342,1342.255886,,,,0.25
619683.007,boundary,half,1342,1342.505051,,,,
619800.157,boundary,quarter,1342,1342.752049,,,,0.75
619903.633,callback,beat,1343,1342.973048,14302.000,14308.000,6.000,
619903.775,callback,grid,1343,1342.973048,14302.000,14308.000,6.000,
619917.454,boundary,beat,1343,1343.003381,,,,
620027.817,boundary,quarter,1343,1343.256879,,,,0.25
620145.114,boundary,half,1343,1343.501711,,,,
620262.427,boundary,quarter,1343,1343.753042,,,,0.75
620379.749,boundary,beat,1344,1344.000041,,,,
620379.801,arrangement,transition,84,1344.000041,,,,loop
620490.220,boundary,quarter,1344,1344.255706,,,,0.25
620607.450,boundary,half,1344,1344.502704,,,,
620731.647,boundary,quarter,1344,1344.767035,,,,0.75
620807.611,callback,beat,1345,1344.944701,450.000,450.000,0.000,
620808.114,callback,grid,1345,1344.944701,450.000,450.000,0.000,
620835.192,boundary,beat,1345,1345.005367,,,,
620952.424,boundary,quarter,1345,1345.254532,,,,0.25
621069.780,boundary,half,1345,1345.503697,,,,
621193.929,boundary,quarter,1345,1345.763695,,,,0.75
621277.602,callback,beat,1346,1345.960861,919.000,919.000,0.000,
621277.766,callback,grid,1346,1345.960861,919.000,919.000,0.000,
621297.419,boundary,beat,1346,1346.006360,,,,
621414.745,boundary,quarter,1346,1346.253358,,,,0.25
621532.023,boundary,half,1346,1346.500357,,,,
621642.440,boundary,quarter,1346,1346.753855,,,,0.75
621732.159,callback,beat,1347,1346.940187,1367.000,1371.000,4.000,
621732.349,callback,grid,1347,1346.940187,1367.000,1371.000,4.000,
621759.724,boundary,beat,1347,1347.003020,,,,
621877.014,boundary,quarter,1347,1347.250018,,,,0.25
621994.310,boundary,half,1347,1347.501350,,,,
622104.720,boundary,quarter,1347,1347.754848,,,,0.75
622201.356,callback,bar,1348,1347.956347,1836.000,1840.000,4.000,
622201.506,callback,beat,1348,1347.956347,1836.000,1840.000,4.000,
622201.725,callback,grid,1348,1347.956347,1836.000,1840.000,4.000,
622222.055,boundary,beat,1348,1348.004013,,,,
622339.384,boundary,quarter,1348,1348.251011,,,,0.25
622449.763,boundary,half,1348,1348.504510,,,,
622567.034,boundary,quarter,1348,1348.753675,,,,0.75
622670.550,callback,beat,1349,1348.972506,2306.000,2309.000,3.000,
622670.683,callback,grid,1349,1348.972506,2306.000,2309.000,3.000,
622684.465,boundary,beat,1349,1349.002839,,,,
622802.074,boundary,quarter,1349,1349.252004,,,,0.25
622912.749,boundary,half,1349,1349.505503,,,,
623029.374,boundary,quarter,1349,1349.754668,,,,0.75
623119.020,callback,beat,1350,1349.938833,2754.000,2755.000,1.000,
623119.159,callback,grid,1350,1349.938833,2754.000,2755.000,1.000,
623146.777,boundary,beat,1350,1350.001666,,,,
623270.876,boundary,quarter,1350,1350.265997,,,,0.25
623374.318,boundary,half,1350,1350.506496,,,,
623491.638,boundary,quarter,1350,1350.751327,,,,0.75
623588.224,callback,beat,1351,1350.952826,3223.000,3223.000,0.000,
623588.380,callback,grid,1351,1350.952826,3223.000,3223.000,0.000,
623608.895,boundary,beat,1351,1351.000492,,,,
623719.317,boundary,quarter,1351,1351.256157,,,,0.25
623836.603,boundary,half,1351,1351.503156,,,,
623954.078,boundary,quarter,1351,1351.752320,,,,0.75
624029.802,callback,bar,1352,1351.925653,3671.000,3672.000,1.000,
624029.920,callback,beat,1352,1351.925653,3671.000,3672.000,1.000,
624029.981,callback,grid,1352,1351.925653,3671.000,3672.000,1.000,
624078.174,boundary,beat,1352,1352.016652,,,,
624181.642,boundary,quarter,1352,1352.254984,,,,0.25
624298.963,boundary,half,1352,1352.501982,,,,
624423.118,boundary,quarter,1352,1352.766313,,,,0.75
624499.130,callback,beat,1353,1352.941812,4140.000,4141.000,1.000,
624499.316,callback,grid,1353,1352.941812,4140.000,4141.000,1.000,
624526.650,boundary,beat,1353,1353.002478,,,,
624644.821,boundary,quarter,1353,1353.253810,,,,0.25
624761.200,boundary,half,1353,1353.500808,,,,
624885.519,boundary,quarter,1353,1353.765140,,,,0.75
624968.505,callback,beat,1354,1353.957972,4610.000,4610.000,0.000,
624969.615,callback,grid,1354,1353.957972,4610.000,4610.000,0.000,
624988.937,boundary,beat,1354,1354.005638,,,,
625106.271,boundary,quarter,1354,1354.252637,,,,0.25
625230.443,boundary,half,1354,1354.519135,,,,
625334.022,boundary,quarter,1354,1354.753133,,,,0.75
625423.637,callback,beat,1355,1354.941632,5058.000,5064.000,6.000,
625423.858,callback,grid,1355,1354.941632,5058.000,5064.000,6.000,
625451.226,boundary,beat,1355,1355.004465,,,,
625568.517,boundary,quarter,1355,1355.253630,,,,0.25
625685.816,boundary,half,1355,1355.500628,,,,
625796.204,boundary,quarter,1355,1355.751959,,,,0.75
625892.807,callback,bar,1356,1355.955625,5527.000,5532.000,5.000,
625892.926,callback,beat,1356,1355.955625,5527.000,5532.000,5.000,
625892.989,callback,grid,1356,1355.955625,5527.000,5532.000,5.000,
625913.536,boundary,beat,1356,1356.003291,,,,
626030.830,boundary,quarter,1356,1356.250289,,,,0.25
626155.017,boundary,half,1356,1356.514621,,,,
626258.534,boundary,quarter,1356,1356.755119,,,,0.75
626362.021,callback,beat,1357,1356.969618,5996.000,6000.000,4.000,
626362.145,callback,grid,1357,1356.969618,5996.000,6000.000,4.000,
626376.689,boundary,beat,1357,1357.002117,,,,
626500.026,boundary,quarter,1357,1357.264282,,,,0.25
626603.541,boundary,half,1357,1357.504781,,,,
626720.852,boundary,quarter,1357,1357.753946,,,,0.75
626810.572,callback,beat,1358,1357.935944,6444.000,6446.000,2.000,
626810.713,callback,grid,1358,1357.935944,6444.000,6446.000,2.000,
626838.174,boundary,beat,1358,1358.000944,,,,
626962.331,boundary,quarter,1358,1358.265275,,,,0.25
627065.820,boundary,half,1358,1358.503607,,,,
627183.128,boundary,quarter,1358,1358.750605,,,,0.75
627279.716,callback,beat,1359,1358.954271,6914.000,6916.000,2.000,
627279.850,callback,grid,1359,1358.954271,6914.000,6916.000,2.000,
627300.548,boundary,beat,1359,1359.001937,,,,
627424.605,boundary,quarter,1359,1359.264102,,,,0.25
627528.136,boundary,half,1359,1359.504600,,,,
627645.822,boundary,quarter,1359,1359.751598,,,,0.75
627748.906,callback,bar,1360,1359.966097,7383.000,7383.000,0.000,
627749.051,callback,beat,1360,1359.966097,7383.000,7383.000,0.000,
627749.125,callback,grid,1360,1359.966097,7383.000,7383.000,0.000,
627769.675,boundary,beat,1360,1360.015930,,,,
627769.736,arrangement,layer,85,1360.015930,,,,true
627873.147,boundary,quarter,1360,1360.254262,,,,0.25
627990.427,boundary,half,1360,1360.503427,,,,
628107.875,boundary,quarter,1360,1360.752592,,,,0.75
628191.286,callback,beat,1361,1360.945424,7831.000,7835.000,4.000,
628191.545,callback,grid,1361,1360.945424,7831.000,7835.000,4.000,
628234.505,boundary,beat,1361,1361.019090,,,,
628336.627,boundary,quarter,1361,1361.255255,,,,0.25
628453.505,boundary,half,1361,1361.504420,,,,
628570.821,boundary,quarter,1361,1361.751418,,,,0.75
628660.516,callback,beat,1362,1361.959417,8300.000,8303.000,3.000,
628660.671,callback,grid,1362,1361.959417,8300.000,8303.000,3.000,
628681.185,boundary,beat,1362,1362.002750,,,,
628798.495,boundary,quarter,1362,1362.254081,,,,0.25
628915.981,boundary,half,1362,1362.501079,,,,
629033.084,boundary,quarter,1362,1362.750244,,,,0.75
629108.975,callback,beat,1363,1362.925743,8748.000,8749.000,1.000,
629109.118,callback,grid,1363,1362.925743,8748.000,8749.000,1.000,
629143.476,boundary,beat,1363,1363.005909,,,,
629260.800,boundary,quarter,1363,1363.255074,,,,0.25
629384.985,boundary,half,1363,1363.515072,,,,
629488.751,boundary,quarter,1363,1363.755571,,,,0.75
629578.205,callback,bar,1364,1363.941903,9218.000,9218.000,0.000,
629578.484,callback,beat,1364,1363.941903,9218.000,9218.000,0.000,
629578.823,callback,grid,1364,1363.941903,9218.000,9218.000,0.000,
629605.757,boundary,beat,1364,1364.004736,,,,
629723.077,boundary,quarter,1364,1364.251734,,,,0.25
629840.397,boundary,half,1364,1364.503066,,,,
629950.787,boundary,quarter,1364,1364.754397,,,,0.75
630047.607,callback,beat,1365,1364.958062,9687.000,9687.000,0.000,
630047.760,callback,grid,1365,1364.958062,9687.000,9687.000,0.000,
630068.877,boundary,beat,1365,1365.005729,,,,
630185.398,boundary,quarter,1365,1365.252727,,,,0.25
630309.580,boundary,half,1365,1365.517059,,,,
630413.082,boundary,quarter,1365,1365.755390,,,,0.75
630503.458,callback,beat,1366,1365.939556,10135.000,10140.000,5.000,
630504.331,callback,grid,1366,1365.939556,10135.000,10140.000,5.000,
630530.389,boundary,beat,1366,1366.002389,,,,
630647.702,boundary,quarter,1366,1366.251554,,,,0.25
630758.088,boundary,half,1366,1366.505052,,,,
630875.382,boundary,quarter,1366,1366.754217,,,,0.75
630971.985,callback,beat,1367,1366.953549,10604.000,10608.000,4.000,
630972.132,callback,grid,1367,1366.953549,10604.000,10608.000,4.000,
630992.668,boundary,beat,1367,1367.003382,,,,
631116.889,boundary,quarter,1367,1367.263380,,,,0.25
631220.934,boundary,half,1367,1367.506045,,,,
631337.714,boundary,quarter,1367,1367.753043,,,,0.75
631441.206,callback,bar,1368,1367.971875,11074.000,11078.000,4.000,
631441.381,callback,beat,1368,1367.971875,11074.000,11078.000,4.000,
631441.465,callback,grid,1368,1367.971875,11074.000,11078.000,4.000,
631454.963,boundary,beat,1368,1368.000041,,,,
631565.447,boundary,quarter,1368,1368.253540,,,,0.25
631682.645,boundary,half,1368,1368.502705,,,,
631799.976,boundary,quarter,1368,1368.751870,,,,0.75
631893.849,callback,beat,1369,1368.946868,11522.000,11528.000,6.000,
631894.071,callback,grid,1369,1368.946868,11522.000,11528.000,6.000,
631917.996,boundary,beat,1369,1369.001035,,,,
632027.828,boundary,quarter,1369,1369.256699,,,,0.25
632144.973,boundary,half,1369,1369.503698,,,,
632263.282,boundary,quarter,1369,1369.752863,,,,0.75
632351.987,callback,beat,1370,1369.958695,11991.000,11995.000,4.000,
632352.434,callback,grid,1370,1369.958695,11991.000,11995.000,4.000,
632373.248,boundary,beat,1370,1370.006361,,,,
632490.017,boundary,quarter,1370,1370.253359,,,,0.25
632607.255,boundary,half,1370,1370.504691,,,,
632724.612,boundary,quarter,1370,1370.751689,,,,0.75
632821.201,callback,beat,1371,1370.974854,12460.000,12464.000,4.000,
632821.374,callback,grid,1371,1370.974854,12460.000,12464.000,4.000,
632834.984,boundary,beat,1371,1371.003021,,,,
632952.314,boundary,quarter,1371,1371.254352,,,,0.25
633069.557,boundary,half,1371,1371.501351,,,,
633193.770,boundary,quarter,1371,1371.765682,,,,0.75
633269.672,callback,bar,1372,1371.941181,12908.000,12910.000,2.000,
633269.802,callback,beat,1372,1371.941181,12908.000,12910.000,2.000,
633270.017,callback,grid,1372,1371.941181,12908.000,12910.000,2.000,
633297.317,boundary,beat,1372,1372.006180,,,,
633414.671,boundary,quarter,1372,1372.251012,,,,0.25
633532.852,boundary,half,1372,1372.502344,,,,
633642.701,boundary,quarter,1372,1372.755842,,,,0.75
633739.315,callback,beat,1373,1372.959507,13378.000,13380.000,2.000,
633739.723,callback,grid,1373,1372.959507,13378.000,13380.000,2.000,
633760.121,boundary,beat,1373,1373.005007,,,,
633879.089,boundary,quarter,1373,1373.256338,,,,0.25
634001.797,boundary,half,1373,1373.518503,,,,
634107.833,boundary,quarter,1373,1373.761168,,,,0.75
634187.795,callback,beat,1374,1373.925834,13826.000,13826.000,0.000,
634187.934,callback,grid,1374,1373.925834,13826.000,13826.000,0.000,
634224.501,boundary,beat,1374,1374.008167,,,,
634339.604,boundary,quarter,1374,1374.252998,,,,0.25
634464.570,boundary,half,1374,1374.517330,,,,
634567.422,boundary,quarter,1374,1374.757828,,,,0.75
634663.881,callback,beat,1375,1374.954993,14295.000,14301.000,6.000,
634664.015,callback,grid,1375,1374.954993,14295.000,14301.000,6.000,
634684.580,boundary,beat,1375,1375.002660,,,,
634808.904,boundary,quarter,1375,1375.266991,,,,0.25
634912.596,boundary,half,1375,1375.507490,,,,
635029.629,boundary,quarter,1375,1375.754488,,,,0.75
635148.623,boundary,beat,1376,1376.005819,,,,
635148.687,arrangement,transition,86,1376.005819,,,,alternate
635265.262,boundary,quarter,1376,1376.252818,,,,0.25
635377.895,boundary,half,1376,1376.512816,,,,
635496.294,boundary,quarter,1376,1376.764148,,,,0.75
635577.980,callback,beat,1377,1376.928813,443.000,443.000,0.000,
635578.201,callback,grid,1377,1376.928813,443.000,443.000,0.000,
635613.522,boundary,beat,1377,1377.008979,,,,
635723.924,boundary,quarter,1377,1377.262477,,,,0.25
635841.697,boundary,half,1377,1377.511642,,,,
635958.627,boundary,quarter,1377,1377.762974,,,,0.75
636051.198,callback,beat,1378,1377.962306,912.000,915.000,3.000,
636051.610,callback,grid,1378,1377.962306,912.000,915.000,3.000,
636089.809,boundary,beat,1378,1378.042472,,,,
636181.004,boundary,quarter,1378,1378.250471,,,,0.25
636298.793,boundary,half,1378,1378.501802,,,,
636421.685,boundary,quarter,1378,1378.761800,,,,0.75
636511.366,callback,beat,1379,1378.971966,1382.000,1386.000,4.000,
636511.506,callback,grid,1379,1378.971966,1382.000,1386.000,4.000,
636525.157,boundary,beat,1379,1379.000132,,,,
636642.599,boundary,quarter,1379,1379.251464,,,,0.25
636766.657,boundary,half,1379,1379.511462,,,,
636884.247,boundary,quarter,1379,1379.762793,,,,0.75
636967.709,callback,bar,1380,1379.955625,1830.000,1840.000,10.000,
636968.135,callback,beat,1380,1379.955625,1830.000,1840.000,10.000,
636968.234,callback,grid,1380,1379.955625,1830.000,1840.000,10.000,
636990.862,boundary,beat,1380,1380.007625,,,,
637109.218,boundary,quarter,1380,1380.256790,,,,0.25
637227.597,boundary,half,1380,1380.505955,,,,
637342.830,boundary,quarter,1380,1380.750787,,,,0.75
637432.841,callback,beat,1381,1380.960952,2299.000,2304.000,5.000,
637433.105,callback,grid,1381,1380.960952,2299.000,2304.000,5.000,
637451.461,boundary,beat,1381,1381.004285,,,,
637574.644,boundary,quarter,1381,1381.264283,,,,0.25
637689.576,boundary,half,1381,1381.509115,,,,
637801.053,boundary,quarter,1381,1381.764780,,,,0.75
637901.935,callback,beat,1382,1381.974945,2768.000,2772.000,4.000,
637902.089,callback,grid,1382,1381.974945,2768.000,2772.000,4.000,
637915.754,boundary,beat,1382,1382.005278,,,,
638033.067,boundary,quarter,1382,1382.254443,,,,0.25
638150.333,boundary,half,1382,1382.503608,,,,
638262.700,boundary,quarter,1382,1382.763606,,,,0.75
638350.467,callback,beat,1383,1382.941271,3216.000,3218.000,2.000,
638350.617,callback,grid,1383,1382.941271,3216.000,3218.000,2.000,
638376.556,boundary,beat,1383,1383.004104,,,,
638500.263,boundary,quarter,1383,1383.268436,,,,0.25
638603.564,boundary,half,1383,1383.502434,,,,
638724.541,boundary,quarter,1383,1383.760266,,,,0.75
638819.600,callback,bar,1384,1383.959598,3686.000,3688.000,2.000,
638819.744,callback,beat,1384,1383.959598,3686.000,3688.000,2.000,
638819.982,callback,grid,1384,1383.959598,3686.000,3688.000,2.000,
638840.295,boundary,beat,1384,1384.007264,,,,
638957.608,boundary,quarter,1384,1384.254262,,,,0.25
639067.983,boundary,half,1384,1384.509927,,,,
639183.319,boundary,quarter,1384,1384.752592,,,,0.75
639267.827,callback,beat,1385,1384.925924,4134.000,4134.000,0.000,
639267.975,callback,grid,1385,1384.925924,4134.000,4134.000,0.000,
639302.320,boundary,beat,1385,1385.003924,,,,
639412.739,boundary,quarter,1385,1385.257422,,,,0.25
639530.067,boundary,half,1385,1385.506587,,,,
639647.394,boundary,quarter,1385,1385.757919,,,,0.75
639743.932,callback,beat,1386,1385.959417,4603.000,4609.000,6.000,
639744.079,callback,grid,1386,1385.959417,4603.000,4609.000,6.000,
639765.586,boundary,beat,1386,1386.004917,,,,
639875.077,boundary,quarter,1386,1386.256249,,,,0.25
639992.289,boundary,half,1386,1386.507580,,,,
640109.576,boundary,quarter,1386,1386.754578,,,,0.75
640217.583,callback,beat,1387,1386.979910,5072.000,5082.000,10.000,
640218.107,callback,grid,1387,1386.979910,5072.000,5082.000,10.000,
640234.205,boundary,beat,1387,1387.021077,,,,
640338.268,boundary,quarter,1387,1387.259408,,,,0.25
640455.723,boundary,half,1387,1387.506407,,,,
640572.847,boundary,quarter,1387,1387.755572,,,,0.75
640652.054,callback,bar,1388,1387.937570,5520.000,5524.000,4.000,
640653.041,callback,beat,1388,1387.937570,5520.000,5524.000,4.000,
640653.476,callback,grid,1388,1387.937570,5520.000,5524.000,4.000,
640678.654,boundary,beat,1388,1388.000403,,,,
640802.868,boundary,quarter,1388,1388.264735,,,,0.25
640920.180,boundary,half,1388,1388.511733,,,,
641037.461,boundary,quarter,1388,1388.760898,,,,0.75
641120.329,callback,beat,1389,1388.953730,5990.000,5993.000,3.000,
641120.618,callback,grid,1389,1388.953730,5990.000,5993.000,3.000,
641147.903,boundary,beat,1389,1389.014396,,,,
641265.129,boundary,quarter,1389,1389.263561,,,,0.25
641382.409,boundary,half,1389,1389.512726,,,,
641499.746,boundary,quarter,1389,1389.757558,,,,0.75
641590.085,callback,beat,1390,1389.967723,6459.000,6461.000,2.000,
641590.291,callback,grid,1390,1389.967723,6459.000,6461.000,2.000,
641610.139,boundary,beat,1390,1390.015389,,,,
641727.453,boundary,quarter,1390,1390.262388,,,,0.25
641844.747,boundary,half,1390,1390.509386,,,,
641948.545,boundary,quarter,1390,1390.752051,,,,0.75
642037.970,callback,beat,1391,1390.934050,6907.000,6907.000,0.000,
642038.139,callback,grid,1391,1390.934050,6907.000,6907.000,0.000,
642072.468,boundary,beat,1391,1391.012049,,,,
642190.116,boundary,quarter,1391,1391.261214,,,,0.25
642294.694,boundary,half,1391,1391.501712,,,,
642417.462,boundary,quarter,1391,1391.766044,,,,0.75
642507.264,callback,bar,1392,1391.950209,7376.000,7376.000,0.000,
642507.423,callback,beat,1392,1391.950209,7376.000,7376.000,0.000,
642507.494,callback,grid,1392,1391.950209,7376.000,7376.000,0.000,
642534.711,boundary,beat,1392,1392.013042,,,,
642534.748,arrangement,layer,87,1392.013042,,,,false
642652.049,boundary,quarter,1392,1392.257874,,,,0.25
642762.444,boundary,half,1392,1392.513539,,,,
642879.753,boundary,quarter,1392,1392.762704,,,,0.75
642984.117,callback,beat,1393,1392.981535,7846.000,7852.000,6.000,
642984.565,callback,grid,1393,1392.981535,7846.000,7852.000,6.000,
642997.049,boundary,beat,1393,1393.009702,,,,
643114.342,boundary,quarter,1393,1393.261033,,,,0.25
643224.770,boundary,half,1393,1393.512365,,,,
643342.320,boundary,quarter,1393,1393.763697,,,,0.75
643431.993,callback,beat,1394,1393.947862,8294.000,8298.000,4.000,
643432.218,callback,grid,1394,1393.947862,8294.000,8298.000,4.000,
643459.339,boundary,beat,1394,1394.010695,,,,
643570.052,boundary,quarter,1394,1394.264193,,,,0.25
643680.283,boundary,half,1394,1394.500358,,,,
643804.333,boundary,quarter,1394,1394.760356,,,,0.75
643900.917,callback,beat,1395,1394.966188,8763.000,8766.000,3.000,
643901.040,callback,grid,1395,1394.966188,8763.000,8766.000,3.000,
643921.631,boundary,beat,1395,1395.009521,,,,
644032.066,boundary,quarter,1395,1395.260853,,,,0.25
644149.363,boundary,half,1395,1395.514351,,,,
644266.652,boundary,quarter,1395,1395.761350,,,,0.75
644343.382,callback,bar,1396,1395.939015,9211.000,9217.000,6.000,
644344.560,callback,beat,1396,1395.939015,9211.000,9217.000,6.000,
644344.786,callback,grid,1396,1395.939015,9211.000,9217.000,6.000,
644383.931,boundary,beat,1396,1396.006181,,,,
644494.353,boundary,quarter,1396,1396.264013,,,,0.25
644611.777,boundary,half,1396,1396.511011,,,,
644728.946,boundary,quarter,1396,1396.760176,,,,0.75
644813.161,callback,beat,1397,1396.953008,9680.000,9685.000,5.000,
644813.534,callback,grid,1397,1396.953008,9680.000,9685.000,5.000,
644833.907,boundary,beat,1397,1397.002841,,,,
644958.023,boundary,quarter,1397,1397.267172,,,,0.25
645075.316,boundary,half,1397,1397.514171,,,,
645192.759,boundary,quarter,1397,1397.761169,,,,0.75
645282.309,callback,beat,1398,1397.971334,10150.000,10155.000,5.000,
645282.488,callback,grid,1398,1397.971334,10150.000,10155.000,5.000,
645303.299,boundary,beat,1398,1398.016834,,,,
645413.600,boundary,quarter,1398,1398.250832,,,,0.25
645534.539,boundary,half,1398,1398.504331,,,,
645644.954,boundary,quarter,1398,1398.757829,,,,0.75
645727.767,callback,beat,1399,1398.931161,10598.000,10598.000,0.000,
645728.319,callback,grid,1399,1398.931161,10598.000,10598.000,0.000,
645762.272,boundary,beat,1399,1399.009160,,,,
645879.545,boundary,quarter,1399,1399.258325,,,,0.25
645996.853,boundary,half,1399,1399.505324,,,,
646107.924,boundary,quarter,1399,1399.763155,,,,0.75
646203.857,callback,bar,1400,1399.960320,11067.000,11073.000,6.000,
646204.015,callback,beat,1400,1399.960320,11067.000,11073.000,6.000,
646204.199,callback,grid,1400,1399.960320,11067.000,11073.000,6.000,
646224.613,boundary,beat,1400,1400.007987,,,,
646341.844,boundary,quarter,1400,1400.254985,,,,0.25
646452.268,boundary,half,1400,1400.510650,,,,
646569.646,boundary,quarter,1400,1400.759815,,,,0.75
646667.513,callback,beat,1401,1400.963480,11536.000,11536.000,0.000,
646667.668,callback,grid,1401,1400.963480,11536.000,11536.000,0.000,
646687.464,boundary,beat,1401,1401.011147,,,,
646804.464,boundary,quarter,1401,1401.255978,,,,0.25
646914.841,boundary,half,1401,1401.509476,,,,
647034.105,boundary,quarter,1401,1401.762975,,,,0.75
647121.855,callback,beat,1402,1401.942807,11984.000,11988.000,4.000,
647122.054,callback,grid,1402,1401.942807,11984.000,11988.000,4.000,
647149.429,boundary,beat,1402,1402.007806,,,,
647267.338,boundary,quarter,1402,1402.259138,,,,0.25
647377.230,boundary,half,1402,1402.510470,,,,
647494.428,boundary,quarter,1402,1402.757468,,,,0.75
647591.023,callback,beat,1403,1402.958966,12454.000,12457.000,3.000,
647591.150,callback,grid,1403,1402.958966,12454.000,12457.000,3.000,
647611.785,boundary,beat,1403,1403.006633,,,,
647722.222,boundary,quarter,1403,1403.262298,,,,0.25
647839.439,boundary,half,1403,1403.511463,,,,
647956.759,boundary,quarter,1403,1403.756294,,,,0.75
648060.401,callback,bar,1404,1403.979459,12923.000,12926.000,3.000,
648060.592,callback,beat,1404,1403.979459,12923.000,12926.000,3.000,
648060.968,callback,grid,1404,1403.979459,12923.000,12926.000,3.000,
648074.026,boundary,beat,1404,1404.003293,,,,
648184.464,boundary,quarter,1404,1404.261124,,,,0.25
648301.711,boundary,half,1404,1404.508122,,,,
648420.588,boundary,quarter,1404,1404.761621,,,,0.75
648497.503,callback,beat,1405,1404.934953,13371.000,13369.000,-2.000,
648497.763,callback,grid,1405,1404.934953,13371.000,13369.000,-2.000,
648537.110,boundary,beat,1405,1405.004286,,,,
648648.760,boundary,quarter,1405,1405.264284,,,,0.25
648764.014,boundary,half,1405,1405.506949,,,,
648881.324,boundary,quarter,1405,1405.756114,,,,0.75
648967.490,callback,beat,1406,1405.955446,13840.000,13840.000,0.000,
648967.897,callback,grid,1406,1405.955446,13840.000,13840.000,0.000,
648991.884,boundary,beat,1406,1406.011779,,,,
649110.236,boundary,quarter,1406,1406.260944,,,,0.25
649229.218,boundary,half,1406,1406.514442,,,,
649342.684,boundary,quarter,1406,1406.752774,,,,0.75
649418.178,callback,beat,1407,1406.928272,14288.000,14289.000,1.000,
649420.917,callback,grid,1407,1406.928272,14288.000,14289.000,1.000,
649451.517,boundary,beat,1407,1407.004105,,,,
649569.928,boundary,quarter,1407,1407.255437,,,,0.25
649686.318,boundary,half,1407,1407.500268,,,,
649797.737,boundary,quarter,1407,1407.755933,,,,0.75
649918.136,boundary,beat,1408,1408.013765,,,,
649918.225,arrangement,transition,88,1408.013765,,,,loop
650032.594,boundary,quarter,1408,1408.254263,,,,0.25
650148.381,boundary,half,1408,1408.501261,,,,
650261.283,boundary,quarter,1408,1408.756926,,,,0.75
650362.213,callback,beat,1409,1408.971425,458.000,463.000,5.000,
650362.375,callback,grid,1409,1408.971425,458.000,463.000,5.000,
650382.894,boundary,beat,1409,1409.016925,,,,
650493.295,boundary,quarter,1409,1409.250923,,,,0.25
650603.692,boundary,half,1409,1409.504421,,,,
650721.910,boundary,quarter,1409,1409.755753,,,,0.75
650814.512,callback,beat,1410,1409.946418,906.000,913.000,7.000,
650814.669,callback,grid,1410,1409.946418,906.000,913.000,7.000,
650844.468,boundary,beat,1410,1410.013584,,,,
650961.649,boundary,quarter,1410,1410.262749,,,,0.25
651065.133,boundary,half,1410,1410.501081,,,,
651182.453,boundary,quarter,1410,1410.750246,,,,0.75
651279.043,callback,beat,1411,1410.949578,1375.000,1376.000,1.000,
651279.187,callback,grid,1411,1410.949578,1375.000,1376.000,1.000,
651306.782,boundary,beat,1411,1411.014577,,,,
651423.628,boundary,quarter,1411,1411.257242,,,,0.25
651528.811,boundary,half,1411,1411.504241,,,,
651646.879,boundary,quarter,1411,1411.753406,,,,0.75
651749.560,callback,bar,1412,1411.970071,1845.000,1847.000,2.000,
651749.700,callback,beat,1412,1411.970071,1845.000,1847.000,2.000,
651749.822,callback,grid,1412,1411.970071,1845.000,1847.000,2.000,
651763.415,boundary,beat,1412,1412.000404,,,,
651873.807,boundary,quarter,1412,1412.256069,,,,0.25
651991.053,boundary,half,1412,1412.500900,,,,
652108.691,boundary,quarter,1412,1412.752232,,,,0.75
652191.161,callback,beat,1413,1412.945064,2293.000,2297.000,4.000,
652191.274,callback,grid,1413,1412.945064,2293.000,2297.000,4.000,
652232.563,boundary,beat,1413,1413.014397,,,,
652336.098,boundary,quarter,1413,1413.254895,,,,0.25
652453.374,boundary,half,1413,1413.504060,,,,
652577.615,boundary,quarter,1413,1413.768392,,,,0.75
652659.561,callback,beat,1414,1413.956890,2762.000,2764.000,2.000,
652659.799,callback,grid,1414,1413.956890,2762.000,2764.000,2.000,
652681.091,boundary,beat,1414,1414.002390,,,,
652799.260,boundary,quarter,1414,1414.253722,,,,0.25
652915.662,boundary,half,1414,1414.500720,,,,
653034.925,boundary,quarter,1414,1414.754218,,,,0.75
653108.917,callback,beat,1415,1414.925384,3210.000,3211.000,1.000,
653109.076,callback,grid,1415,1414.925384,3210.000,3211.000,1.000,
653145.553,boundary,beat,1415,1415.007716,,,,
653262.840,boundary,quarter,1415,1415.256881,,,,0.25
653380.140,boundary,half,1415,1415.506046,,,,
653490.544,boundary,quarter,1415,1415.759545,,,,0.75
653580.204,callback,bar,1416,1415.945877,3679.000,3682.000,3.000,
653580.325,callback,beat,1416,1415.945877,3679.000,3682.000,3.000,
653580.443,callback,grid,1416,1415.945877,3679.000,3682.000,3.000,
653607.850,boundary,beat,1416,1416.008710,,,,
653725.102,boundary,quarter,1416,1416.255708,,,,0.25
653842.413,boundary,half,1416,1416.504873,,,,
653952.996,boundary,quarter,1416,1416.758371,,,,0.75
654049.431,callback,beat,1417,1416.962036,4149.000,4151.000,2.000,
654049.568,callback,grid,1417,1416.962036,4149.000,4151.000,2.000,
654070.385,boundary,beat,1417,1417.009703,,,,
654187.446,boundary,quarter,1417,1417.256701,,,,0.25
654304.756,boundary,half,1417,1417.501533,,,,
654415.017,boundary,quarter,1417,1417.755031,,,,0.75
654503.256,callback,beat,1418,1417.941363,4597.000,4603.000,6.000,
654503.414,callback,grid,1418,1417.941363,4597.000,4603.000,6.000,
654530.530,boundary,beat,1418,1418.002029,,,,
654650.053,boundary,quarter,1418,1418.255527,,,,0.25
654761.207,boundary,half,1418,1418.513359,,,,
654877.936,boundary,quarter,1418,1418.760357,,,,0.75
654969.269,callback,beat,1419,1418.948856,5066.000,5068.000,2.000,
654969.723,callback,grid,1419,1418.948856,5066.000,5068.000,2.000,
654997.737,boundary,beat,1419,1419.011689,,,,
655114.139,boundary,quarter,1419,1419.258687,,,,0.25
655224.534,boundary,half,1419,1419.514352,,,,
655341.832,boundary,quarter,1419,1419.761350,,,,0.75
655438.388,callback,bar,1420,1419.962849,5535.000,5536.000,1.000,
655438.495,callback,beat,1420,1419.962849,5535.000,5536.000,1.000,
655438.569,callback,grid,1420,1419.962849,5535.000,5536.000,1.000,
655459.116,boundary,beat,1420,1420.012682,,,,
655576.429,boundary,quarter,1420,1420.257513,,,,0.25
655686.815,boundary,half,1420,1420.511012,,,,
655804.125,boundary,quarter,1420,1420.762343,,,,0.75
655893.861,callback,beat,1421,1420.948675,5983.000,5989.000,6.000,
655894.090,callback,grid,1421,1420.948675,5983.000,5989.000,6.000,
655921.485,boundary,beat,1421,1421.009342,,,,
656029.827,boundary,quarter,1421,1421.260673,,,,0.25
656152.135,boundary,half,1421,1421.518505,,,,
656275.646,boundary,quarter,1421,1421.780670,,,,0.75
656351.937,callback,beat,1422,1421.958335,6453.000,6457.000,4.000,
656352.081,callback,grid,1422,1421.958335,6453.000,6457.000,4.000,
656372.234,boundary,beat,1422,1422.003835,,,,
656496.646,boundary,quarter,1422,1422.263833,,,,0.25
656610.365,boundary,half,1422,1422.510831,,,,
656726.359,boundary,quarter,1422,1422.753496,,,,0.75
656822.932,callback,beat,1423,1422.976661,6922.000,6927.000,5.000,
656823.090,callback,grid,1423,1422.976661,6922.000,6927.000,5.000,
656837.711,boundary,beat,1423,1423.009161,,,,
656955.713,boundary,quarter,1423,1423.260493,,,,0.25
657073.698,boundary,half,1423,1423.509658,,,,
657188.697,boundary,quarter,1423,1423.754489,,,,0.75
657271.406,callback,bar,1424,1423.945155,7370.000,7374.000,4.000,
657271.522,callback,beat,1424,1423.945155,7370.000,7374.000,4.000,
657271.607,callback,grid,1424,1423.945155,7370.000,7374.000,4.000,
657299.055,boundary,beat,1424,1424.005821,,,,
657299.185,arrangement,layer,89,1424.005821,,,,true
657416.333,boundary,quarter,1424,1424.254986,,,,0.25
657533.618,boundary,half,1424,1424.504151,,,,
657644.119,boundary,quarter,1424,1424.759816,,,,0.75
657740.629,callback,beat,1425,1424.959148,7839.000,7842.000,3.000,
657740.779,callback,grid,1425,1424.959148,7839.000,7842.000,3.000,
657761.303,boundary,beat,1425,1425.008981,,,,
657878.622,boundary,quarter,1425,1425.253812,,,,0.25
657995.913,boundary,half,1425,1425.500811,,,,
658106.332,boundary,quarter,1425,1425.758642,,,,0.75
658189.129,callback,beat,1426,1425.927641,8287.000,8289.000,2.000,
658189.304,callback,grid,1426,1425.927641,8287.000,8289.000,2.000,
658223.661,boundary,beat,1426,1426.005640,,,,
658341.492,boundary,quarter,1426,1426.256972,,,,0.25
658458.228,boundary,half,1426,1426.501804,,,,
658568.613,boundary,quarter,1426,1426.757469,,,,0.75
658682.037,callback,beat,1427,1426.997967,8757.000,8783.000,26.000,
658682.175,callback,grid,1427,1426.997967,8757.000,8783.000,26.000,
658700.843,boundary,beat,1427,1427.039133,,,,
658804.467,boundary,quarter,1427,1427.255798,,,,0.25
658915.364,boundary,half,1427,1427.511463,,,,
659032.019,boundary,quarter,1427,1427.756295,,,,0.75
659128.635,callback,bar,1428,1427.959960,9226.000,9227.000,1.000,
659128.816,callback,beat,1428,1427.959960,9226.000,9227.000,1.000,
659128.909,callback,grid,1428,1427.959960,9226.000,9227.000,1.000,
659149.300,boundary,beat,1428,1428.007627,,,,
659266.612,boundary,quarter,1428,1428.254625,,,,0.25
659377.071,boundary,half,1428,1428.512456,,,,
659494.335,boundary,quarter,1428,1428.759455,,,,0.75
659577.128,callback,beat,1429,1428.932787,9674.000,9674.000,0.000,
659577.326,callback,grid,1429,1428.932787,9674.000,9674.000,0.000,
659611.631,boundary,beat,1429,1429.004286,,,,
659722.252,boundary,quarter,1429,1429.259951,,,,0.25
659839.348,boundary,half,1429,1429.509116,,,,
659956.755,boundary,quarter,1429,1429.756114,,,,0.75
660049.633,callback,beat,1430,1429.948946,10143.000,10145.000,2.000,
660049.780,callback,grid,1430,1429.948946,10143.000,10145.000,2.000,
660074.637,boundary,beat,1430,1430.007446,,,,
660187.472,boundary,quarter,1430,1430.269611,,,,0.25
660301.655,boundary,half,1430,1430.507943,,,,
660419.748,boundary,quarter,1430,1430.754941,,,,0.75
660508.631,callback,beat,1431,1430.965106,10613.000,10614.000,1.000,
660508.780,callback,grid,1431,1430.965106,10613.000,10614.000,1.000,
660529.729,boundary,beat,1431,1431.010606,,,,
660647.383,boundary,quarter,1431,1431.261937,,,,0.25
660764.690,boundary,half,1431,1431.506769,,,,
660881.228,boundary,quarter,1431,1431.755934,,,,0.75
660957.109,callback,bar,1432,1431.933599,11061.000,11061.000,0.000,
660957.229,callback,beat,1432,1431.933599,11061.000,11061.000,0.000,
660957.305,callback,grid,1432,1431.933599,11061.000,11061.000,0.000,
660991.649,boundary,beat,1432,1432.009432,,,,
661108.945,boundary,quarter,1432,1432.258597,,,,0.25
661226.230,boundary,half,1432,1432.507762,,,,
661343.572,boundary,quarter,1432,1432.752594,,,,0.75
661433.242,callback,beat,1433,1432.962759,11530.000,11536.000,6.000,
661433.486,callback,grid,1433,1432.962759,11530.000,11536.000,6.000,
661453.940,boundary,beat,1433,1433.008259,,,,
661571.241,boundary,quarter,1433,1433.257424,,,,0.25
661688.539,boundary,half,1433,1433.506589,,,,
661800.060,boundary,quarter,1433,1433.762253,,,,0.75
661903.203,callback,beat,1434,1433.978919,11999.000,12005.000,6.000,
661903.358,callback,grid,1434,1433.978919,11999.000,12005.000,6.000,
661917.013,boundary,beat,1434,1434.007085,,,,
662034.332,boundary,quarter,1434,1434.258417,,,,0.25
662149.604,boundary,half,1434,1434.501082,,,,
662263.611,boundary,quarter,1434,1434.765413,,,,0.75
662351.268,callback,beat,1435,1434.945245,12447.000,12451.000,4.000,
662351.504,callback,grid,1435,1434.945245,12447.000,12451.000,4.000,
662381.841,boundary,beat,1435,1435.014578,,,,
662499.158,boundary,quarter,1435,1435.265910,,,,0.25
662616.444,boundary,half,1435,1435.510741,,,,
662727.131,boundary,quarter,1435,1435.768573,,,,0.75
662823.815,callback,bar,1436,1435.967905,12917.000,12923.000,6.000,
662823.964,callback,beat,1436,1435.967905,12917.000,12923.000,6.000,
662825.323,callback,grid,1436,1435.967905,12917.000,12923.000,6.000,
662837.252,boundary,beat,1436,1436.000405,,,,
662961.465,boundary,quarter,1436,1436.262569,,,,0.25
663071.818,boundary,half,1436,1436.518234,,,,
663182.205,boundary,quarter,1436,1436.750066,,,,0.75
663271.908,callback,beat,1437,1436.934232,13365.000,13369.000,4.000,
663272.133,callback,grid,1437,1436.934232,13365.000,13369.000,4.000,
663306.421,boundary,beat,1437,1437.012231,,,,
663409.941,boundary,quarter,1437,1437.250563,,,,0.25
663527.192,boundary,half,1437,1437.501894,,,,
663651.484,boundary,quarter,1437,1437.766226,,,,0.75
663741.615,callback,beat,1438,1437.954724,13834.000,13838.000,4.000,
663742.045,callback,grid,1438,1437.954724,13834.000,13838.000,4.000,
663768.698,boundary,beat,1438,1438.011057,,,,
663872.239,boundary,quarter,1438,1438.251556,,,,0.25
663989.574,boundary,half,1438,1438.500721,,,,
664113.741,boundary,quarter,1438,1438.762886,,,,0.75
664211.136,callback,beat,1439,1438.966551,14303.000,14307.000,4.000,
664212.139,callback,grid,1439,1438.966551,14303.000,14307.000,4.000,
664233.363,boundary,beat,1439,1439.018550,,,,
664334.503,boundary,quarter,1439,1439.250382,,,,0.25
664458.792,boundary,half,1439,1439.514714,,,,
664576.036,boundary,quarter,1439,1439.763879,,,,0.75
664679.711,boundary,beat,1440,1440.000044,,,,
664679.772,arrangement,transition,90,1440.000044,,,,alternate
664803.996,boundary,quarter,1440,1440.266542,,,,0.25
664921.973,boundary,half,1440,1440.513540,,,,
665038.872,boundary,quarter,1440,1440.762705,,,,0.75
665123.931,callback,beat,1441,1440.957704,451.000,457.000,6.000,
665124.065,callback,grid,1441,1440.957704,451.000,457.000,6.000,
665144.624,boundary,beat,1441,1441.007537,,,,
665261.927,boundary,quarter,1441,1441.252368,,,,0.25
665381.936,boundary,half,1441,1441.508033,,,,
665497.170,boundary,quarter,1441,1441.752865,,,,0.75
665589.217,callback,beat,1442,1441.967363,921.000,923.000,2.000,
665589.510,callback,grid,1442,1441.967363,921.000,923.000,2.000,
665606.930,boundary,beat,1442,1442.004196,,,,
665724.339,boundary,quarter,1442,1442.255528,,,,0.25
665841.541,boundary,half,1442,1442.500360,,,,
665952.647,boundary,quarter,1442,1442.758191,,,,0.75
666042.447,callback,beat,1443,1442.944523,1369.000,1374.000,5.000,
666043.103,callback,grid,1443,1442.944523,1369.000,1374.000,5.000,
666069.240,boundary,beat,1443,1443.005190,,,,
666186.541,boundary,quarter,1443,1443.252188,,,,0.25
666296.917,boundary,half,1443,1443.503519,,,,
666414.228,boundary,quarter,1443,1443.754851,,,,0.75
666510.845,callback,bar,1444,1443.956350,1838.000,1841.000,3.000,
666510.988,callback,beat,1444,1443.956350,1838.000,1841.000,3.000,
666511.059,callback,grid,1444,1443.956350,1838.000,1841.000,3.000,
666531.533,boundary,beat,1444,1444.004016,,,,
666648.834,boundary,quarter,1444,1444.251014,,,,0.25
666759.232,boundary,half,1444,1444.506679,,,,
666876.970,boundary,quarter,1444,1444.755844,,,,0.75
666983.454,callback,beat,1445,1444.979009,2307.000,2313.000,6.000,
666983.623,callback,grid,1445,1444.979009,2307.000,2313.000,6.000,
666997.676,boundary,beat,1445,1445.013676,,,,
667114.920,boundary,quarter,1445,1445.258507,,,,0.25
667225.533,boundary,half,1445,1445.514172,,,,
667340.820,boundary,quarter,1445,1445.759004,,,,0.75
667431.917,callback,beat,1446,1445.945336,2755.000,2759.000,4.000,
667432.071,callback,grid,1446,1445.945336,2755.000,2759.000,4.000,
667459.519,boundary,beat,1446,1446.010335,,,,
667569.929,boundary,quarter,1446,1446.261667,,,,0.25
667688.176,boundary,half,1446,1446.515165,,,,
667804.524,boundary,quarter,1446,1446.759997,,,,0.75
667901.267,callback,beat,1447,1446.965829,3225.000,3229.000,4.000,
667901.481,callback,grid,1447,1446.965829,3225.000,3229.000,4.000,
667925.327,boundary,beat,1447,1447.015662,,,,
668032.217,boundary,quarter,1447,1447.264827,,,,0.25
668147.720,boundary,half,1447,1447.509658,,,,
668265.270,boundary,quarter,1447,1447.756657,,,,0.75
668343.386,callback,bar,1448,1447.936489,3673.000,3678.000,5.000,
668343.548,callback,beat,1448,1447.936489,3673.000,3678.000,5.000,
668343.929,callback,grid,1448,1447.936489,3673.000,3678.000,5.000,
668382.520,boundary,beat,1448,1448.003655,,,,
668493.472,boundary,quarter,1448,1448.261487,,,,0.25
668610.231,boundary,half,1448,1448.508485,,,,
668733.287,boundary,quarter,1448,1448.770650,,,,0.75
668810.295,callback,beat,1449,1448.948315,4142.000,4145.000,3.000,
668810.491,callback,grid,1449,1448.948315,4142.000,4145.000,3.000,
668840.583,boundary,beat,1449,1449.015481,,,,
668956.281,boundary,quarter,1449,1449.260313,,,,0.25
669072.461,boundary,half,1449,1449.507311,,,,
669189.813,boundary,quarter,1449,1449.754310,,,,0.75
669279.496,callback,beat,1450,1449.962308,4611.000,4613.000,2.000,
669280.310,callback,grid,1450,1449.962308,4611.000,4613.000,2.000,
669300.421,boundary,beat,1450,1450.012141,,,,
669417.503,boundary,quarter,1450,1450.256973,,,,0.25
669534.851,boundary,half,1450,1450.503971,,,,
669645.335,boundary,quarter,1450,1450.759636,,,,0.75
669731.021,callback,beat,1451,1450.937301,5059.000,5063.000,4.000,
669731.401,callback,grid,1451,1450.937301,5059.000,5063.000,4.000,
669758.198,boundary,beat,1451,1451.000134,,,,
669884.226,boundary,quarter,1451,1451.268799,,,,0.25
669996.543,boundary,half,1451,1451.502797,,,,
670104.178,boundary,quarter,1451,1451.751962,,,,0.75
670206.806,callback,bar,1452,1451.966461,5529.000,5538.000,9.000,
670206.976,callback,beat,1452,1451.966461,5529.000,5538.000,9.000,
670207.809,callback,grid,1452,1451.966461,5529.000,5538.000,9.000,
670221.888,boundary,beat,1452,1452.001127,,,,
670339.215,boundary,quarter,1452,1452.250292,,,,0.25
670449.618,boundary,half,1452,1452.501624,,,,
670566.963,boundary,quarter,1452,1452.752955,,,,0.75
670670.344,callback,beat,1453,1452.969621,5998.000,6001.000,3.000,
670670.471,callback,grid,1453,1452.969621,5998.000,6001.000,3.000,
670691.056,boundary,beat,1453,1453.017287,,,,
670808.339,boundary,quarter,1453,1453.264285,,,,0.25
670911.859,boundary,half,1453,1453.502617,,,,
671029.184,boundary,quarter,1453,1453.753949,,,,0.75
671121.144,callback,beat,1454,1453.942447,6446.000,6450.000,4.000,
671121.305,callback,grid,1454,1453.942447,6446.000,6450.000,4.000,
671153.379,boundary,beat,1454,1454.013947,,,,
671270.759,boundary,quarter,1454,1454.263112,,,,0.25
671375.359,boundary,half,1454,1454.503610,,,,
671492.810,boundary,quarter,1454,1454.752775,,,,0.75
671589.883,callback,beat,1455,1454.954274,6915.000,6917.000,2.000,
671590.069,callback,grid,1455,1454.954274,6915.000,6917.000,2.000,
671610.015,boundary,beat,1455,1455.004107,,,,
671720.403,boundary,quarter,1455,1455.255438,,,,0.25
671841.426,boundary,half,1455,1455.513270,,,,
671955.110,boundary,quarter,1455,1455.753768,,,,0.75
672031.110,callback,bar,1456,1455.929267,7363.000,7367.000,4.000,
672031.341,callback,beat,1456,1455.929267,7363.000,7367.000,4.000,
672031.593,callback,grid,1456,1455.929267,7363.000,7367.000,4.000,
672072.448,boundary,beat,1456,1456.000766,,,,
672072.500,arrangement,layer,91,1456.000766,,,,false
672182.772,boundary,quarter,1456,1456.256431,,,,0.25
672300.007,boundary,half,1456,1456.503430,,,,
672417.294,boundary,quarter,1456,1456.752594,,,,0.75
672500.121,callback,beat,1457,1456.945426,7833.000,7836.000,3.000,
672500.291,callback,grid,1457,1456.945426,7833.000,7836.000,3.000,
672541.487,boundary,beat,1457,1457.014759,,,,
672645.054,boundary,quarter,1457,1457.255258,,,,0.25
672763.168,boundary,half,1457,1457.506589,,,,
672886.483,boundary,quarter,1457,1457.764421,,,,0.75
672969.299,callback,beat,1458,1457.959419,8302.000,8304.000,2.000,
672969.471,callback,grid,1458,1457.959419,8302.000,8304.000,2.000,
672989.987,boundary,beat,1458,1458.004919,,,,
673107.733,boundary,quarter,1458,1458.254084,,,,0.25
673224.614,boundary,half,1458,1458.501082,,,,
673335.050,boundary,quarter,1458,1458.754581,,,,0.75
673417.806,callback,beat,1459,1458.925746,8750.000,8750.000,0.000,
673417.993,callback,grid,1459,1458.925746,8750.000,8750.000,0.000,
673452.301,boundary,beat,1459,1459.003746,,,,
673569.609,boundary,quarter,1459,1459.252911,,,,0.25
673693.778,boundary,half,1459,1459.515075,,,,
673797.315,boundary,quarter,1459,1459.755574,,,,0.75
673894.224,callback,bar,1460,1459.957072,9219.000,9226.000,7.000,
673895.171,callback,beat,1460,1459.957072,9219.000,9226.000,7.000,
673896.272,callback,grid,1460,1459.957072,9219.000,9226.000,7.000,
673914.909,boundary,beat,1460,1460.004739,,,,
674032.817,boundary,quarter,1460,1460.251737,,,,0.25
674149.503,boundary,half,1460,1460.500902,,,,
674260.860,boundary,quarter,1460,1460.756567,,,,0.75
674363.730,callback,beat,1461,1460.973232,9689.000,9695.000,6.000,
674364.803,callback,grid,1461,1460.973232,9689.000,9695.000,6.000,
674377.447,boundary,beat,1461,1461.005732,,,,
674495.308,boundary,quarter,1461,1461.254897,,,,0.25
674604.986,boundary,half,1461,1461.506228,,,,
674722.311,boundary,quarter,1461,1461.755393,,,,0.75
674811.938,callback,beat,1462,1461.939559,10137.000,10141.000,4.000,
674812.107,callback,grid,1462,1461.939559,10137.000,10141.000,4.000,
674839.515,boundary,beat,1462,1462.002392,,,,
674963.691,boundary,quarter,1462,1462.266723,,,,0.25
675067.198,boundary,half,1462,1462.507221,,,,
675184.632,boundary,quarter,1462,1462.752053,,,,0.75
675281.286,callback,beat,1463,1462.955718,10606.000,10610.000,4.000,
675281.815,callback,grid,1463,1462.955718,10606.000,10610.000,4.000,
675301.806,boundary,beat,1463,1463.001218,,,,
675419.150,boundary,quarter,1463,1463.250383,,,,0.25
675529.501,boundary,half,1463,1463.506048,,,,
675647.117,boundary,quarter,1463,1463.755213,,,,0.75
675751.400,callback,bar,1464,1463.971878,11075.000,11079.000,4.000,
675751.567,callback,beat,1464,1463.971878,11075.000,11079.000,4.000,
675751.653,callback,grid,1464,1463.971878,11075.000,11079.000,4.000,
675764.143,boundary,beat,1464,1464.000044,,,,
675874.518,boundary,quarter,1464,1464.255709,,,,0.25
675991.794,boundary,half,1464,1464.502708,,,,
676109.085,boundary,quarter,1464,1464.754039,,,,0.75
676191.907,callback,beat,1465,1464.944705,11523.000,11528.000,5.000,
676192.105,callback,grid,1465,1464.944705,11523.000,11528.000,5.000,
676226.412,boundary,beat,1465,1465.001037,,,,
676336.823,boundary,quarter,1465,1465.252369,,,,0.25
676454.145,boundary,half,1465,1465.503701,,,,
676573.177,boundary,quarter,1465,1465.755032,,,,0.75
676661.098,callback,beat,1466,1465.960864,11993.000,11997.000,4.000,
676661.471,callback,grid,1466,1465.960864,11993.000,11997.000,4.000,
676684.392,boundary,beat,1466,1466.010697,,,,
676800.313,boundary,quarter,1466,1466.257695,,,,0.25
676917.663,boundary,half,1466,1466.506860,,,,
677034.986,boundary,quarter,1466,1466.751692,,,,0.75
677111.645,callback,beat,1467,1466.931524,12441.000,12445.000,4.000,
677111.795,callback,grid,1467,1466.931524,12441.000,12445.000,4.000,
677146.227,boundary,beat,1467,1467.009524,,,,
677263.801,boundary,quarter,1467,1467.258689,,,,0.25
677378.707,boundary,half,1467,1467.501353,,,,
677491.118,boundary,quarter,1467,1467.759185,,,,0.75
677580.769,callback,bar,1468,1467.945517,12910.000,12913.000,3.000,
677581.054,callback,beat,1468,1467.945517,12910.000,12913.000,3.000,
677581.178,callback,grid,1468,1467.945517,12910.000,12913.000,3.000,
677608.395,boundary,beat,1468,1468.008350,,,,
677727.403,boundary,quarter,1468,1468.261848,,,,0.25
677846.644,boundary,half,1468,1468.513180,,,,
677953.420,boundary,quarter,1468,1468.760178,,,,0.75
678050.496,callback,beat,1469,1468.961677,13379.000,13382.000,3.000,
678054.140,callback,grid,1469,1468.961677,13379.000,13382.000,3.000,
678071.446,boundary,beat,1469,1469.011510,,,,
678187.994,boundary,quarter,1469,1469.256341,,,,0.25
678305.800,boundary,half,1469,1469.503340,,,,
678415.711,boundary,quarter,1469,1469.759005,,,,0.75
678498.487,callback,beat,1470,1469.928003,13827.000,13828.000,1.000,
678498.650,callback,grid,1470,1469.928003,13827.000,13828.000,1.000,
678533.041,boundary,beat,1470,1470.008169,,,,
678650.247,boundary,quarter,1470,1470.257334,,,,0.25
678760.635,boundary,half,1470,1470.508666,,,,
678877.973,boundary,quarter,1470,1470.759998,,,,0.75
678967.657,callback,beat,1471,1470.944163,14297.000,14297.000,0.000,
678967.793,callback,grid,1471,1470.944163,14297.000,14297.000,0.000,
678995.255,boundary,beat,1471,1471.006996,,,,
679112.557,boundary,quarter,1471,1471.253994,,,,0.25
679223.013,boundary,half,1471,1471.511826,,,,
679340.291,boundary,quarter,1471,1471.756657,,,,0.75
679457.713,boundary,beat,1472,1472.005822,,,,
679457.773,arrangement,transition,92,1472.005822,,,,loop
679574.872,boundary,quarter,1472,1472.252821,,,,0.25
679685.294,boundary,half,1472,1472.506319,,,,
679802.580,boundary,quarter,1472,1472.755484,,,,0.75
679894.153,callback,beat,1473,1472.946149,445.000,452.000,7.000,
679894.462,callback,grid,1473,1472.946149,445.000,452.000,7.000,
679920.215,boundary,beat,1473,1473.004649,,,,
680030.248,boundary,quarter,1473,1473.260314,,,,0.25
680147.597,boundary,half,1473,1473.507312,,,,
680264.962,boundary,quarter,1473,1473.752144,,,,0.75
680349.231,callback,beat,1474,1473.951476,914.000,916.000,2.000,
680349.372,callback,grid,1474,1473.951476,914.000,916.000,2.000,
680375.245,boundary,beat,1474,1474.007809,,,,
680492.569,boundary,quarter,1474,1474.256973,,,,0.25
680609.869,boundary,half,1474,1474.508305,,,,
680727.166,boundary,quarter,1474,1474.755303,,,,0.75
680823.805,callback,beat,1475,1474.976302,1383.000,1389.000,6.000,
680824.028,callback,grid,1475,1474.976302,1383.000,1389.000,6.000,
680837.558,boundary,beat,1475,1475.006635,,,,
680954.904,boundary,quarter,1475,1475.257967,,,,0.25
681072.175,boundary,half,1475,1475.504965,,,,
681189.486,boundary,quarter,1475,1475.754130,,,,0.75
681272.250,callback,bar,1476,1475.944795,1831.000,1836.000,5.000,
681272.400,callback,beat,1476,1475.944795,1831.000,1836.000,5.000,
681272.570,callback,grid,1476,1475.944795,1831.000,1836.000,5.000,
681299.834,boundary,beat,1476,1476.007628,,,,
681417.160,boundary,quarter,1476,1476.258960,,,,0.25
681534.462,boundary,half,1476,1476.503791,,,,
681648.078,boundary,quarter,1476,1476.765956,,,,0.75
681741.488,callback,beat,1477,1476.960955,2301.000,2305.000,4.000,
681741.664,callback,grid,1477,1476.960955,2301.000,2305.000,4.000,
681762.155,boundary,beat,1477,1477.008621,,,,
681879.465,boundary,quarter,1477,1477.255619,,,,0.25
681997.726,boundary,half,1477,1477.500451,,,,
682107.162,boundary,quarter,1477,1477.758283,,,,0.75
682190.026,callback,beat,1478,1477.929448,2749.000,2752.000,3.000,
682190.225,callback,grid,1478,1477.929448,2749.000,2752.000,3.000,
682224.474,boundary,beat,1478,1478.005281,,,,
682341.766,boundary,quarter,1478,1478.254446,,,,0.25
682459.088,boundary,half,1478,1478.503611,,,,
682569.471,boundary,quarter,1478,1478.759276,,,,0.75
682659.192,callback,beat,1479,1478.943441,3218.000,3220.000,2.000,
682659.335,callback,grid,1479,1478.943441,3218.000,3220.000,2.000,
682686.785,boundary,beat,1479,1479.004107,,,,
682804.115,boundary,quarter,1479,1479.253272,,,,0.25
682914.550,boundary,half,1479,1479.508937,,,,
683031.752,boundary,quarter,1479,1479.755935,,,,0.75
683128.370,callback,bar,1480,1479.957434,3687.000,3688.000,1.000,
683128.519,callback,beat,1480,1479.957434,3687.000,3688.000,1.000,
683128.601,callback,grid,1480,1479.957434,3687.000,3688.000,1.000,
683149.069,boundary,beat,1480,1480.007267,,,,
683266.394,boundary,quarter,1480,1480.252099,,,,0.25
683376.771,boundary,half,1480,1480.505597,,,,
683495.409,boundary,quarter,1480,1480.759095,,,,0.75
683576.882,callback,beat,1481,1480.930261,4135.000,4135.000,0.000,
683577.144,callback,grid,1481,1480.930261,4135.000,4135.000,0.000,
683611.379,boundary,beat,1481,1481.003927,,,,
683723.521,boundary,quarter,1481,1481.259592,,,,0.25
683839.102,boundary,half,1481,1481.506590,,,,
683957.096,boundary,quarter,1481,1481.757922,,,,0.75
684052.964,callback,beat,1482,1481.959420,4605.000,4611.000,6.000,
684053.179,callback,grid,1482,1481.959420,4605.000,4611.000,6.000,
684073.676,boundary,beat,1482,1482.002753,,,,
684218.175,boundary,quarter,1482,1482.314751,,,,0.25
684298.494,boundary,half,1482,1482.501083,,,,
684417.013,boundary,quarter,1482,1482.750248,,,,0.75
684513.575,callback,beat,1483,1482.973413,5074.000,5080.000,6.000,
684513.707,callback,grid,1483,1482.973413,5074.000,5080.000,6.000,
684527.421,boundary,beat,1483,1483.003746,,,,
684644.755,boundary,quarter,1483,1483.252911,,,,0.25
684770.710,boundary,half,1483,1483.521576,,,,
684879.289,boundary,quarter,1483,1483.751241,,,,0.75
684962.109,callback,bar,1484,1483.941906,5522.000,5527.000,5.000,
684962.270,callback,beat,1484,1483.941906,5522.000,5527.000,5.000,
684962.440,callback,grid,1484,1483.941906,5522.000,5527.000,5.000,
684989.710,boundary,beat,1484,1484.002573,,,,
685107.729,boundary,quarter,1484,1484.253904,,,,0.25
685233.064,boundary,half,1484,1484.520402,,,,
685342.324,boundary,quarter,1484,1484.750068,,,,0.75
685432.027,callback,beat,1485,1484.958066,5991.000,5996.000,5.000,
685432.186,callback,grid,1485,1484.958066,5991.000,5996.000,5.000,
685452.722,boundary,beat,1485,1485.005732,,,,
685570.019,boundary,quarter,1485,1485.252731,,,,0.25
685687.325,boundary,half,1485,1485.501896,,,,
685797.695,boundary,quarter,1485,1485.755394,,,,0.75
685901.186,callback,beat,1486,1485.974226,6461.000,6465.000,4.000,
685901.297,callback,grid,1486,1485.974226,6461.000,6465.000,4.000,
685915.002,boundary,beat,1486,1486.004559,,,,
686032.280,boundary,quarter,1486,1486.253724,,,,0.25
686156.524,boundary,half,1486,1486.513722,,,,
686260.397,boundary,quarter,1486,1486.756387,,,,0.75
686349.726,callback,beat,1487,1486.940552,6909.000,6911.000,2.000,
686349.903,callback,grid,1487,1486.940552,6909.000,6911.000,2.000,
686379.503,boundary,beat,1487,1487.007719,,,,
686494.638,boundary,quarter,1487,1487.250384,,,,0.25
686612.515,boundary,half,1487,1487.501715,,,,
686722.348,boundary,quarter,1487,1487.753047,,,,0.75
686818.899,callback,bar,1488,1487.956712,7378.000,7380.000,2.000,
686819.030,callback,beat,1488,1487.956712,7378.000,7380.000,2.000,
686819.151,callback,grid,1488,1487.956712,7378.000,7380.000,2.000,
686839.620,boundary,beat,1488,1488.002212,,,,
686839.669,arrangement,layer,93,1488.002212,,,,true
686957.098,boundary,quarter,1488,1488.251377,,,,0.25
687067.305,boundary,half,1488,1488.507042,,,,
687185.383,boundary,quarter,1488,1488.756207,,,,0.75
687267.406,callback,beat,1489,1488.923039,7826.000,7826.000,0.000,
687267.569,callback,grid,1489,1488.923039,7826.000,7826.000,0.000,
687301.903,boundary,beat,1489,1489.001038,,,,
687412.330,boundary,quarter,1489,1489.254536,,,,0.25
687529.933,boundary,half,1489,1489.505868,,,,
687647.643,boundary,quarter,1489,1489.755033,,,,0.75
687743.562,callback,beat,1490,1489.956532,8295.000,8301.000,6.000,
687743.712,callback,grid,1490,1489.956532,8295.000,8301.000,6.000,
687764.208,boundary,beat,1490,1490.002031,,,,
687874.731,boundary,quarter,1490,1490.253363,,,,0.25
687992.588,boundary,half,1490,1490.504694,,,,
688109.254,boundary,quarter,1490,1490.751693,,,,0.75
688212.846,callback,beat,1491,1490.970525,8765.000,8770.000,5.000,
688213.008,callback,grid,1491,1490.970525,8765.000,8770.000,5.000,
688233.404,boundary,beat,1491,1491.016024,,,,
688336.914,boundary,quarter,1491,1491.256523,,,,0.25
688454.218,boundary,half,1491,1491.501354,,,,
688571.535,boundary,quarter,1491,1491.750519,,,,0.75
688647.816,callback,bar,1492,1491.928185,9213.000,9213.000,0.000,
688648.238,callback,beat,1492,1491.928185,9213.000,9213.000,0.000,
688649.249,callback,grid,1492,1491.928185,9213.000,9213.000,0.000,
688681.927,boundary,beat,1492,1492.006184,,,,
688799.254,boundary,quarter,1492,1492.255349,,,,0.25
688916.604,boundary,half,1492,1492.502347,,,,
689040.742,boundary,quarter,1492,1492.766679,,,,0.75
689119.500,callback,beat,1493,1492.948678,9682.000,9684.000,2.000,
689119.745,callback,grid,1493,1492.948678,9682.000,9684.000,2.000,
689144.246,boundary,beat,1493,1493.005010,,,,
689261.508,boundary,quarter,1493,1493.252009,,,,0.25
689379.290,boundary,half,1493,1493.503340,,,,
689496.144,boundary,quarter,1493,1493.750339,,,,0.75
689592.713,callback,beat,1494,1493.971337,10151.000,10156.000,5.000,
689592.828,callback,grid,1494,1493.971337,10151.000,10156.000,5.000,
689606.498,boundary,beat,1494,1494.001670,,,,
689723.827,boundary,quarter,1494,1494.253002,,,,0.25
689841.197,boundary,half,1494,1494.500000,,,,
689951.493,boundary,quarter,1494,1494.755665,,,,0.75
690041.268,callback,beat,1495,1494.939830,10599.000,10603.000,4.000,
690041.403,callback,grid,1495,1494.939830,10599.000,10603.000,4.000,
690068.811,boundary,beat,1495,1495.002663,,,,
690193.142,boundary,quarter,1495,1495.269162,,,,0.25
690296.511,boundary,half,1495,1495.503160,,,,
690413.805,boundary,quarter,1495,1495.752325,,,,0.75
690512.361,callback,bar,1496,1495.960323,11069.000,11074.000,5.000,
690512.554,callback,beat,1496,1495.960323,11069.000,11074.000,5.000,
690515.402,callback,grid,1496,1495.960323,11069.000,11074.000,5.000,
690531.132,boundary,beat,1496,1496.003656,,,,
690648.416,boundary,quarter,1496,1496.250655,,,,0.25
690758.836,boundary,half,1496,1496.504153,,,,
690876.206,boundary,quarter,1496,1496.753318,,,,0.75
690979.623,callback,beat,1497,1496.969983,11538.000,11540.000,2.000,
690979.766,callback,grid,1497,1496.969983,11538.000,11540.000,2.000,
690993.420,boundary,beat,1497,1497.000316,,,,
691117.609,boundary,quarter,1497,1497.264648,,,,0.25
691221.147,boundary,half,1497,1497.505146,,,,
691339.706,boundary,quarter,1497,1497.756478,,,,0.75
691431.499,callback,beat,1498,1497.944976,11986.000,11990.000,4.000,
691431.639,callback,grid,1498,1497.944976,11986.000,11990.000,4.000,
691462.645,boundary,beat,1498,1498.014309,,,,
691566.107,boundary,quarter,1498,1498.254808,,,,0.25
691683.433,boundary,half,1498,1498.503972,,,,
691801.372,boundary,quarter,1498,1498.753137,,,,0.75
691897.313,callback,beat,1499,1498.956803,12455.000,12455.000,0.000,
691897.743,callback,grid,1499,1498.956803,12455.000,12455.000,0.000,
691918.675,boundary,beat,1499,1499.002302,,,,
692029.328,boundary,quarter,1499,1499.255801,,,,0.25
692146.459,boundary,half,1499,1499.502799,,,,
692263.768,boundary,quarter,1499,1499.751964,,,,0.75
692339.681,callback,bar,1500,1499.927463,12903.000,12905.000,2.000,
692339.797,callback,beat,1500,1499.927463,12903.000,12905.000,2.000,
692339.886,callback,grid,1500,1499.927463,12903.000,12905.000,2.000,
692381.218,boundary,beat,1500,1500.001129,,,,
692491.494,boundary,quarter,1500,1500.256794,,,,0.25
692608.788,boundary,half,1500,1500.501625,,,,
692734.550,boundary,quarter,1500,1500.770290,,,,0.75
692810.474,callback,beat,1501,1500.947956,13373.000,13376.000,3.000,
692813.594,callback,grid,1501,1500.947956,13373.000,13376.000,3.000,
692834.528,boundary,beat,1501,1501.002122,,,,
692951.856,boundary,quarter,1501,1501.251287,,,,0.25
693070.069,boundary,half,1501,1501.502618,,,,
693194.009,boundary,quarter,1501,1501.762617,,,,0.75
693283.140,callback,beat,1502,1501.970615,13842.000,13848.000,6.000,
693283.356,callback,grid,1502,1501.970615,13842.000,13848.000,6.000,
693296.865,boundary,beat,1502,1502.003115,,,,
693414.198,boundary,quarter,1502,1502.250113,,,,0.25
693538.349,boundary,half,1502,1502.514445,,,,
693642.662,boundary,quarter,1502,1502.750610,,,,0.75
693731.596,callback,beat,1503,1502.936942,14290.000,14294.000,4.000,
693733.129,callback,grid,1503,1502.936942,14290.000,14294.000,4.000,
693766.178,boundary,beat,1503,1503.014941,,,,
693883.357,boundary,quarter,1503,1503.264106,,,,0.25
694000.722,boundary,half,1503,1503.511105,,,,
694106.252,boundary,quarter,1503,1503.755936,,,,0.75
694224.325,boundary,beat,1504,1504.007268,,,,
694224.381,arrangement,transition,94,1504.007268,,,,alternate
694341.680,boundary,quarter,1504,1504.252099,,,,0.25
694452.542,boundary,half,1504,1504.507764,,,,
694569.826,boundary,quarter,1504,1504.759096,,,,0.75
694678.299,callback,beat,1505,1504.986594,460.000,471.000,11.000,
694678.465,callback,grid,1505,1504.986594,460.000,471.000,11.000,
694687.134,boundary,beat,1505,1505.008261,,,,
694804.439,boundary,quarter,1505,1505.255259,,,,0.25
694914.804,boundary,half,1505,1505.508757,,,,
695032.135,boundary,quarter,1505,1505.757922,,,,0.75
695122.807,callback,beat,1506,1505.944254,908.000,913.000,5.000,
695122.994,callback,grid,1506,1505.944254,908.000,913.000,5.000,
695149.568,boundary,beat,1506,1506.004921,,,,
695266.676,boundary,quarter,1506,1506.251919,,,,0.25
695377.080,boundary,half,1506,1506.509750,,,,
695494.495,boundary,quarter,1506,1506.754582,,,,0.75
695591.030,callback,beat,1507,1506.958247,1377.000,1381.000,4.000,
695591.189,callback,grid,1507,1506.958247,1377.000,1381.000,4.000,
695611.733,boundary,beat,1507,1507.003747,,,,
695722.114,boundary,quarter,1507,1507.259412,,,,0.25
695839.456,boundary,half,1507,1507.508577,,,,
695965.816,boundary,quarter,1507,1507.775075,,,,0.75
696033.146,callback,bar,1508,1507.933241,1825.000,1831.000,6.000,
696033.480,callback,beat,1508,1507.933241,1825.000,1831.000,6.000,
696033.688,callback,grid,1508,1507.933241,1825.000,1831.000,6.000,
696075.952,boundary,beat,1508,1508.006907,,,,
696184.911,boundary,quarter,1508,1508.260405,,,,0.25
696302.393,boundary,half,1508,1508.507403,,,,
696420.613,boundary,quarter,1508,1508.758735,,,,0.75
696502.312,callback,beat,1509,1508.947234,2294.000,2299.000,5.000,
696502.442,callback,grid,1509,1508.947234,2294.000,2299.000,5.000,
696538.757,boundary,beat,1509,1509.007900,,,,
696647.234,boundary,quarter,1509,1509.261398,,,,0.25
696764.508,boundary,half,1509,1509.506230,,,,
696881.829,boundary,quarter,1509,1509.755395,,,,0.75
696971.531,callback,beat,1510,1509.963393,2764.000,2768.000,4.000,
696971.695,callback,grid,1510,1509.963393,2764.000,2768.000,4.000,
696992.223,boundary,beat,1510,1510.011060,,,,
697109.514,boundary,quarter,1510,1510.258058,,,,0.25
697226.807,boundary,half,1510,1510.509389,,,,
697344.122,boundary,quarter,1510,1510.754221,,,,0.75
697420.024,callback,beat,1511,1510.931887,3212.000,3215.000,3.000,
697420.134,callback,grid,1511,1510.931887,3212.000,3215.000,3.000,
697454.505,boundary,beat,1511,1511.007719,,,,
697571.858,boundary,quarter,1511,1511.259051,,,,0.25
697690.633,boundary,half,1511,1511.508216,,,,
697801.096,boundary,quarter,1511,1511.761714,,,,0.75
697889.214,callback,bar,1512,1511.945880,3681.000,3683.000,2.000,
697889.383,callback,beat,1512,1511.945880,3681.000,3683.000,2.000,
697889.499,callback,grid,1512,1511.945880,3681.000,3683.000,2.000,
697916.817,boundary,beat,1512,1512.008712,,,,
698034.136,boundary,quarter,1512,1512.255711,,,,0.25
698151.439,boundary,half,1512,1512.504876,,,,
698261.524,boundary,quarter,1512,1512.756207,,,,0.75
698358.436,callback,beat,1513,1512.959873,4150.000,4151.000,1.000,
698358.614,callback,grid,1513,1512.959873,4150.000,4151.000,1.000,
698379.122,boundary,beat,1513,1513.009706,,,,
698496.430,boundary,quarter,1513,1513.254537,,,,0.25
698606.875,boundary,half,1513,1513.510202,,,,
698724.143,boundary,quarter,1513,1513.759367,,,,0.75
698807.886,callback,beat,1514,1513.930532,4598.000,4599.000,1.000,
698808.074,callback,grid,1514,1513.930532,4598.000,4599.000,1.000,
698841.701,boundary,beat,1514,1514.006365,,,,
698958.985,boundary,quarter,1514,1514.257697,,,,0.25
699071.282,boundary,half,1514,1514.513362,,,,
699187.688,boundary,quarter,1514,1514.760360,,,,0.75
699291.821,callback,beat,1515,1514.955359,5068.000,5072.000,4.000,
699291.993,callback,grid,1515,1514.955359,5068.000,5072.000,4.000,
699307.148,boundary,beat,1515,1515.013858,,,,
699424.426,boundary,quarter,1515,1515.260857,,,,0.25
699530.346,boundary,half,1515,1515.507855,,,,
699649.224,boundary,quarter,1515,1515.757020,,,,0.75
699747.317,callback,bar,1516,1515.962852,5537.000,5537.000,0.000,
699747.470,callback,beat,1516,1515.962852,5537.000,5537.000,0.000,
699747.763,callback,grid,1516,1515.962852,5537.000,5537.000,0.000,
699771.629,boundary,beat,1516,1516.017018,,,,
699875.454,boundary,quarter,1516,1516.253183,,,,0.25
699993.267,boundary,half,1516,1516.506681,,,,
700114.942,boundary,quarter,1516,1516.766680,,,,0.75
700189.063,callback,beat,1517,1516.937845,5985.000,5987.000,2.000,
700189.500,callback,grid,1517,1516.937845,5985.000,5987.000,2.000,
700230.638,boundary,beat,1517,1517.007178,,,,
700340.832,boundary,quarter,1517,1517.265009,,,,0.25
700458.150,boundary,half,1517,1517.512008,,,,
700576.611,boundary,quarter,1517,1517.761173,,,,0.75
700659.295,callback,beat,1518,1517.954005,6454.000,6456.000,2.000,
700659.487,callback,grid,1518,1517.954005,6454.000,6456.000,2.000,
700694.136,boundary,beat,1518,1518.012504,,,,
700842.933,boundary,quarter,1518,1518.354835,,,,0.25
700922.563,boundary,half,1518,1518.515167,,,,
701035.487,boundary,quarter,1518,1518.753499,,,,0.75
701111.455,callback,beat,1519,1518.928998,6902.000,6906.000,4.000,
701111.672,callback,grid,1519,1518.928998,6902.000,6906.000,4.000,
701145.885,boundary,beat,1519,1519.009164,,,,
701263.478,boundary,quarter,1519,1519.258329,,,,0.25
701380.532,boundary,half,1519,1519.503161,,,,
701493.082,boundary,quarter,1519,1519.763159,,,,0.75
701580.578,callback,bar,1520,1519.945158,7372.000,7375.000,3.000,
701580.756,callback,beat,1520,1519.945158,7372.000,7375.000,3.000,
701581.327,callback,grid,1520,1519.945158,7372.000,7375.000,3.000,
701608.192,boundary,beat,1520,1520.007990,,,,
701608.256,arrangement,layer,95,1520.007990,,,,false
701725.484,boundary,quarter,1520,1520.254989,,,,0.25
701842.780,boundary,half,1520,1520.504154,,,,
701953.410,boundary,quarter,1520,1520.757652,,,,0.75
702049.753,callback,beat,1521,1520.961317,7841.000,7844.000,3.000,
702049.897,callback,grid,1521,1520.961317,7841.000,7844.000,3.000,
702070.486,boundary,beat,1521,1521.006817,,,,
702187.765,boundary,quarter,1521,1521.253815,,,,0.25
702305.070,boundary,half,1521,1521.502980,,,,
702415.480,boundary,quarter,1521,1521.758645,,,,0.75
702498.253,callback,beat,1522,1521.927644,8289.000,8290.000,1.000,
702498.382,callback,grid,1522,1521.927644,8289.000,8290.000,1.000,
702532.791,boundary,beat,1522,1522.003477,,,,
702650.080,boundary,quarter,1522,1522.254808,,,,0.25
702760.451,boundary,half,1522,1522.508306,,,,
702877.777,boundary,quarter,1522,1522.757471,,,,0.75
702967.469,callback,beat,1523,1522.941637,8758.000,8758.000,0.000,
702967.990,callback,grid,1523,1522.941637,8758.000,8758.000,0.000,
702996.876,boundary,beat,1523,1523.010970,,,,
703114.791,boundary,quarter,1523,1523.255801,,,,0.25
703222.747,boundary,half,1523,1523.509300,,,,
703340.138,boundary,quarter,1523,1523.756298,,,,0.75
703436.846,callback,bar,1524,1523.959963,9228.000,9228.000,0.000,
703437.187,callback,beat,1524,1523.959963,9228.000,9228.000,0.000,
703437.507,callback,grid,1524,1523.959963,9228.000,9228.000,0.000,
703457.373,boundary,beat,1524,1524.005463,,,,
703574.765,boundary,quarter,1524,1524.252461,,,,0.25
703685.142,boundary,half,1524,1524.505959,,,,
703802.360,boundary,quarter,1524,1524.755124,,,,0.75
703892.030,callback,beat,1525,1524.943623,9676.000,9681.000,5.000,
703892.164,callback,grid,1525,1524.943623,9676.000,9681.000,5.000,
703919.692,boundary,beat,1525,1525.004289,,,,
704030.080,boundary,quarter,1525,1525.259954,,,,0.25
704147.334,boundary,half,1525,1525.506952,,,,
704264.672,boundary,quarter,1525,1525.751784,,,,0.75
704347.465,callback,beat,1526,1525.946783,10145.000,10145.000,0.000,
704347.730,callback,grid,1526,1525.946783,10145.000,10145.000,0.000,
704375.072,boundary,beat,1526,1526.007449,,,,
704492.365,boundary,quarter,1526,1526.256614,,,,0.25
704609.710,boundary,half,1526,1526.505779,,,,
704732.201,boundary,quarter,1526,1526.765777,,,,0.75
704816.791,callback,beat,1527,1526.962942,10614.000,10614.000,0.000,
704817.168,callback,grid,1527,1526.962942,10614.000,10614.000,0.000,
704842.821,boundary,beat,1527,1527.017109,,,,
704957.629,boundary,quarter,1527,1527.261940,,,,0.25
705078.599,boundary,half,1527,1527.519772,,,,
705197.132,boundary,quarter,1527,1527.771103,,,,0.75
705268.970,callback,bar,1528,1527.935769,11062.000,11063.000,1.000,
705269.195,callback,beat,1528,1527.935769,11062.000,11063.000,1.000,
705276.154,callback,grid,1528,1527.935769,11062.000,11063.000,1.000,
705302.614,boundary,beat,1528,1528.011602,,,,
705419.981,boundary,quarter,1528,1528.265100,,,,0.25
705538.634,boundary,half,1528,1528.512098,,,,
705642.976,boundary,quarter,1528,1528.752597,,,,0.75
705740.378,callback,beat,1529,1528.954095,11532.000,11533.000,1.000,
705740.741,callback,grid,1529,1528.954095,11532.000,11533.000,1.000,
705759.472,boundary,beat,1529,1529.001762,,,,
705876.942,boundary,quarter,1529,1529.250927,,,,0.25
706000.923,boundary,half,1529,1529.515258,,,,
706104.419,boundary,quarter,1529,1529.751423,,,,0.75
706187.217,callback,beat,1530,1529.922589,11980.000,11980.000,0.000,
706187.352,callback,grid,1530,1529.922589,11980.000,11980.000,0.000,
706221.780,boundary,beat,1530,1530.000588,,,,
706345.933,boundary,quarter,1530,1530.264920,,,,0.25
706463.214,boundary,half,1530,1530.511918,,,,
706566.762,boundary,quarter,1530,1530.754583,,,,0.75
706663.490,callback,beat,1531,1530.951748,12449.000,12455.000,6.000,
706663.674,callback,grid,1531,1530.951748,12449.000,12455.000,6.000,
706691.623,boundary,beat,1531,1531.014581,,,,
706803.129,boundary,quarter,1531,1531.250746,,,,0.25
706912.835,boundary,half,1531,1531.506411,,,,
707031.448,boundary,quarter,1531,1531.755576,,,,0.75
707128.561,callback,bar,1532,1531.957075,12918.000,12919.000,1.000,
707128.767,callback,beat,1532,1531.957075,12918.000,12919.000,1.000,
707131.656,callback,grid,1532,1531.957075,12918.000,12919.000,1.000,
707148.824,boundary,beat,1532,1532.006907,,,,
707267.517,boundary,quarter,1532,1532.253906,,,,0.25
707376.442,boundary,half,1532,1532.505237,,,,
707493.748,boundary,quarter,1532,1532.756569,,,,0.75
707583.481,callback,beat,1533,1532.942901,13366.000,13372.000,6.000,
707583.639,callback,grid,1533,1532.942901,13366.000,13372.000,6.000,
707611.051,boundary,beat,1533,1533.003567,,,,
707721.464,boundary,quarter,1533,1533.254899,,,,0.25
707838.751,boundary,half,1533,1533.506230,,,,
707956.064,boundary,quarter,1533,1533.753229,,,,0.75
708052.642,callback,beat,1534,1533.959061,13836.000,13841.000,5.000,
708052.847,callback,grid,1534,1533.959061,13836.000,13841.000,5.000,
708073.353,boundary,beat,1534,1534.002394,,,,
708185.872,boundary,quarter,1534,1534.262392,,,,0.25
708303.410,boundary,half,1534,1534.511557,,,,
708420.464,boundary,quarter,1534,1534.756388,,,,0.75
708510.188,callback,beat,1535,1534.966554,14305.000,14308.000,3.000,
708510.336,callback,grid,1535,1534.966554,14305.000,14308.000,3.000,
708530.879,boundary,beat,1535,1535.012053,,,,
708643.144,boundary,quarter,1535,1535.250385,,,,0.25
708765.528,boundary,half,1535,1535.508217,,,,
708882.804,boundary,quarter,1535,1535.759548,,,,0.75
708993.313,boundary,beat,1536,1536.010880,,,,
708993.386,arrangement,transition,96,1536.010880,,,,loop
709110.490,boundary,quarter,1536,1536.260045,,,,0.25
709227.779,boundary,half,1536,1536.509210,,,,
709345.068,boundary,quarter,1536,1536.754041,,,,0.75
709428.086,callback,beat,1537,1536.949040,453.000,454.000,1.000,
709428.321,callback,grid,1537,1536.949040,453.000,454.000,1.000,
709455.455,boundary,beat,1537,1537.009706,,,,
709572.797,boundary,quarter,1537,1537.258871,,,,0.25
709690.061,boundary,half,1537,1537.508036,,,,
709800.483,boundary,quarter,1537,1537.761534,,,,0.75
709897.072,callback,beat,1538,1537.963033,922.000,922.000,0.000,
709897.206,callback,grid,1538,1537.963033,922.000,922.000,0.000,
709917.764,boundary,beat,1538,1538.012866,,,,
710035.102,boundary,quarter,1538,1538.257698,,,,0.25
710152.599,boundary,half,1538,1538.504696,,,,
710262.788,boundary,quarter,1538,1538.762527,,,,0.75
710349.386,callback,beat,1539,1538.938026,1370.000,1372.000,2.000,
710350.552,callback,grid,1539,1538.938026,1370.000,1372.000,2.000,
710380.125,boundary,beat,1539,1539.009526,,,,
710498.621,boundary,quarter,1539,1539.260857,,,,0.25
710614.718,boundary,half,1539,1539.503522,,,,
710727.079,boundary,quarter,1539,1539.765687,,,,0.75
710821.712,callback,bar,1540,1539.962852,1840.000,1845.000,5.000,
710821.898,callback,beat,1540,1539.962852,1840.000,1845.000,5.000,
710822.067,callback,grid,1540,1539.962852,1840.000,1845.000,5.000,
710842.384,boundary,beat,1540,1540.008352,,,,
710959.689,boundary,quarter,1540,1540.255350,,,,0.25
711070.064,boundary,half,1540,1540.513182,,,,
711187.392,boundary,quarter,1540,1540.758014,,,,0.75
711270.155,callback,beat,1541,1540.929179,2288.000,2291.000,3.000,
711270.279,callback,grid,1541,1540.929179,2288.000,2291.000,3.000,
711304.708,boundary,beat,1541,1541.007179,,,,
711415.043,boundary,quarter,1541,1541.260677,,,,0.25
711532.385,boundary,half,1541,1541.509842,,,,
711649.673,boundary,quarter,1541,1541.759007,,,,0.75
711739.355,callback,beat,1542,1541.947505,2757.000,2759.000,2.000,
711739.465,callback,grid,1542,1541.947505,2757.000,2759.000,2.000,
711766.978,boundary,beat,1542,1542.006005,,,,
711877.381,boundary,quarter,1542,1542.259503,,,,0.25
711995.645,boundary,half,1542,1542.510835,,,,
712112.039,boundary,quarter,1542,1542.757833,,,,0.75
712208.572,callback,beat,1543,1542.963665,3226.000,3227.000,1.000,
712208.753,callback,grid,1543,1542.963665,3226.000,3227.000,1.000,
712231.403,boundary,beat,1543,1543.011331,,,,
712339.765,boundary,quarter,1543,1543.260496,,,,0.25
712454.762,boundary,half,1543,1543.503161,,,,
712572.651,boundary,quarter,1543,1543.752326,,,,0.75
712649.816,callback,bar,1544,1543.932158,3674.000,3677.000,3.000,
712650.206,callback,beat,1544,1543.932158,3674.000,3677.000,3.000,
712650.383,callback,grid,1544,1543.932158,3674.000,3677.000,3.000,
712682.420,boundary,beat,1544,1544.005825,,,,
712799.688,boundary,quarter,1544,1544.257156,,,,0.25
712917.013,boundary,half,1544,1544.501988,,,,
713041.255,boundary,quarter,1544,1544.766319,,,,0.75
713117.090,callback,beat,1545,1544.943985,4144.000,4144.000,0.000,
713117.226,callback,grid,1545,1544.943985,4144.000,4144.000,0.000,
713144.722,boundary,beat,1545,1545.006818,,,,
713261.979,boundary,quarter,1545,1545.253816,,,,0.25
713379.318,boundary,half,1545,1545.502981,,,,
713503.532,boundary,quarter,1545,1545.762979,,,,0.75
713594.030,callback,beat,1546,1545.975311,4613.000,4620.000,7.000,
713594.400,callback,grid,1546,1545.975311,4613.000,4620.000,7.000,
713607.014,boundary,beat,1546,1546.005644,,,,
713723.555,boundary,quarter,1546,1546.250476,,,,0.25
713842.832,boundary,half,1546,1546.503974,,,,
713949.536,boundary,quarter,1546,1546.750972,,,,0.75
714038.699,callback,beat,1547,1546.932971,5061.000,5062.000,1.000,
714038.904,callback,grid,1547,1546.932971,5061.000,5062.000,1.000,
714073.212,boundary,beat,1547,1547.008804,,,,
714190.506,boundary,quarter,1547,1547.257969,,,,0.25
714307.823,boundary,half,1547,1547.507134,,,,
714419.138,boundary,quarter,1547,1547.764965,,,,0.75
714507.905,callback,bar,1548,1547.946964,5530.000,5530.000,0.000,
714508.081,callback,beat,1548,1547.946964,5530.000,5530.000,0.000,
714508.922,callback,grid,1548,1547.946964,5530.000,5530.000,0.000,
714535.493,boundary,beat,1548,1548.011963,,,,
714652.811,boundary,quarter,1548,1548.258962,,,,0.25
714765.458,boundary,half,1548,1548.516793,,,,
714880.521,boundary,quarter,1548,1548.761625,,,,0.75
714977.071,callback,beat,1549,1548.965290,6000.000,6000.000,0.000,
714977.210,callback,grid,1549,1548.965290,6000.000,6000.000,0.000,
714998.799,boundary,beat,1549,1549.015123,,,,
715115.131,boundary,quarter,1549,1549.259955,,,,0.25
715225.506,boundary,half,1549,1549.511286,,,,
715342.766,boundary,quarter,1549,1549.762618,,,,0.75
715432.501,callback,beat,1550,1549.946783,6448.000,6453.000,5.000,
715432.712,callback,grid,1550,1549.946783,6448.000,6453.000,5.000,
715460.113,boundary,beat,1550,1550.009616,,,,
715570.527,boundary,quarter,1550,1550.263115,,,,0.25
715681.764,boundary,half,1550,1550.501446,,,,
715814.910,boundary,quarter,1550,1550.783111,,,,0.75
715899.738,callback,beat,1551,1550.958610,6917.000,6919.000,2.000,
715899.925,callback,grid,1551,1550.958610,6917.000,6919.000,2.000,
715920.558,boundary,beat,1551,1551.001943,,,,
716031.327,boundary,quarter,1551,1551.257608,,,,0.25
716148.287,boundary,half,1551,1551.504606,,,,
716269.582,boundary,quarter,1551,1551.762438,,,,0.75
716339.078,callback,bar,1552,1551.922770,7365.000,7365.000,0.000,
716339.231,callback,beat,1552,1551.922770,7365.000,7365.000,0.000,
716339.470,callback,grid,1552,1551.922770,7365.000,7365.000,0.000,
716387.435,boundary,beat,1552,1552.015936,,,,
716387.501,arrangement,layer,97,1552.015936,,,,true
716490.905,boundary,quarter,1552,1552.254267,,,,0.25
716608.567,boundary,half,1552,1552.501266,,,,
716732.792,boundary,quarter,1552,1552.767764,,,,0.75
716809.567,callback,beat,1553,1552.941096,7834.000,7835.000,1.000,
716809.963,callback,grid,1553,1552.941096,7834.000,7835.000,1.000,
716835.902,boundary,beat,1553,1553.006096,,,,
716953.191,boundary,quarter,1553,1553.250927,,,,0.25
717070.474,boundary,half,1553,1553.500092,,,,
717194.696,boundary,quarter,1553,1553.764424,,,,0.75
717277.788,callback,beat,1554,1553.957256,8304.000,8304.000,0.000,
717278.024,callback,grid,1554,1553.957256,8304.000,8304.000,0.000,
717298.650,boundary,beat,1554,1554.007089,,,,
717418.128,boundary,quarter,1554,1554.258420,,,,0.25
717534.528,boundary,half,1554,1554.501085,,,,
717653.990,boundary,quarter,1554,1554.756750,,,,0.75
717742.602,callback,beat,1555,1554.960415,8752.000,8767.000,15.000,
717742.762,callback,grid,1555,1554.960415,8752.000,8767.000,15.000,
717776.836,boundary,beat,1555,1555.040582,,,,
717885.281,boundary,quarter,1555,1555.263747,,,,0.25
717995.654,boundary,half,1555,1555.502078,,,,
718106.077,boundary,quarter,1555,1555.753410,,,,0.75
718202.690,callback,bar,1556,1555.957075,9221.000,9227.000,6.000,
718202.842,callback,beat,1556,1555.957075,9221.000,9227.000,6.000,
718203.014,callback,grid,1556,1555.957075,9221.000,9227.000,6.000,
718223.401,boundary,beat,1556,1556.002575,,,,
718340.665,boundary,quarter,1556,1556.251740,,,,0.25
718451.066,boundary,half,1556,1556.505238,,,,
718568.372,boundary,quarter,1556,1556.754403,,,,0.75
718671.940,callback,beat,1557,1556.971068,9690.000,9695.000,5.000,
718672.082,callback,grid,1557,1556.971068,9690.000,9695.000,5.000,
718685.686,boundary,beat,1557,1557.001401,,,,
718807.660,boundary,quarter,1557,1557.261400,,,,0.25
718913.346,boundary,half,1557,1557.504065,,,,
719030.706,boundary,quarter,1557,1557.755396,,,,0.75
719120.348,callback,beat,1558,1557.937395,10138.000,10141.000,3.000,
719120.527,callback,grid,1558,1557.937395,10138.000,10141.000,3.000,
719148.115,boundary,beat,1558,1558.002394,,,,
719272.240,boundary,quarter,1558,1558.266726,,,,0.25
719398.855,boundary,half,1558,1558.559224,,,,
719495.493,boundary,quarter,1558,1558.756389,,,,0.75
719592.020,callback,beat,1559,1558.960054,10608.000,10613.000,5.000,
719592.140,callback,grid,1559,1558.960054,10608.000,10613.000,5.000,
719612.735,boundary,beat,1559,1559.007721,,,,
719723.171,boundary,quarter,1559,1559.261219,,,,0.25
719840.574,boundary,half,1559,1559.510384,,,,
719957.844,boundary,quarter,1559,1559.757382,,,,0.75
720061.854,callback,bar,1560,1559.978381,11077.000,11082.000,5.000,
720062.190,callback,beat,1560,1559.978381,11077.000,11082.000,5.000,
720062.767,callback,grid,1560,1559.978381,11077.000,11082.000,5.000,
720075.091,boundary,beat,1560,1560.004381,,,,
720185.481,boundary,quarter,1560,1560.260045,,,,0.25
720306.173,boundary,half,1560,1560.511377,,,,
720421.119,boundary,quarter,1560,1560.760542,,,,0.75
720497.041,callback,beat,1561,1560.936041,11525.000,11525.000,0.000,
720497.199,callback,grid,1561,1560.936041,11525.000,11525.000,0.000,
720538.509,boundary,beat,1561,1561.005374,,,,
720649.918,boundary,quarter,1561,1561.265372,,,,0.25
720766.773,boundary,half,1561,1561.512370,,,,
720883.961,boundary,quarter,1561,1561.759368,,,,0.75
720966.765,callback,beat,1562,1561.952200,11994.000,11994.000,0.000,
720966.914,callback,grid,1562,1561.952200,11994.000,11994.000,0.000,
720994.382,boundary,beat,1562,1562.015033,,,,
721111.671,boundary,quarter,1562,1562.262032,,,,0.25
721232.120,boundary,half,1562,1562.517697,,,,
721346.709,boundary,quarter,1562,1562.760362,,,,0.75
721420.600,callback,beat,1563,1562.929360,12442.000,12445.000,3.000,
721420.762,callback,grid,1563,1562.929360,12442.000,12445.000,3.000,
721456.705,boundary,beat,1563,1563.016026,,,,
721574.123,boundary,quarter,1563,1563.263025,,,,0.25
721691.279,boundary,half,1563,1563.507856,,,,
721801.703,boundary,quarter,1563,1563.763521,,,,0.75
721891.400,callback,bar,1564,1563.949853,12912.000,12916.000,4.000,
721891.558,callback,beat,1564,1563.949853,12912.000,12916.000,4.000,
721891.686,callback,grid,1564,1563.949853,12912.000,12916.000,4.000,
721920.826,boundary,beat,1564,1564.017020,,,,
722036.299,boundary,quarter,1564,1564.259684,,,,0.25
722153.608,boundary,half,1564,1564.508849,,,,
722263.965,boundary,quarter,1564,1564.762348,,,,0.75
722360.550,callback,beat,1565,1564.963846,13381.000,13384.000,3.000,
722360.691,callback,grid,1565,1564.963846,13381.000,13384.000,3.000,
722381.257,boundary,beat,1565,1565.011513,,,,
722498.541,boundary,quarter,1565,1565.258511,,,,0.25
722608.964,boundary,half,1565,1565.514176,,,,
722726.316,boundary,quarter,1565,1565.763341,,,,0.75
722809.128,callback,beat,1566,1565.932340,13829.000,13831.000,2.000,
722809.298,callback,grid,1566,1565.932340,13829.000,13831.000,2.000,
722843.779,boundary,beat,1566,1566.010339,,,,
722961.662,boundary,quarter,1566,1566.261671,,,,0.25
723064.869,boundary,half,1566,1566.500002,,,,
723186.327,boundary,quarter,1566,1566.755667,,,,0.75
723279.751,callback,beat,1567,1566.950666,14298.000,14301.000,3.000,
723279.887,callback,grid,1567,1566.950666,14298.000,14301.000,3.000,
723307.342,boundary,beat,1567,1567.013499,,,,
723425.103,boundary,quarter,1567,1567.260497,,,,0.25
723528.122,boundary,half,1567,1567.500995,,,,
723652.332,boundary,quarter,1567,1567.763160,,,,0.75
723769.759,boundary,beat,1568,1568.014492,,,,
723769.810,arrangement,transition,98,1568.014492,,,,alternate
723873.106,boundary,quarter,1568,1568.250657,,,,0.25
723997.347,boundary,half,1568,1568.514988,,,,
724114.725,boundary,quarter,1568,1568.761987,,,,0.75
724186.919,callback,beat,1569,1568.930986,446.000,446.000,0.000,
724187.309,callback,grid,1569,1568.930986,446.000,446.000,0.000,
724231.963,boundary,beat,1569,1569.011152,,,,
724342.329,boundary,quarter,1569,1569.266817,,,,0.25
724459.608,boundary,half,1569,1569.511648,,,,
724577.984,boundary,quarter,1569,1569.765146,,,,0.75
724659.755,callback,beat,1570,1569.955812,916.000,919.000,3.000,
724659.948,callback,grid,1570,1569.955812,916.000,919.000,3.000,
724694.605,boundary,beat,1570,1570.012145,,,,
724797.714,boundary,quarter,1570,1570.250476,,,,0.25
724921.952,boundary,half,1570,1570.514808,,,,
725039.256,boundary,quarter,1570,1570.759640,,,,0.75
725108.251,callback,beat,1571,1570.922138,1364.000,1365.000,1.000,
725108.416,callback,grid,1571,1570.922138,1364.000,1365.000,1.000,
725142.699,boundary,beat,1571,1571.000138,,,,
725266.928,boundary,quarter,1571,1571.264469,,,,0.25
725384.240,boundary,half,1571,1571.511468,,,,
725489.122,boundary,quarter,1571,1571.751966,,,,0.75
725577.452,callback,bar,1572,1571.936131,1833.000,1833.000,0.000,
725577.626,callback,beat,1572,1571.936131,1833.000,1833.000,0.000,
725577.812,callback,grid,1572,1571.936131,1833.000,1833.000,0.000,
725611.968,boundary,beat,1572,1572.014131,,,,
725729.218,boundary,quarter,1572,1572.263296,,,,0.25
725846.568,boundary,half,1572,1572.510294,,,,
725950.031,boundary,quarter,1572,1572.750792,,,,0.75
726046.881,callback,beat,1573,1572.952291,2302.000,2302.000,0.000,
726047.409,callback,grid,1573,1572.952291,2302.000,2302.000,0.000,
726069.798,boundary,beat,1573,1573.006457,,,,
726191.509,boundary,quarter,1573,1573.259956,,,,0.25
726308.826,boundary,half,1573,1573.511287,,,,
726419.252,boundary,quarter,1573,1573.764785,,,,0.75
726503.361,callback,beat,1574,1573.935951,2750.000,2756.000,6.000,
726503.503,callback,grid,1574,1573.935951,2750.000,2756.000,6.000,
726536.558,boundary,beat,1574,1574.011784,,,,
726653.887,boundary,quarter,1574,1574.263115,,,,0.25
726764.555,boundary,half,1574,1574.514447,,,,
726879.227,boundary,quarter,1574,1574.759279,,,,0.75
726971.730,callback,beat,1575,1574.952111,3220.000,3225.000,5.000,
726972.063,callback,grid,1575,1574.952111,3220.000,3225.000,5.000,
726998.865,boundary,beat,1575,1575.012777,,,,
727116.582,boundary,quarter,1575,1575.259775,,,,0.25
727220.381,boundary,half,1575,1575.502440,,,,
727344.981,boundary,quarter,1575,1575.764605,,,,0.75
727440.054,callback,bar,1576,1575.957437,3689.000,3689.000,0.000,
727440.251,callback,beat,1576,1575.957437,3689.000,3689.000,0.000,
727441.364,callback,grid,1576,1575.957437,3689.000,3689.000,0.000,
727458.231,boundary,beat,1576,1576.005103,,,,
727575.565,boundary,quarter,1576,1576.252102,,,,0.25
727685.955,boundary,half,1576,1576.507766,,,,
727803.214,boundary,quarter,1576,1576.756931,,,,0.75
727888.276,callback,beat,1577,1576.930264,4137.000,4138.000,1.000,
727888.456,callback,grid,1577,1576.930264,4137.000,4138.000,1.000,
727920.533,boundary,beat,1577,1577.001763,,,,
728030.903,boundary,quarter,1577,1577.259595,,,,0.25
728148.651,boundary,half,1577,1577.506593,,,,
728265.976,boundary,quarter,1577,1577.755758,,,,0.75
728351.814,callback,beat,1578,1577.955090,4606.000,4611.000,5.000,
728352.035,callback,grid,1578,1577.955090,4606.000,4611.000,5.000,
728386.314,boundary,beat,1578,1578.011423,,,,
728496.729,boundary,quarter,1578,1578.269254,,,,0.25
728614.017,boundary,half,1578,1578.514086,,,,
728731.280,boundary,quarter,1578,1578.761084,,,,0.75
728821.209,callback,beat,1579,1578.971249,5076.000,5080.000,4.000,
728821.398,callback,grid,1579,1578.971249,5076.000,5080.000,4.000,
728834.897,boundary,beat,1579,1579.001583,,,,
728952.070,boundary,quarter,1579,1579.250748,,,,0.25
729076.807,boundary,half,1579,1579.517246,,,,
729193.382,boundary,quarter,1579,1579.759911,,,,0.75
729269.500,callback,bar,1580,1579.937576,5524.000,5526.000,2.000,
729269.916,callback,beat,1580,1579.937576,5524.000,5526.000,2.000,
729270.361,callback,grid,1580,1579.937576,5524.000,5526.000,2.000,
729297.417,boundary,beat,1580,1580.000409,,,,
729421.341,boundary,quarter,1580,1580.264740,,,,0.25
729538.639,boundary,half,1580,1580.513905,,,,
729642.340,boundary,quarter,1580,1580.750070,,,,0.75
729738.755,callback,beat,1581,1580.953736,5993.000,5995.000,2.000,
729739.554,callback,grid,1581,1580.953736,5993.000,5995.000,2.000,
729766.301,boundary,beat,1581,1581.014402,,,,
729883.795,boundary,quarter,1581,1581.263567,,,,0.25
730001.128,boundary,half,1581,1581.512732,,,,
730104.553,boundary,quarter,1581,1581.751064,,,,0.75
730187.306,callback,beat,1582,1581.920062,6441.000,6441.000,0.000,
730187.446,callback,grid,1582,1581.920062,6441.000,6441.000,0.000,
730228.724,boundary,beat,1582,1582.017562,,,,
730346.050,boundary,quarter,1582,1582.262393,,,,0.25
730463.450,boundary,half,1582,1582.509392,,,,
730567.005,boundary,quarter,1582,1582.752057,,,,0.75
730656.603,callback,beat,1583,1582.936222,6910.000,6910.000,0.000,
730656.754,callback,grid,1583,1582.936222,6910.000,6910.000,0.000,
730692.863,boundary,beat,1583,1583.016388,,,,
730808.345,boundary,quarter,1583,1583.263386,,,,0.25
730911.803,boundary,half,1583,1583.501718,,,,
731030.039,boundary,quarter,1583,1583.750883,,,,0.75
731133.381,callback,bar,1584,1583.967548,7380.000,7386.000,6.000,
731133.565,callback,beat,1584,1583.967548,7380.000,7386.000,6.000,
731133.742,callback,grid,1584,1583.967548,7380.000,7386.000,6.000,
731154.530,boundary,beat,1584,1584.015215,,,,
731154.639,arrangement,layer,99,1584.015215,,,,false
731270.690,boundary,quarter,1584,1584.262213,,,,0.25
731381.038,boundary,half,1584,1584.517878,,,,
731498.308,boundary,quarter,1584,1584.762709,,,,0.75
731581.102,callback,beat,1585,1584.936042,7828.000,7832.000,4.000,
731581.225,callback,grid,1585,1584.936042,7828.000,7832.000,4.000,
731615.630,boundary,beat,1585,1585.011874,,,,
731719.150,boundary,quarter,1585,1585.250206,,,,0.25
731843.313,boundary,half,1585,1585.514538,,,,
731960.692,boundary,quarter,1585,1585.765869,,,,0.75
732050.356,callback,beat,1586,1585.952201,8297.000,8300.000,3.000,
732050.517,callback,grid,1586,1585.952201,8297.000,8300.000,3.000,
732077.922,boundary,beat,1586,1586.010701,,,,
732188.356,boundary,quarter,1586,1586.266366,,,,0.25
732298.741,boundary,half,1586,1586.500364,,,,
732418.339,boundary,quarter,1586,1586.751696,,,,0.75
732512.613,callback,beat,1587,1586.970527,8766.000,8772.000,6.000,
732512.751,callback,grid,1587,1586.970527,8766.000,8772.000,6.000,
732533.726,boundary,beat,1587,1587.016027,,,,
732643.722,boundary,quarter,1587,1587.250026,,,,0.25
732767.915,boundary,half,1587,1587.514357,,,,
732885.244,boundary,quarter,1587,1587.761355,,,,0.75
732961.108,callback,bar,1588,1587.936854,9214.000,9218.000,4.000,
732961.252,callback,beat,1588,1587.936854,9214.000,9218.000,4.000,
732961.417,callback,grid,1588,1587.936854,9214.000,9218.000,4.000,
732988.720,boundary,beat,1588,1588.001854,,,,
733112.948,boundary,quarter,1588,1588.266185,,,,0.25
733230.464,boundary,half,1588,1588.511017,,,,
733348.616,boundary,quarter,1588,1588.764515,,,,0.75
733428.839,callback,beat,1589,1588.950847,9684.000,9686.000,2.000,
733429.016,callback,grid,1589,1588.950847,9684.000,9686.000,2.000,
733455.817,boundary,beat,1589,1589.011513,,,,
733573.095,boundary,quarter,1589,1589.258512,,,,0.25
733690.383,boundary,half,1589,1589.507677,,,,
733800.773,boundary,quarter,1589,1589.761175,,,,0.75
733898.234,callback,beat,1590,1589.964840,10153.000,10154.000,1.000,
733898.375,callback,grid,1590,1589.964840,10153.000,10154.000,1.000,
733918.112,boundary,beat,1590,1590.010340,,,,
734035.417,boundary,quarter,1590,1590.257338,,,,0.25
734152.716,boundary,half,1590,1590.506503,,,,
734263.109,boundary,quarter,1590,1590.762168,,,,0.75
734353.725,callback,beat,1591,1590.948500,10601.000,10608.000,7.000,
734354.127,callback,grid,1591,1590.948500,10601.000,10608.000,7.000,
734380.379,boundary,beat,1591,1591.007000,,,,
734497.933,boundary,quarter,1591,1591.258331,,,,0.25
734615.026,boundary,half,1591,1591.505329,,,,
734725.391,boundary,quarter,1591,1591.758828,,,,0.75
734822.022,callback,bar,1592,1591.960326,11070.000,11075.000,5.000,
734822.161,callback,beat,1592,1591.960326,11070.000,11075.000,5.000,
734822.466,callback,grid,1592,1591.960326,11070.000,11075.000,5.000,
734842.691,boundary,beat,1592,1592.010159,,,,
734960.506,boundary,quarter,1592,1592.254991,,,,0.25
735071.107,boundary,half,1592,1592.512822,,,,
735187.762,boundary,quarter,1592,1592.759821,,,,0.75
735270.499,callback,beat,1593,1592.926653,11518.000,11521.000,3.000,
735270.639,callback,grid,1593,1592.926653,11518.000,11521.000,3.000,
735304.981,boundary,beat,1593,1593.006819,,,,
735415.409,boundary,quarter,1593,1593.258151,,,,0.25
735532.771,boundary,half,1593,1593.509482,,,,
735649.977,boundary,quarter,1593,1593.758647,,,,0.75
735739.885,callback,beat,1594,1593.949313,11988.000,11991.000,3.000,
735741.610,callback,grid,1594,1593.949313,11988.000,11991.000,3.000,
735767.311,boundary,beat,1594,1594.005645,,,,
735878.864,boundary,quarter,1594,1594.263477,,,,0.25
735994.968,boundary,half,1594,1594.510475,,,,
736112.285,boundary,quarter,1594,1594.755307,,,,0.75
736209.708,callback,beat,1595,1594.963306,12457.000,12459.000,2.000,
736209.869,callback,grid,1595,1594.963306,12457.000,12459.000,2.000,
736229.583,boundary,beat,1595,1595.006639,,,,
736343.429,boundary,quarter,1595,1595.266637,,,,0.25
736453.964,boundary,half,1595,1595.500635,,,,
736574.589,boundary,quarter,1595,1595.756300,,,,0.75
736650.439,callback,bar,1596,1595.931799,12905.000,12908.000,3.000,
736650.641,callback,beat,1596,1595.931799,12905.000,12908.000,3.000,
736650.808,callback,grid,1596,1595.931799,12905.000,12908.000,3.000,
736684.944,boundary,beat,1596,1596.009798,,,,
736802.241,boundary,quarter,1596,1596.258963,,,,0.25
736919.517,boundary,half,1596,1596.508128,,,,
737036.832,boundary,quarter,1596,1596.757293,,,,0.75
737119.914,callback,beat,1597,1596.947958,13374.000,13377.000,3.000,
737120.556,callback,grid,1597,1596.947958,13374.000,13377.000,3.000,
737148.840,boundary,beat,1597,1597.015125,,,,
737264.923,boundary,quarter,1597,1597.257790,,,,0.25
737382.213,boundary,half,1597,1597.506955,,,,
737499.504,boundary,quarter,1597,1597.753953,,,,0.75
737589.214,callback,beat,1598,1597.964118,13844.000,13846.000,2.000,
737589.383,callback,grid,1598,1597.964118,13844.000,13846.000,2.000,
737610.215,boundary,beat,1598,1598.011784,,,,
737727.263,boundary,quarter,1598,1598.258783,,,,0.25
737844.469,boundary,half,1598,1598.505781,,,,
737954.901,boundary,quarter,1598,1598.761446,,,,0.75
738037.682,callback,beat,1599,1598.932611,14292.000,14293.000,1.000,
738037.795,callback,grid,1599,1598.932611,14292.000,14293.000,1.000,
738072.217,boundary,beat,1599,1599.008444,,,,
738189.494,boundary,quarter,1599,1599.259776,,,,0.25
738307.368,boundary,half,1599,1599.506774,,,,
738418.573,boundary,quarter,1599,1599.766772,,,,0.75
738534.510,boundary,beat,1600,1600.009437,,,,
738534.599,arrangement,transition,100,1600.009437,,,,loop
738651.811,boundary,quarter,1600,1600.256436,,,,0.25
738762.977,boundary,half,1600,1600.512101,,,,
738879.505,boundary,quarter,1600,1600.759099,,,,0.75
738978.418,callback,beat,1601,1600.964931,461.000,462.000,1.000,
738980.321,callback,grid,1601,1600.964931,461.000,462.000,1.000,
738996.790,boundary,beat,1601,1601.010430,,,,
739114.115,boundary,quarter,1601,1601.255262,,,,0.25
739224.719,boundary,half,1601,1601.510927,,,,
739341.984,boundary,quarter,1601,1601.760092,,,,0.75
739433.698,callback,beat,1602,1601.948591,909.000,916.000,7.000,
739434.242,callback,grid,1602,1601.948591,909.000,916.000,7.000,
739459.150,boundary,beat,1602,1602.007090,,,,
739569.512,boundary,quarter,1602,1602.260588,,,,0.25
739686.805,boundary,half,1602,1602.509753,,,,
739804.087,boundary,quarter,1602,1602.756752,,,,0.75
739900.672,callback,beat,1603,1602.962584,1379.000,1383.000,4.000,
739900.781,callback,grid,1603,1602.962584,1379.000,1383.000,4.000,
739921.472,boundary,beat,1603,1603.005917,,,,
740031.791,boundary,quarter,1603,1603.261581,,,,0.25
740149.089,boundary,half,1603,1603.510746,,,,
740266.434,boundary,quarter,1603,1603.755578,,,,0.75
740342.328,callback,bar,1604,1603.933244,1827.000,1832.000,5.000,
740342.521,callback,beat,1604,1603.933244,1827.000,1832.000,5.000,
740342.844,callback,grid,1604,1603.933244,1827.000,1832.000,5.000,
740383.698,boundary,beat,1604,1604.004743,,,,
740494.541,boundary,quarter,1604,1604.260408,,,,0.25
740611.628,boundary,half,1604,1604.509573,,,,
740729.009,boundary,quarter,1604,1604.758738,,,,0.75
740812.162,callback,beat,1605,1604.949403,2296.000,2301.000,5.000,
740812.318,callback,grid,1605,1604.949403,2296.000,2301.000,5.000,
740839.280,boundary,beat,1605,1605.010069,,,,
740956.815,boundary,quarter,1605,1605.261401,,,,0.25
741074.045,boundary,half,1605,1605.508399,,,,
741191.215,boundary,quarter,1605,1605.755398,,,,0.75
741280.898,callback,beat,1606,1605.963396,2765.000,2769.000,4.000,
741281.124,callback,grid,1606,1605.963396,2765.000,2769.000,4.000,
741301.575,boundary,beat,1606,1606.013229,,,,
741418.887,boundary,quarter,1606,1606.258061,,,,0.25
741536.174,boundary,half,1606,1606.505059,,,,
741653.501,boundary,quarter,1606,1606.756391,,,,0.75
741729.393,callback,beat,1607,1606.929723,3213.000,3215.000,2.000,
741729.681,callback,grid,1607,1606.929723,3213.000,3215.000,2.000,
741764.495,boundary,beat,1607,1607.009889,,,,
741881.230,boundary,quarter,1607,1607.259054,,,,0.25
741998.530,boundary,half,1607,1607.506052,,,,
742108.885,boundary,quarter,1607,1607.761717,,,,0.75
742198.635,callback,bar,1608,1607.948049,3683.000,3685.000,2.000,
742199.612,callback,beat,1608,1607.948049,3683.000,3685.000,2.000,
742199.799,callback,grid,1608,1607.948049,3683.000,3685.000,2.000,
742226.194,boundary,beat,1608,1608.008715,,,,
742343.516,boundary,quarter,1608,1608.257880,,,,0.25
742453.924,boundary,half,1608,1608.509212,,,,
742571.493,boundary,quarter,1608,1608.758377,,,,0.75
742667.776,callback,beat,1609,1608.962042,4152.000,4153.000,1.000,
742667.902,callback,grid,1609,1608.962042,4152.000,4153.000,1.000,
742688.510,boundary,beat,1609,1609.009708,,,,
742805.835,boundary,quarter,1609,1609.256707,,,,0.25
742916.206,boundary,half,1609,1609.510205,,,,
743033.497,boundary,quarter,1609,1609.761537,,,,0.75
743121.654,callback,beat,1610,1609.941369,4600.000,4605.000,5.000,
743122.974,callback,grid,1610,1609.941369,4600.000,4605.000,5.000,
743151.821,boundary,beat,1610,1610.008535,,,,
743272.599,boundary,quarter,1610,1610.266366,,,,0.25
743376.171,boundary,half,1610,1610.504698,,,,
743493.402,boundary,quarter,1610,1610.751696,,,,0.75
743590.007,callback,beat,1611,1610.953195,5069.000,5072.000,3.000,
743590.151,callback,grid,1611,1610.953195,5069.000,5072.000,3.000,
743610.690,boundary,beat,1611,1611.003028,,,,
743721.136,boundary,quarter,1611,1611.254360,,,,0.25
743838.575,boundary,half,1611,1611.505691,,,,
743956.768,boundary,quarter,1611,1611.754856,,,,0.75
744031.605,callback,bar,1612,1611.928188,5517.000,5522.000,5.000,
744031.751,callback,beat,1612,1611.928188,5517.000,5522.000,5.000,
744031.845,callback,grid,1612,1611.928188,5517.000,5522.000,5.000,
744079.902,boundary,beat,1612,1612.017021,,,,
744184.516,boundary,quarter,1612,1612.257519,,,,0.25
744303.307,boundary,half,1612,1612.506684,,,,
744418.104,boundary,quarter,1612,1612.751516,,,,0.75
744500.793,callback,beat,1613,1612.944348,5987.000,5991.000,4.000,
744500.950,callback,grid,1613,1612.944348,5987.000,5991.000,4.000,
744542.367,boundary,beat,1613,1613.013681,,,,
744645.733,boundary,quarter,1613,1613.254179,,,,0.25
744763.021,boundary,half,1613,1613.503344,,,,
744887.675,boundary,quarter,1613,1613.769842,,,,0.75
744970.017,callback,beat,1614,1613.958341,6456.000,6459.000,3.000,
744970.203,callback,grid,1614,1613.958341,6456.000,6459.000,3.000,
744990.730,boundary,beat,1614,1614.006007,,,,
745108.019,boundary,quarter,1614,1614.253005,,,,0.25
745225.322,boundary,half,1614,1614.500004,,,,
745335.711,boundary,quarter,1614,1614.753502,,,,0.75
745418.511,callback,beat,1615,1614.926834,6904.000,6906.000,2.000,
745418.730,callback,grid,1615,1614.926834,6904.000,6906.000,2.000,
745453.006,boundary,beat,1615,1615.002667,,,,
745570.309,boundary,quarter,1615,1615.251832,,,,0.25
745687.827,boundary,half,1615,1615.500997,,,,
745798.015,boundary,quarter,1615,1615.754495,,,,0.75
745887.755,callback,bar,1616,1615.940827,7373.000,7374.000,1.000,
745887.892,callback,beat,1616,1615.940827,7373.000,7374.000,1.000,
745888.007,callback,grid,1616,1615.940827,7373.000,7374.000,1.000,
745915.290,boundary,beat,1616,1616.003660,,,,
745915.336,arrangement,layer,101,1616.003660,,,,true
746032.605,boundary,quarter,1616,1616.250658,,,,0.25
746150.463,boundary,half,1616,1616.501990,,,,
746260.494,boundary,quarter,1616,1616.755488,,,,0.75
746357.011,callback,beat,1617,1616.956987,7843.000,7843.000,0.000,
746357.153,callback,grid,1617,1616.956987,7843.000,7843.000,0.000,
746377.609,boundary,beat,1617,1617.004653,,,,
746494.904,boundary,quarter,1617,1617.251651,,,,0.25
746605.386,boundary,half,1617,1617.502983,,,,
746722.693,boundary,quarter,1617,1617.754315,,,,0.75
746812.313,callback,beat,1618,1617.938480,8291.000,8296.000,5.000,
746812.472,callback,grid,1618,1617.938480,8291.000,8296.000,5.000,
746839.872,boundary,beat,1618,1618.001313,,,,
746957.181,boundary,quarter,1618,1618.250478,,,,0.25
747067.580,boundary,half,1618,1618.506143,,,,
747184.917,boundary,quarter,1618,1618.750974,,,,0.75
747281.526,callback,beat,1619,1618.954640,8760.000,8765.000,5.000,
747281.680,callback,grid,1619,1618.954640,8760.000,8765.000,5.000,
747302.201,boundary,beat,1619,1619.000139,,,,
747426.410,boundary,quarter,1619,1619.262304,,,,0.25
747529.866,boundary,half,1619,1619.504969,,,,
747647.199,boundary,quarter,1619,1619.751967,,,,0.75
747750.779,callback,bar,1620,1619.968633,9229.000,9233.000,4.000,
747750.907,callback,beat,1620,1619.968633,9229.000,9233.000,4.000,
747751.046,callback,grid,1620,1619.968633,9229.000,9233.000,4.000,
747771.562,boundary,beat,1620,1620.018466,,,,
747874.921,boundary,quarter,1620,1620.254631,,,,0.25
747992.199,boundary,half,1620,1620.501629,,,,
748109.483,boundary,quarter,1620,1620.750794,,,,0.75
748192.334,callback,beat,1621,1620.941459,9677.000,9682.000,5.000,
748192.472,callback,grid,1621,1620.941459,9677.000,9682.000,5.000,
748233.719,boundary,beat,1621,1621.015125,,,,
748337.298,boundary,quarter,1621,1621.255624,,,,0.25
748454.512,boundary,half,1621,1621.502622,,,,
748578.711,boundary,quarter,1621,1621.766954,,,,0.75
748661.478,callback,beat,1622,1621.959786,10147.000,10152.000,5.000,
748661.591,callback,grid,1622,1621.959786,10147.000,10152.000,5.000,
748682.196,boundary,beat,1622,1622.003119,,,,
748799.762,boundary,quarter,1622,1622.254450,,,,0.25
748916.770,boundary,half,1622,1622.503615,,,,
749041.019,boundary,quarter,1622,1622.763613,,,,0.75
749110.018,callback,beat,1623,1622.926112,10595.000,10598.000,3.000,
749110.175,callback,grid,1623,1622.926112,10595.000,10598.000,3.000,
749144.887,boundary,beat,1623,1623.004112,,,,
749261.815,boundary,quarter,1623,1623.253277,,,,0.25
749379.099,boundary,half,1623,1623.500275,,,,
749489.542,boundary,quarter,1623,1623.753773,,,,0.75
749579.210,callback,bar,1624,1623.940105,11064.000,11066.000,2.000,
749579.352,callback,beat,1624,1623.940105,11064.000,11066.000,2.000,
749579.429,callback,grid,1624,1623.940105,11064.000,11066.000,2.000,
749607.153,boundary,beat,1624,1624.002938,,,,
749724.586,boundary,quarter,1624,1624.252103,,,,0.25
749847.962,boundary,half,1624,1624.514268,,,,
749956.414,boundary,quarter,1624,1624.763433,,,,0.75
750052.772,callback,beat,1625,1624.964931,11533.000,11539.000,6.000,
750052.977,callback,grid,1625,1624.964931,11533.000,11539.000,6.000,
750073.560,boundary,beat,1625,1625.014764,,,,
750190.757,boundary,quarter,1625,1625.259596,,,,0.25
750309.321,boundary,half,1625,1625.510928,,,,
750418.426,boundary,quarter,1625,1625.764426,,,,0.75
750501.224,callback,beat,1626,1625.931258,11981.000,11985.000,4.000,
750501.367,callback,grid,1626,1625.931258,11981.000,11985.000,4.000,
750535.725,boundary,beat,1626,1626.011424,,,,
750653.029,boundary,quarter,1626,1626.260589,,,,0.25
750763.436,boundary,half,1626,1626.511921,,,,
750880.739,boundary,quarter,1626,1626.763252,,,,0.75
750970.458,callback,beat,1627,1626.949584,12451.000,12455.000,4.000,
750970.601,callback,grid,1627,1626.949584,12451.000,12455.000,4.000,
750998.024,boundary,beat,1627,1627.010251,,,,
751115.356,boundary,quarter,1627,1627.257249,,,,0.25
751225.765,boundary,half,1627,1627.515080,,,,
751343.118,boundary,quarter,1627,1627.759912,,,,0.75
751439.963,callback,bar,1628,1627.963577,12920.000,12923.000,3.000,
751440.167,callback,beat,1628,1627.963577,12920.000,12923.000,3.000,
751440.944,callback,grid,1628,1627.963577,12920.000,12923.000,3.000,
751460.374,boundary,beat,1628,1628.009077,,,,
751577.660,boundary,quarter,1628,1628.258242,,,,0.25
751688.053,boundary,half,1628,1628.513907,,,,
751800.830,boundary,quarter,1628,1628.752239,,,,0.75
751888.454,callback,beat,1629,1628.934237,13368.000,13370.000,2.000,
751888.815,callback,grid,1629,1628.934237,13368.000,13370.000,2.000,
751922.651,boundary,beat,1629,1629.007903,,,,
752034.153,boundary,quarter,1629,1629.265735,,,,0.25
752150.334,boundary,half,1629,1629.510567,,,,
752267.610,boundary,quarter,1629,1629.761898,,,,0.75
752350.435,callback,beat,1630,1629.952564,13837.000,13841.000,4.000,
752350.619,callback,grid,1630,1629.952564,13837.000,13841.000,4.000,
752384.908,boundary,beat,1630,1630.008897,,,,
752495.344,boundary,quarter,1630,1630.260228,,,,0.25
752612.603,boundary,half,1630,1630.511560,,,,
752729.934,boundary,quarter,1630,1630.758558,,,,0.75
752819.642,callback,beat,1631,1630.968723,14307.000,14310.000,3.000,
752819.826,callback,grid,1631,1630.968723,14307.000,14310.000,3.000,
752840.329,boundary,beat,1631,1631.012056,,,,
752957.647,boundary,quarter,1631,1631.263388,,,,0.25
753074.928,boundary,half,1631,1631.508220,,,,
753192.921,boundary,quarter,1631,1631.759551,,,,0.75
753296.929,boundary,beat,1632,1632.000049,,,,
753297.018,arrangement,transition,102,1632.000049,,,,alternate
753420.298,boundary,quarter,1632,1632.262214,,,,0.25
753537.564,boundary,half,1632,1632.507046,,,,
753647.645,boundary,quarter,1632,1632.762711,,,,0.75
753737.330,callback,beat,1633,1632.949043,455.000,455.000,0.000,
753737.459,callback,grid,1633,1632.949043,455.000,455.000,0.000,
753768.579,boundary,beat,1633,1633.020542,,,,
753882.359,boundary,quarter,1633,1633.258874,,,,0.25
753999.537,boundary,half,1633,1633.510206,,,,
754109.965,boundary,quarter,1633,1633.761537,,,,0.75
754192.724,callback,beat,1634,1633.932703,903.000,909.000,6.000,
754192.856,callback,grid,1634,1633.932703,903.000,909.000,6.000,
754227.249,boundary,beat,1634,1634.010702,,,,
754344.539,boundary,quarter,1634,1634.259867,,,,0.25
754461.817,boundary,half,1634,1634.506865,,,,
754572.415,boundary,quarter,1634,1634.762530,,,,0.75
754661.932,callback,beat,1635,1634.946696,1372.000,1377.000,5.000,
754662.136,callback,grid,1635,1634.946696,1372.000,1377.000,5.000,
754689.562,boundary,beat,1635,1635.009529,,,,
754806.895,boundary,quarter,1635,1635.258694,,,,0.25
754917.739,boundary,half,1635,1635.514358,,,,
755035.093,boundary,quarter,1635,1635.761357,,,,0.75
755136.928,callback,bar,1636,1635.973689,1841.000,1851.000,10.000,
755137.098,callback,beat,1636,1635.973689,1841.000,1851.000,10.000,
755137.910,callback,grid,1636,1635.973689,1841.000,1851.000,10.000,
755152.091,boundary,beat,1636,1636.010522,,,,
755269.411,boundary,quarter,1636,1636.255353,,,,0.25
755379.800,boundary,half,1636,1636.511018,,,,
755497.192,boundary,quarter,1636,1636.760183,,,,0.75
755580.028,callback,beat,1637,1636.933515,2289.000,2292.000,3.000,
755581.039,callback,grid,1637,1636.933515,2289.000,2292.000,3.000,
755614.444,boundary,beat,1637,1637.007182,,,,
755723.576,boundary,quarter,1637,1637.258513,,,,0.25
755843.772,boundary,half,1637,1637.507678,,,,
755961.056,boundary,quarter,1637,1637.763343,,,,0.75
756050.721,callback,beat,1638,1637.951842,2759.000,2763.000,4.000,
756050.825,callback,grid,1638,1637.951842,2759.000,2763.000,4.000,
756078.362,boundary,beat,1638,1638.010341,,,,
756181.846,boundary,quarter,1638,1638.250840,,,,0.25
756299.151,boundary,half,1638,1638.500005,,,,
756423.351,boundary,quarter,1638,1638.760003,,,,0.75
756514.062,callback,beat,1639,1638.972335,3228.000,3235.000,7.000,
756515.683,callback,grid,1639,1638.972335,3228.000,3235.000,7.000,
756526.879,boundary,beat,1639,1639.000501,,,,
756655.816,boundary,quarter,1639,1639.275666,,,,0.25
756778.074,boundary,half,1639,1639.535664,,,,
756880.777,boundary,quarter,1639,1639.752329,,,,0.75
756991.999,boundary,beat,1640,1640.005827,,,,
756992.050,callback,bar,1640,1640.005827,3676.000,3712.000,36.000,
756992.349,callback,beat,1640,1640.005827,3676.000,3712.000,36.000,
756992.503,callback,grid,1640,1640.005827,3676.000,3712.000,36.000,
757109.273,boundary,quarter,1640,1640.254992,,,,0.25
757226.561,boundary,half,1640,1640.504157,,,,
757343.833,boundary,quarter,1640,1640.751156,,,,0.75
757426.617,callback,beat,1641,1640.943988,4145.000,4145.000,0.000,
757427.744,callback,grid,1641,1640.943988,4145.000,4145.000,0.000,
757454.317,boundary,beat,1641,1641.006821,,,,
757571.548,boundary,quarter,1641,1641.253819,,,,0.25
757689.055,boundary,half,1641,1641.502984,,,,
757799.226,boundary,quarter,1641,1641.756482,,,,0.75
757897.153,callback,beat,1642,1641.962314,4615.000,4615.000,0.000,
757897.524,callback,grid,1642,1641.962314,4615.000,4615.000,0.000,
757917.122,boundary,beat,1642,1642.007814,,,,
758033.844,boundary,quarter,1642,1642.254812,,,,0.25
758158.019,boundary,half,1642,1642.519143,,,,
758261.568,boundary,quarter,1642,1642.757475,,,,0.75
758351.284,callback,beat,1643,1642.941640,5063.000,5067.000,4.000,
758351.422,callback,grid,1643,1642.941640,5063.000,5067.000,4.000,
758378.844,boundary,beat,1643,1643.004473,,,,
758497.350,boundary,quarter,1643,1643.255805,,,,0.25
758613.436,boundary,half,1643,1643.502803,,,,
758723.872,boundary,quarter,1643,1643.754135,,,,0.75
758820.430,callback,bar,1644,1643.957800,5532.000,5536.000,4.000,
758820.573,callback,beat,1644,1643.957800,5532.000,5536.000,4.000,
758820.643,callback,grid,1644,1643.957800,5532.000,5536.000,4.000,
758841.127,boundary,beat,1644,1644.003300,,,,
758958.435,boundary,quarter,1644,1644.252465,,,,0.25
759068.799,boundary,half,1644,1644.508130,,,,
759186.154,boundary,quarter,1644,1644.755128,,,,0.75
759268.935,callback,beat,1645,1644.924127,5980.000,5982.000,2.000,
759269.061,callback,grid,1645,1644.924127,5980.000,5982.000,2.000,
759303.457,boundary,beat,1645,1645.002126,,,,
759413.881,boundary,quarter,1645,1645.255624,,,,0.25
759531.136,boundary,half,1645,1645.504789,,,,
759648.451,boundary,quarter,1645,1645.756121,,,,0.75
759739.631,callback,beat,1646,1645.944620,6449.000,6452.000,3.000,
759740.422,callback,grid,1646,1645.944620,6449.000,6452.000,3.000,
759765.749,boundary,beat,1646,1646.003119,,,,
759876.162,boundary,quarter,1646,1646.254451,,,,0.25
759993.651,boundary,half,1646,1646.505782,,,,
760111.417,boundary,quarter,1646,1646.754947,,,,0.75
760207.366,callback,beat,1647,1646.958613,6919.000,6919.000,0.000,
760207.511,callback,grid,1647,1646.958613,6919.000,6919.000,0.000,
760228.117,boundary,beat,1647,1647.001946,,,,
760338.466,boundary,quarter,1647,1647.257611,,,,0.25
760455.761,boundary,half,1647,1647.502442,,,,
760573.040,boundary,quarter,1647,1647.751607,,,,0.75
760648.903,callback,bar,1648,1647.929273,7367.000,7369.000,2.000,
760649.022,callback,beat,1648,1647.929273,7367.000,7369.000,2.000,
760649.074,callback,grid,1648,1647.929273,7367.000,7369.000,2.000,
760683.389,boundary,beat,1648,1648.007272,,,,
760683.423,arrangement,layer,103,1648.007272,,,,false
760800.750,boundary,quarter,1648,1648.256437,,,,0.25
760918.034,boundary,half,1648,1648.503435,,,,
761035.344,boundary,quarter,1648,1648.750434,,,,0.75
761118.119,callback,beat,1649,1648.943266,7836.000,7837.000,1.000,
761118.271,callback,grid,1649,1648.943266,7836.000,7837.000,1.000,
761145.717,boundary,beat,1649,1649.006099,,,,
761263.009,boundary,quarter,1649,1649.253097,,,,0.25
761380.453,boundary,half,1649,1649.504428,,,,
761501.371,boundary,quarter,1649,1649.755760,,,,0.75
761591.174,callback,beat,1650,1649.965925,8305.000,8309.000,4.000,
761591.346,callback,grid,1650,1649.965925,8305.000,8309.000,4.000,
761612.147,boundary,beat,1650,1650.015758,,,,
761730.593,boundary,quarter,1650,1650.264923,,,,0.25
761847.857,boundary,half,1650,1650.514088,,,,
761951.364,boundary,quarter,1650,1650.752420,,,,0.75
762041.138,callback,beat,1651,1650.936585,8753.000,8757.000,4.000,
762041.834,callback,grid,1651,1650.936585,8753.000,8757.000,4.000,
762068.659,boundary,beat,1651,1651.001585,,,,
762192.887,boundary,quarter,1651,1651.265916,,,,0.25
762310.150,boundary,half,1651,1651.510748,,,,
762413.706,boundary,quarter,1651,1651.751246,,,,0.75
762510.262,callback,bar,1652,1651.952745,9223.000,9226.000,3.000,
762510.429,callback,beat,1652,1651.952745,9223.000,9226.000,3.000,
762510.537,callback,grid,1652,1651.952745,9223.000,9226.000,3.000,
762530.977,boundary,beat,1652,1652.000411,,,,
762655.207,boundary,quarter,1652,1652.262576,,,,0.25
762758.624,boundary,half,1652,1652.500908,,,,
762875.930,boundary,quarter,1652,1652.750073,,,,0.75
762979.460,callback,beat,1653,1652.968904,9692.000,9695.000,3.000,
762979.616,callback,grid,1653,1652.968904,9692.000,9695.000,3.000,
763000.147,boundary,beat,1653,1653.014404,,,,
763117.490,boundary,quarter,1653,1653.263569,,,,0.25
763220.967,boundary,half,1653,1653.501901,,,,
763338.282,boundary,quarter,1653,1653.751066,,,,0.75
763427.952,callback,beat,1654,1653.935231,10140.000,10141.000,1.000,
763428.134,callback,grid,1654,1653.935231,10140.000,10141.000,1.000,
763462.457,boundary,beat,1654,1654.013231,,,,
763565.963,boundary,quarter,1654,1654.251562,,,,0.25
763683.312,boundary,half,1654,1654.500727,,,,
763807.524,boundary,quarter,1654,1654.767225,,,,0.75
763897.285,callback,beat,1655,1654.966557,10609.000,10609.000,0.000,
763897.702,callback,grid,1655,1654.966557,10609.000,10609.000,0.000,
763918.592,boundary,beat,1655,1655.001224,,,,
764028.232,boundary,quarter,1655,1655.250389,,,,0.25
764152.442,boundary,half,1655,1655.516887,,,,
764269.829,boundary,quarter,1655,1655.763885,,,,0.75
764338.782,callback,bar,1656,1655.924217,11057.000,11059.000,2.000,
764338.932,callback,beat,1656,1655.924217,11057.000,11059.000,2.000,
764339.017,callback,grid,1656,1655.924217,11057.000,11059.000,2.000,
764387.083,boundary,beat,1656,1656.013050,,,,
764490.555,boundary,quarter,1656,1656.253548,,,,0.25
764614.722,boundary,half,1656,1656.513547,,,,
764732.745,boundary,quarter,1656,1656.764878,,,,0.75
764807.927,callback,beat,1657,1656.940377,11527.000,11528.000,1.000,
764808.054,callback,grid,1657,1656.940377,11527.000,11528.000,1.000,
764835.580,boundary,beat,1657,1657.003210,,,,
764952.841,boundary,quarter,1657,1657.250208,,,,0.25
765077.026,boundary,half,1657,1657.514540,,,,
765194.630,boundary,quarter,1657,1657.761538,,,,0.75
765277.174,callback,beat,1658,1657.954370,11996.000,11996.000,0.000,
765277.374,callback,grid,1658,1657.954370,11996.000,11996.000,0.000,
765299.364,boundary,beat,1658,1658.006370,,,,
765415.813,boundary,quarter,1658,1658.251201,,,,0.25
765539.375,boundary,half,1658,1658.515533,,,,
765656.648,boundary,quarter,1658,1658.762531,,,,0.75
765735.850,callback,beat,1659,1658.942363,12444.000,12452.000,8.000,
765736.100,callback,grid,1659,1658.942363,12444.000,12452.000,8.000,
765767.042,boundary,beat,1659,1659.018196,,,,
765877.441,boundary,quarter,1659,1659.250028,,,,0.25
766001.654,boundary,half,1659,1659.512193,,,,
766105.199,boundary,quarter,1659,1659.750524,,,,0.75
766201.742,callback,bar,1660,1659.952023,12913.000,12918.000,5.000,
766201.873,callback,beat,1660,1659.952023,12913.000,12918.000,5.000,
766201.954,callback,grid,1660,1659.952023,12913.000,12918.000,5.000,
766222.471,boundary,beat,1660,1660.001856,,,,
766346.656,boundary,quarter,1660,1660.266187,,,,0.25
766450.142,boundary,half,1660,1660.500186,,,,
766567.506,boundary,quarter,1660,1660.751517,,,,0.75
766666.711,callback,beat,1661,1660.959516,13383.000,13383.000,0.000,
766666.939,callback,grid,1661,1660.959516,13383.000,13383.000,0.000,
766690.201,boundary,beat,1661,1661.011516,,,,
766818.696,boundary,quarter,1661,1661.282347,,,,0.25
766919.345,boundary,half,1661,1661.512012,,,,
767034.020,boundary,quarter,1661,1661.759010,,,,0.75
767118.473,callback,beat,1662,1661.934509,13831.000,13833.000,2.000,
767118.609,callback,grid,1662,1661.934509,13831.000,13833.000,2.000,
767152.935,boundary,beat,1662,1662.010342,,,,
767271.789,boundary,quarter,1662,1662.263840,,,,0.25
767375.073,boundary,half,1662,1662.502172,,,,
767501.104,boundary,quarter,1662,1662.770837,,,,0.75
767592.411,callback,beat,1663,1662.959335,14300.000,14306.000,6.000,
767592.912,callback,grid,1663,1662.959335,14300.000,14306.000,6.000,
767612.180,boundary,beat,1663,1663.002668,,,,
767723.434,boundary,quarter,1663,1663.260500,,,,0.25
767840.688,boundary,half,1663,1663.509665,,,,
767958.005,boundary,quarter,1663,1663.756663,,,,0.75
768075.384,boundary,beat,1664,1664.003662,,,,
768075.446,arrangement,transition,104,1664.003662,,,,loop
768185.683,boundary,quarter,1664,1664.259326,,,,0.25
768303.227,boundary,half,1664,1664.506325,,,,
768420.298,boundary,quarter,1664,1664.755490,,,,0.75
768503.074,callback,beat,1665,1664.946155,448.000,454.000,6.000,
768503.269,callback,grid,1665,1664.946155,448.000,454.000,6.000,
768537.946,boundary,beat,1665,1665.002488,,,,
768648.190,boundary,quarter,1665,1665.258153,,,,0.25
768767.220,boundary,half,1665,1665.509484,,,,
768882.706,boundary,quarter,1665,1665.754316,,,,0.75
768972.322,callback,beat,1666,1665.960148,917.000,922.000,5.000,
768972.529,callback,grid,1666,1665.960148,917.000,922.000,5.000,
768993.005,boundary,beat,1666,1666.009981,,,,
769110.250,boundary,quarter,1666,1666.256979,,,,0.25
769227.559,boundary,half,1666,1666.506144,,,,
769344.891,boundary,quarter,1666,1666.753143,,,,0.75
769420.775,callback,beat,1667,1666.928641,1365.000,1369.000,4.000,
769420.885,callback,grid,1667,1666.928641,1365.000,1369.000,4.000,
769455.264,boundary,beat,1667,1667.006641,,,,
769572.666,boundary,quarter,1667,1667.257972,,,,0.25
769693.909,boundary,half,1667,1667.511471,,,,
769809.064,boundary,quarter,1667,1667.756302,,,,0.75
769895.556,callback,bar,1668,1667.957801,1835.000,1844.000,9.000,
769895.957,callback,beat,1668,1667.957801,1835.000,1844.000,9.000,
769896.076,callback,grid,1668,1667.957801,1835.000,1844.000,9.000,
769915.891,boundary,beat,1668,1668.003301,,,,
770033.191,boundary,quarter,1668,1668.250299,,,,0.25
770150.470,boundary,half,1668,1668.501630,,,,
770260.858,boundary,quarter,1668,1668.752962,,,,0.75
770357.476,callback,beat,1669,1668.956627,2304.000,2305.000,1.000,
770357.610,callback,grid,1669,1668.956627,2304.000,2305.000,1.000,
770378.188,boundary,beat,1669,1669.002127,,,,
770495.485,boundary,quarter,1669,1669.251292,,,,0.25
770605.843,boundary,half,1669,1669.504790,,,,
770723.201,boundary,quarter,1669,1669.753955,,,,0.75
770812.863,callback,beat,1670,1669.938120,2752.000,2758.000,6.000,
770812.966,callback,grid,1670,1669.938120,2752.000,2758.000,6.000,
770840.444,boundary,beat,1670,1670.000953,,,,
770957.754,boundary,quarter,1670,1670.250118,,,,0.25
771068.249,boundary,half,1670,1670.503617,,,,
771185.460,boundary,quarter,1670,1670.752782,,,,0.75
771282.074,callback,beat,1671,1670.952113,3221.000,3226.000,5.000,
771282.217,callback,grid,1671,1670.952113,3221.000,3226.000,5.000,
771302.819,boundary,beat,1671,1671.001946,,,,
771427.070,boundary,quarter,1671,1671.266278,,,,0.25
771530.506,boundary,half,1671,1671.504610,,,,
771648.883,boundary,quarter,1671,1671.753775,,,,0.75
771751.309,callback,bar,1672,1671.970440,3691.000,3696.000,5.000,
771751.464,callback,beat,1672,1671.970440,3691.000,3696.000,5.000,
771751.569,callback,grid,1672,1671.970440,3691.000,3696.000,5.000,
771771.954,boundary,beat,1672,1672.015939,,,,
771875.495,boundary,quarter,1672,1672.256438,,,,0.25
771992.761,boundary,half,1672,1672.501269,,,,
772110.084,boundary,quarter,1672,1672.750434,,,,0.75
772186.785,callback,beat,1673,1672.930266,4139.000,4139.000,0.000,
772187.272,callback,grid,1673,1672.930266,4139.000,4139.000,0.000,
772234.322,boundary,beat,1673,1673.014766,,,,
772337.901,boundary,quarter,1673,1673.255264,,,,0.25
772455.064,boundary,half,1673,1673.502263,,,,
772579.276,boundary,quarter,1673,1673.766594,,,,0.75
772662.088,callback,beat,1674,1673.957259,4608.000,4613.000,5.000,
772662.330,callback,grid,1674,1673.957259,4608.000,4613.000,5.000,
772682.899,boundary,beat,1674,1674.002759,,,,
772800.086,boundary,quarter,1674,1674.251924,,,,0.25
772917.379,boundary,half,1674,1674.503256,,,,
773034.670,boundary,quarter,1674,1674.750254,,,,0.75
773110.586,callback,beat,1675,1674.925753,5056.000,5060.000,4.000,
773110.727,callback,grid,1675,1674.925753,5056.000,5060.000,4.000,
773145.072,boundary,beat,1675,1675.001585,,,,
773262.769,boundary,quarter,1675,1675.252917,,,,0.25
773389.095,boundary,half,1675,1675.521582,,,,
773490.073,boundary,quarter,1675,1675.753414,,,,0.75
773579.816,callback,bar,1676,1675.939746,5525.000,5528.000,3.000,
773580.099,callback,beat,1676,1675.939746,5525.000,5528.000,3.000,
773580.485,callback,grid,1676,1675.939746,5525.000,5528.000,3.000,
773607.408,boundary,beat,1676,1676.004745,,,,
773731.627,boundary,quarter,1676,1676.269077,,,,0.25
773848.914,boundary,half,1676,1676.513908,,,,
773953.065,boundary,quarter,1676,1676.754407,,,,0.75
774048.982,callback,beat,1677,1676.955905,5995.000,5997.000,2.000,
774049.112,callback,grid,1677,1676.955905,5995.000,5997.000,2.000,
774069.700,boundary,beat,1677,1677.003572,,,,
774187.014,boundary,quarter,1677,1677.250570,,,,0.25
774311.166,boundary,half,1677,1677.514901,,,,
774414.684,boundary,quarter,1677,1677.753233,,,,0.75
774497.489,callback,beat,1678,1677.924399,6443.000,6444.000,1.000,
774497.670,callback,grid,1678,1677.924399,6443.000,6444.000,1.000,
774532.005,boundary,beat,1678,1678.000231,,,,
774649.305,boundary,quarter,1678,1678.251563,,,,0.25
774759.669,boundary,half,1678,1678.505061,,,,
774876.997,boundary,quarter,1678,1678.754226,,,,0.75
774966.672,callback,beat,1679,1678.938392,6912.000,6912.000,0.000,
774966.789,callback,grid,1679,1678.938392,6912.000,6912.000,0.000,
774995.174,boundary,beat,1679,1679.001224,,,,
775122.271,boundary,quarter,1679,1679.272056,,,,0.25
775228.507,boundary,half,1679,1679.519054,,,,
775340.470,boundary,quarter,1679,1679.755219,,,,0.75
775437.078,callback,bar,1680,1679.954551,7381.000,7381.000,0.000,
775437.267,callback,beat,1680,1679.954551,7381.000,7381.000,0.000,
775438.024,callback,grid,1680,1679.954551,7381.000,7381.000,0.000,
775457.767,boundary,beat,1680,1680.004384,,,,
775457.834,arrangement,layer,105,1680.004384,,,,true
775575.483,boundary,quarter,1680,1680.251383,,,,0.25
775685.478,boundary,half,1680,1680.504881,,,,
775802.791,boundary,quarter,1680,1680.754046,,,,0.75
775892.471,callback,beat,1681,1680.942544,7829.000,7835.000,6.000,
775892.622,callback,grid,1681,1680.942544,7829.000,7835.000,6.000,
775920.081,boundary,beat,1681,1681.001044,,,,
776030.458,boundary,quarter,1681,1681.258876,,,,0.25
776147.725,boundary,half,1681,1681.503707,,,,
776265.072,boundary,quarter,1681,1681.750705,,,,0.75
776347.833,callback,beat,1682,1681.945704,8299.000,8300.000,1.000,
776347.979,callback,grid,1682,1681.945704,8299.000,8300.000,1.000,
776375.504,boundary,beat,1682,1682.006370,,,,
776492.740,boundary,quarter,1682,1682.255535,,,,0.25
776610.032,boundary,half,1682,1682.504700,,,,
776727.413,boundary,quarter,1682,1682.751699,,,,0.75
776817.077,callback,beat,1683,1682.959697,8768.000,8768.000,0.000,
776817.255,callback,grid,1683,1682.959697,8768.000,8768.000,0.000,
776837.789,boundary,beat,1683,1683.005197,,,,
776955.091,boundary,quarter,1683,1683.254362,,,,0.25
777072.391,boundary,half,1683,1683.503527,,,,
777190.354,boundary,quarter,1683,1683.754858,,,,0.75
777272.475,callback,bar,1684,1683.943357,9216.000,9222.000,6.000,
777272.606,callback,beat,1684,1683.943357,9216.000,9222.000,6.000,
777272.708,callback,grid,1684,1683.943357,9216.000,9222.000,6.000,
777300.035,boundary,beat,1684,1684.004023,,,,
777417.676,boundary,quarter,1684,1684.253188,,,,0.25
777534.670,boundary,half,1684,1684.502353,,,,
777648.794,boundary,quarter,1684,1684.764518,,,,0.75
777741.696,callback,beat,1685,1684.957350,9685.000,9690.000,5.000,
777741.887,callback,grid,1685,1684.957350,9685.000,9690.000,5.000,
777762.390,boundary,beat,1685,1685.007183,,,,
777879.646,boundary,quarter,1685,1685.252015,,,,0.25
777996.920,boundary,half,1685,1685.501180,,,,
778107.527,boundary,quarter,1685,1685.756844,,,,0.75
778190.141,callback,beat,1686,1685.923677,10133.000,10136.000,3.000,
778190.275,callback,grid,1686,1685.923677,10133.000,10136.000,3.000,
778224.649,boundary,beat,1686,1686.003843,,,,
778341.953,boundary,quarter,1686,1686.253008,,,,0.25
778459.282,boundary,half,1686,1686.500006,,,,
778569.800,boundary,quarter,1686,1686.755671,,,,0.75
778659.371,callback,beat,1687,1686.942003,10603.000,10606.000,3.000,
778659.530,callback,grid,1687,1686.942003,10603.000,10606.000,3.000,
778686.988,boundary,beat,1687,1687.002669,,,,
778804.366,boundary,quarter,1687,1687.251834,,,,0.25
778917.306,boundary,half,1687,1687.513999,,,,
779031.961,boundary,quarter,1687,1687.752331,,,,0.75
779128.617,callback,bar,1688,1687.955996,11072.000,11074.000,2.000,
779128.876,callback,beat,1688,1687.955996,11072.000,11074.000,2.000,
779128.978,callback,grid,1688,1687.955996,11072.000,11074.000,2.000,
779149.240,boundary,beat,1688,1688.003662,,,,
779266.622,boundary,quarter,1688,1688.250661,,,,0.25
779376.996,boundary,half,1688,1688.506325,,,,
779495.471,boundary,quarter,1688,1688.757657,,,,0.75
779577.592,callback,beat,1689,1688.928823,11520.000,11521.000,1.000,
779577.764,callback,grid,1689,1688.928823,11520.000,11521.000,1.000,
779611.542,boundary,beat,1689,1689.000322,,,,
779721.992,boundary,quarter,1689,1689.253820,,,,0.25
779839.345,boundary,half,1689,1689.505152,,,,
779956.545,boundary,quarter,1689,1689.754317,,,,0.75
780046.253,callback,beat,1690,1689.942816,11989.000,11989.000,0.000,
780046.462,callback,grid,1690,1689.942816,11989.000,11989.000,0.000,
780073.901,boundary,beat,1690,1690.001315,,,,
780184.280,boundary,quarter,1690,1690.254813,,,,0.25
780301.561,boundary,half,1690,1690.503978,,,,
780418.909,boundary,quarter,1690,1690.750977,,,,0.75
780508.561,callback,beat,1691,1690.961142,12459.000,12461.000,2.000,
780508.736,callback,grid,1691,1690.961142,12459.000,12461.000,2.000,
780529.265,boundary,beat,1691,1691.006641,,,,
780646.810,boundary,quarter,1691,1691.255806,,,,0.25
780768.046,boundary,half,1691,1691.513638,,,,
780881.423,boundary,quarter,1691,1691.751970,,,,0.75
780957.320,callback,bar,1692,1691.929635,12907.000,12908.000,1.000,
780957.479,callback,beat,1692,1691.929635,12907.000,12908.000,1.000,
780957.697,callback,grid,1692,1691.929635,12907.000,12908.000,1.000,
780991.813,boundary,beat,1692,1692.005468,,,,
781109.093,boundary,quarter,1692,1692.254633,,,,0.25
781227.776,boundary,half,1692,1692.505964,,,,
781348.200,boundary,quarter,1692,1692.761629,,,,0.75
781429.598,callback,beat,1693,1692.950128,13376.000,13379.000,3.000,
781429.749,callback,grid,1693,1692.950128,13376.000,13379.000,3.000,
781453.270,boundary,beat,1693,1693.004294,,,,
781571.671,boundary,quarter,1693,1693.253459,,,,0.25
781688.948,boundary,half,1693,1693.502624,,,,
781799.433,boundary,quarter,1693,1693.758289,,,,0.75
781898.827,callback,beat,1694,1693.964121,13845.000,13847.000,2.000,
781899.018,callback,grid,1694,1693.964121,13845.000,13847.000,2.000,
781919.516,boundary,beat,1694,1694.013954,,,,
782036.858,boundary,quarter,1694,1694.258786,,,,0.25
782156.642,boundary,half,1694,1694.514451,,,,
782260.142,boundary,quarter,1694,1694.752782,,,,0.75
782349.934,callback,beat,1695,1694.936948,14293.000,14296.000,3.000,
782350.149,callback,grid,1695,1694.936948,14293.000,14296.000,3.000,
782378.016,boundary,beat,1695,1695.001947,,,,
782501.808,boundary,quarter,1695,1695.266279,,,,0.25
782620.849,boundary,half,1695,1695.515444,,,,
782726.352,boundary,quarter,1695,1695.762442,,,,0.75
782841.837,boundary,beat,1696,1696.005107,,,,
782841.910,arrangement,transition,106,1696.005107,,,,alternate
782958.974,boundary,quarter,1696,1696.252105,,,,0.25
783069.440,boundary,half,1696,1696.509937,,,,
783186.612,boundary,quarter,1696,1696.754768,,,,0.75
783269.430,callback,beat,1697,1696.925934,442.000,445.000,3.000,
783269.591,callback,grid,1697,1696.925934,442.000,445.000,3.000,
783303.918,boundary,beat,1697,1697.001767,,,,
783414.297,boundary,quarter,1697,1697.257432,,,,0.25
783531.623,boundary,half,1697,1697.506597,,,,
783648.952,boundary,quarter,1697,1697.755761,,,,0.75
783738.637,callback,beat,1698,1697.944260,911.000,913.000,2.000,
783738.825,callback,grid,1698,1697.944260,911.000,913.000,2.000,
783766.318,boundary,beat,1698,1698.002760,,,,
783878.718,boundary,quarter,1698,1698.260591,,,,0.25
783994.657,boundary,half,1698,1698.507590,,,,
784111.958,boundary,quarter,1698,1698.754588,,,,0.75
784209.334,callback,beat,1699,1698.960420,1380.000,1382.000,2.000,
784209.602,callback,grid,1699,1698.960420,1380.000,1382.000,2.000,
784229.290,boundary,beat,1699,1699.005920,,,,
784339.679,boundary,quarter,1699,1699.257251,,,,0.25
784456.983,boundary,half,1699,1699.506416,,,,
784580.991,boundary,quarter,1699,1699.762081,,,,0.75
784652.396,callback,bar,1700,1699.935413,1828.000,1834.000,6.000,
784652.553,callback,beat,1700,1699.935413,1828.000,1834.000,6.000,
784652.725,callback,grid,1700,1699.935413,1828.000,1834.000,6.000,
784686.849,boundary,beat,1700,1700.013413,,,,
784804.178,boundary,quarter,1700,1700.262577,,,,0.25
784921.459,boundary,half,1700,1700.509576,,,,
785038.769,boundary,quarter,1700,1700.758741,,,,0.75
785121.560,callback,beat,1701,1700.951573,2298.000,2303.000,5.000,
785121.733,callback,grid,1701,1700.951573,2298.000,2303.000,5.000,
785149.198,boundary,beat,1701,1701.012239,,,,
785261.968,boundary,quarter,1701,1701.250571,,,,0.25
785383.478,boundary,half,1701,1701.510569,,,,
785500.941,boundary,quarter,1701,1701.755400,,,,0.75
785591.262,callback,beat,1702,1701.965566,2767.000,2771.000,4.000,
785591.452,callback,grid,1702,1701.965566,2767.000,2771.000,4.000,
785611.552,boundary,beat,1702,1702.013232,,,,
785728.420,boundary,quarter,1702,1702.260230,,,,0.25
785845.553,boundary,half,1702,1702.507229,,,,
785956.002,boundary,quarter,1702,1702.762894,,,,0.75
786038.762,callback,beat,1703,1702.931892,3215.000,3217.000,2.000,
786038.902,callback,grid,1703,1702.931892,3215.000,3217.000,2.000,
786073.238,boundary,beat,1703,1703.009892,,,,
786190.581,boundary,quarter,1703,1703.259057,,,,0.25
786307.942,boundary,half,1703,1703.506055,,,,
786418.290,boundary,quarter,1703,1703.763887,,,,0.75
786507.951,callback,bar,1704,1703.945885,3684.000,3685.000,1.000,
786508.073,callback,beat,1704,1703.945885,3684.000,3685.000,1.000,
786508.211,callback,grid,1704,1703.945885,3684.000,3685.000,1.000,
786535.572,boundary,beat,1704,1704.010885,,,,
786653.886,boundary,quarter,1704,1704.257883,,,,0.25
786763.245,boundary,half,1704,1704.511381,,,,
786882.806,boundary,quarter,1704,1704.764880,,,,0.75
786977.171,callback,beat,1705,1704.962045,4154.000,4154.000,0.000,
786977.379,callback,grid,1705,1704.962045,4154.000,4154.000,0.000,
786996.755,boundary,beat,1705,1705.007545,,,,
787117.858,boundary,quarter,1705,1705.263210,,,,0.25
787225.628,boundary,half,1705,1705.510208,,,,
787338.271,boundary,quarter,1705,1705.750706,,,,0.75
787429.481,callback,beat,1706,1705.939205,4602.000,4605.000,3.000,
787429.711,callback,grid,1706,1705.939205,4602.000,4605.000,3.000,
787462.459,boundary,beat,1706,1706.012871,,,,
787565.998,boundary,quarter,1706,1706.251203,,,,0.25
787684.115,boundary,half,1706,1706.502534,,,,
787807.636,boundary,quarter,1706,1706.766866,,,,0.75
787897.155,callback,beat,1707,1706.955365,5071.000,5072.000,1.000,
787897.523,callback,grid,1707,1706.955365,5071.000,5072.000,1.000,
787924.782,boundary,beat,1707,1707.011697,,,,
788028.341,boundary,quarter,1707,1707.252196,,,,0.25
788152.438,boundary,half,1707,1707.516527,,,,
788269.772,boundary,quarter,1707,1707.763526,,,,0.75
788338.814,callback,bar,1708,1707.923858,5519.000,5521.000,2.000,
788338.981,callback,beat,1708,1707.923858,5519.000,5521.000,2.000,
788339.219,callback,grid,1708,1707.923858,5519.000,5521.000,2.000,
788387.052,boundary,beat,1708,1708.012691,,,,
788490.555,boundary,quarter,1708,1708.251022,,,,0.25
788614.750,boundary,half,1708,1708.513187,,,,
788732.095,boundary,quarter,1708,1708.762352,,,,0.75
788808.325,callback,beat,1709,1708.940017,5988.000,5990.000,2.000,
788808.507,callback,grid,1709,1708.940017,5988.000,5990.000,2.000,
788836.145,boundary,beat,1709,1709.002850,,,,
788960.425,boundary,quarter,1709,1709.269349,,,,0.25
789077.074,boundary,half,1709,1709.512014,,,,
789194.436,boundary,quarter,1709,1709.761178,,,,0.75
789277.197,callback,beat,1710,1709.954010,6458.000,6458.000,0.000,
789277.364,callback,grid,1710,1709.954010,6458.000,6458.000,0.000,
789297.931,boundary,beat,1710,1710.001677,,,,
789415.290,boundary,quarter,1710,1710.250842,,,,0.25
789539.369,boundary,half,1710,1710.515173,,,,
789656.639,boundary,quarter,1710,1710.760005,,,,0.75
789732.525,callback,beat,1711,1710.937670,6906.000,6912.000,6.000,
789732.629,callback,grid,1711,1710.937670,6906.000,6912.000,6.000,
789760.166,boundary,beat,1711,1711.000503,,,,
789884.351,boundary,quarter,1711,1711.264835,,,,0.25
790001.667,boundary,half,1711,1711.511833,,,,
790105.188,boundary,quarter,1711,1711.750165,,,,0.75
790202.237,callback,bar,1712,1711.953830,7375.000,7381.000,6.000,
790202.392,callback,beat,1712,1711.953830,7375.000,7381.000,6.000,
790202.488,callback,grid,1712,1711.953830,7375.000,7381.000,6.000,
790229.428,boundary,beat,1712,1712.014496,,,,
790229.488,arrangement,layer,107,1712.014496,,,,false
790346.642,boundary,quarter,1712,1712.263661,,,,0.25
790450.151,boundary,half,1712,1712.501993,,,,
790567.470,boundary,quarter,1712,1712.751158,,,,0.75
790670.569,callback,beat,1713,1712.965656,7844.000,7848.000,4.000,
790670.727,callback,grid,1713,1712.965656,7844.000,7848.000,4.000,
790692.074,boundary,beat,1713,1713.015489,,,,
790807.631,boundary,quarter,1713,1713.258154,,,,0.25
790914.698,boundary,half,1713,1713.505153,,,,
791031.986,boundary,quarter,1713,1713.754318,,,,0.75
791122.226,callback,beat,1714,1713.940650,8292.000,8298.000,6.000,
791122.357,callback,grid,1714,1713.940650,8292.000,8298.000,6.000,
791149.762,boundary,beat,1714,1714.003482,,,,
791266.609,boundary,quarter,1714,1714.252647,,,,0.25
791377.256,boundary,half,1714,1714.506146,,,,
791494.266,boundary,quarter,1714,1714.753144,,,,0.75
791590.829,callback,beat,1715,1714.954643,8762.000,8766.000,4.000,
791590.943,callback,grid,1715,1714.954643,8762.000,8766.000,4.000,
791611.538,boundary,beat,1715,1715.002309,,,,
791721.969,boundary,quarter,1715,1715.255807,,,,0.25
791839.224,boundary,half,1715,1715.507139,,,,
791956.577,boundary,quarter,1715,1715.751970,,,,0.75
792032.446,callback,bar,1716,1715.929636,9210.000,9216.000,6.000,
792032.705,callback,beat,1716,1715.929636,9210.000,9216.000,6.000,
792035.288,callback,grid,1716,1715.929636,9210.000,9216.000,6.000,
792074.704,boundary,beat,1716,1716.001135,,,,
792185.031,boundary,quarter,1716,1716.256800,,,,0.25
792301.542,boundary,half,1716,1716.503799,,,,
792418.869,boundary,quarter,1716,1716.752963,,,,0.75
792496.606,callback,beat,1717,1716.932796,9679.000,9679.000,0.000,
792496.757,callback,grid,1717,1716.932796,9679.000,9679.000,0.000,
792543.071,boundary,beat,1717,1717.012962,,,,
792646.570,boundary,quarter,1717,1717.255627,,,,0.25
792763.861,boundary,half,1717,1717.500458,,,,
792881.168,boundary,quarter,1717,1717.751790,,,,0.75
792975.082,callback,beat,1718,1717.957622,10148.000,10152.000,4.000,
792975.946,callback,grid,1718,1717.957622,10148.000,10152.000,4.000,
792989.078,boundary,beat,1718,1718.000955,,,,
793112.495,boundary,quarter,1718,1718.256620,,,,0.25
793227.214,boundary,half,1718,1718.505785,,,,
793347.815,boundary,quarter,1718,1718.759283,,,,0.75
793419.396,callback,beat,1719,1718.926115,10596.000,10599.000,3.000,
793419.665,callback,grid,1719,1718.926115,10596.000,10599.000,3.000,
793454.211,boundary,beat,1719,1719.004115,,,,
793571.191,boundary,quarter,1719,1719.255446,,,,0.25
793688.473,boundary,half,1719,1719.500278,,,,
793798.928,boundary,quarter,1719,1719.753776,,,,0.75
793890.110,callback,bar,1720,1719.944441,11066.000,11069.000,3.000,
793890.295,callback,beat,1720,1719.944441,11066.000,11069.000,3.000,
793890.529,callback,grid,1720,1719.944441,11066.000,11069.000,3.000,
793916.188,boundary,beat,1720,1720.005108,,,,
794033.490,boundary,quarter,1720,1720.252106,,,,0.25
794151.030,boundary,half,1720,1720.501271,,,,
794261.172,boundary,quarter,1720,1720.754769,,,,0.75
794357.854,callback,beat,1721,1720.956268,11535.000,11536.000,1.000,
794358.396,callback,grid,1721,1720.956268,11535.000,11536.000,1.000,
794378.467,boundary,beat,1721,1721.003934,,,,
794502.714,boundary,quarter,1721,1721.263932,,,,0.25
794606.163,boundary,half,1721,1721.506597,,,,
794723.467,boundary,quarter,1721,1721.755762,,,,0.75
794806.226,callback,beat,1722,1721.924761,11983.000,11983.000,0.000,
794806.334,callback,grid,1722,1721.924761,11983.000,11983.000,0.000,
794840.724,boundary,beat,1722,1722.000594,,,,
794964.964,boundary,quarter,1722,1722.264925,,,,0.25
795068.477,boundary,half,1722,1722.505424,,,,
795220.096,boundary,quarter,1722,1722.830421,,,,0.75
795295.152,callback,beat,1723,1722.982087,12452.000,12471.000,19.000,
795295.295,callback,grid,1723,1722.982087,12452.000,12471.000,19.000,
795307.729,boundary,beat,1723,1723.012420,,,,
795426.992,boundary,quarter,1723,1723.265918,,,,0.25
795529.521,boundary,half,1723,1723.502083,,,,
795653.716,boundary,quarter,1723,1723.764248,,,,0.75
795746.190,callback,bar,1724,1723.959247,12922.000,12922.000,0.000,
795746.354,callback,beat,1724,1723.959247,12922.000,12922.000,0.000,
795746.442,callback,grid,1724,1723.959247,12922.000,12922.000,0.000,
795771.007,boundary,beat,1724,1724.013413,,,,
795874.571,boundary,quarter,1724,1724.253912,,,,0.25
795998.736,boundary,half,1724,1724.518243,,,,
796109.814,boundary,quarter,1724,1724.750075,,,,0.75
796191.954,callback,beat,1725,1724.940740,13370.000,13375.000,5.000,
796192.107,callback,grid,1725,1724.940740,13370.000,13375.000,5.000,
796233.407,boundary,beat,1725,1725.012240,,,,
796337.339,boundary,quarter,1725,1725.254905,,,,0.25
796454.369,boundary,half,1725,1725.501903,,,,
796578.305,boundary,quarter,1725,1725.766234,,,,0.75
796661.105,callback,beat,1726,1725.954733,13839.000,13843.000,4.000,
796661.216,callback,grid,1726,1725.954733,13839.000,13843.000,4.000,
796681.818,boundary,beat,1726,1726.000233,,,,
796799.221,boundary,quarter,1726,1726.251564,,,,0.25
796916.509,boundary,half,1726,1726.500729,,,,
797040.629,boundary,quarter,1726,1726.762894,,,,0.75
797109.641,callback,beat,1727,1726.923226,14287.000,14290.000,3.000,
797109.829,callback,grid,1727,1726.923226,14287.000,14290.000,3.000,
797151.085,boundary,beat,1727,1727.018559,,,,
797261.421,boundary,quarter,1727,1727.250391,,,,0.25
797385.624,boundary,half,1727,1727.512556,,,,
797489.681,boundary,quarter,1727,1727.753054,,,,0.75
797606.416,boundary,beat,1728,1728.000052,,,,
797606.465,arrangement,transition,108,1728.000052,,,,loop
797730.641,boundary,quarter,1728,1728.264384,,,,0.25
797847.930,boundary,half,1728,1728.511382,,,,
797951.443,boundary,quarter,1728,1728.751881,,,,0.75
798048.052,callback,beat,1729,1728.951212,456.000,457.000,1.000,
798048.229,callback,grid,1729,1728.951212,456.000,457.000,1.000,
798068.755,boundary,beat,1729,1729.001045,,,,
798192.982,boundary,quarter,1729,1729.261044,,,,0.25
798310.238,boundary,half,1729,1729.512375,,,,
798417.661,boundary,quarter,1729,1729.759374,,,,0.75
798500.431,callback,beat,1730,1729.928372,904.000,908.000,4.000,
798500.621,callback,grid,1730,1729.928372,904.000,908.000,4.000,
798534.952,boundary,beat,1730,1730.006372,,,,
798652.794,boundary,quarter,1730,1730.257703,,,,0.25
798766.755,boundary,half,1730,1730.517702,,,,
798879.995,boundary,quarter,1730,1730.758200,,,,0.75
798969.779,callback,beat,1731,1730.942365,1374.000,1376.000,2.000,
798969.929,callback,grid,1731,1730.942365,1374.000,1376.000,2.000,
798997.216,boundary,beat,1731,1731.007365,,,,
799114.519,boundary,quarter,1731,1731.254363,,,,0.25
799225.178,boundary,half,1731,1731.512195,,,,
799342.266,boundary,quarter,1731,1731.757026,,,,0.75
799436.839,callback,bar,1732,1731.954192,1843.000,1843.000,0.000,
799436.987,callback,beat,1732,1731.954192,1843.000,1843.000,0.000,
799437.109,callback,grid,1732,1731.954192,1843.000,1843.000,0.000,
799459.558,boundary,beat,1732,1732.004025,,,,
799579.349,boundary,quarter,1732,1732.259690,,,,0.25
799690.101,boundary,half,1732,1732.515354,,,,
799810.200,boundary,quarter,1732,1732.771019,,,,0.75
799887.450,callback,beat,1733,1732.931352,2291.000,2292.000,1.000,
799887.650,callback,grid,1733,1732.931352,2291.000,2292.000,1.000,
799921.925,boundary,beat,1733,1733.002851,,,,
800032.304,boundary,quarter,1733,1733.260683,,,,0.25
800149.567,boundary,half,1733,1733.507681,,,,
800266.843,boundary,quarter,1733,1733.756846,,,,0.75
800352.042,callback,beat,1734,1733.951845,2760.000,2765.000,5.000,
800352.638,callback,grid,1734,1733.951845,2760.000,2765.000,5.000,
800389.662,boundary,beat,1734,1734.016844,,,,
800494.631,boundary,quarter,1734,1734.257342,,,,0.25
800611.915,boundary,half,1734,1734.506507,,,,
800729.247,boundary,quarter,1734,1734.755672,,,,0.75
800818.957,callback,beat,1735,1734.963671,3230.000,3232.000,2.000,
800819.792,callback,grid,1735,1734.963671,3230.000,3232.000,2.000,
800839.645,boundary,beat,1735,1735.009171,,,,
800957.762,boundary,quarter,1735,1735.260502,,,,0.25
801075.807,boundary,half,1735,1735.507500,,,,
801192.392,boundary,quarter,1735,1735.756665,,,,0.75
801267.489,callback,bar,1736,1735.932164,3678.000,3679.000,1.000,
801267.749,callback,beat,1736,1735.932164,3678.000,3679.000,1.000,
801267.904,callback,grid,1736,1735.932164,3678.000,3679.000,1.000,
801301.929,boundary,beat,1736,1736.007997,,,,
801419.242,boundary,quarter,1736,1736.259329,,,,0.25
801536.541,boundary,half,1736,1736.506327,,,,
801643.256,boundary,quarter,1736,1736.751159,,,,0.75
801736.610,callback,beat,1737,1736.946157,4147.000,4147.000,0.000,
801736.776,callback,grid,1737,1736.946157,4147.000,4147.000,0.000,
801764.266,boundary,beat,1737,1737.008990,,,,
801881.520,boundary,quarter,1737,1737.255988,,,,0.25
801998.785,boundary,half,1737,1737.505153,,,,
802109.223,boundary,quarter,1737,1737.760818,,,,0.75
802192.040,callback,beat,1738,1737.927650,4595.000,4600.000,5.000,
802192.207,callback,grid,1738,1737.927650,4595.000,4600.000,5.000,
802227.072,boundary,beat,1738,1738.009983,,,,
802343.786,boundary,quarter,1738,1738.254815,,,,0.25
802461.129,boundary,half,1738,1738.501813,,,,
802571.593,boundary,quarter,1738,1738.759645,,,,0.75
802661.211,callback,beat,1739,1738.943810,5064.000,5069.000,5.000,
802661.362,callback,grid,1739,1738.943810,5064.000,5069.000,5.000,
802688.923,boundary,beat,1739,1739.006643,,,,
802806.122,boundary,quarter,1739,1739.257975,,,,0.25
802916.521,boundary,half,1739,1739.509306,,,,
803033.818,boundary,quarter,1739,1739.756304,,,,0.75
803130.388,callback,bar,1740,1739.959970,5534.000,5538.000,4.000,
803130.535,callback,beat,1740,1739.959970,5534.000,5538.000,4.000,
803130.638,callback,grid,1740,1739.959970,5534.000,5538.000,4.000,
803151.108,boundary,beat,1740,1740.005469,,,,
803268.448,boundary,quarter,1740,1740.254634,,,,0.25
803378.790,boundary,half,1740,1740.510299,,,,
803496.131,boundary,quarter,1740,1740.757297,,,,0.75
803578.920,callback,beat,1741,1740.930630,5982.000,5984.000,2.000,
803579.062,callback,grid,1741,1740.930630,5982.000,5984.000,2.000,
803613.431,boundary,beat,1741,1741.004296,,,,
803723.804,boundary,quarter,1741,1741.257794,,,,0.25
803841.156,boundary,half,1741,1741.509126,,,,
803958.445,boundary,quarter,1741,1741.758291,,,,0.75
804048.111,callback,beat,1742,1741.946789,6451.000,6452.000,1.000,
804048.272,callback,grid,1742,1741.946789,6451.000,6452.000,1.000,
804075.709,boundary,beat,1742,1742.003122,,,,
804186.144,boundary,quarter,1742,1742.260954,,,,0.25
804303.436,boundary,half,1742,1742.507952,,,,
804420.706,boundary,quarter,1742,1742.754950,,,,0.75
804510.439,callback,beat,1743,1742.962949,6920.000,6924.000,4.000,
804510.780,callback,grid,1743,1742.962949,6920.000,6924.000,4.000,
804531.097,boundary,beat,1743,1743.008449,,,,
804648.429,boundary,quarter,1743,1743.257614,,,,0.25
804765.978,boundary,half,1743,1743.504612,,,,
804884.353,boundary,quarter,1743,1743.758110,,,,0.75
804958.988,callback,bar,1744,1743.929276,7368.000,7370.000,2.000,
804959.150,callback,beat,1744,1743.929276,7368.000,7370.000,2.000,
804959.285,callback,grid,1744,1743.929276,7368.000,7370.000,2.000,
804994.366,boundary,beat,1744,1744.011608,,,,
804994.698,arrangement,layer,109,1744.011608,,,,true
805110.716,boundary,quarter,1744,1744.258607,,,,0.25
805228.259,boundary,half,1744,1744.505605,,,,
805346.604,boundary,quarter,1744,1744.756937,,,,0.75
805428.929,callback,beat,1745,1744.947602,7838.000,7840.000,2.000,
805430.033,callback,grid,1745,1744.947602,7838.000,7840.000,2.000,
805456.677,boundary,beat,1745,1745.008268,,,,
805573.000,boundary,quarter,1745,1745.255266,,,,0.25
805690.303,boundary,half,1745,1745.506598,,,,
805800.705,boundary,quarter,1745,1745.757930,,,,0.75
805897.590,callback,beat,1746,1745.961595,8307.000,8308.000,1.000,
805897.794,callback,grid,1746,1745.961595,8307.000,8308.000,1.000,
805918.813,boundary,beat,1746,1746.009261,,,,
806035.330,boundary,quarter,1746,1746.254093,,,,0.25
806154.851,boundary,half,1746,1746.507591,,,,
806263.057,boundary,quarter,1746,1746.758923,,,,0.75
806346.691,callback,beat,1747,1746.930088,8755.000,8755.000,0.000,
806346.919,callback,grid,1747,1746.930088,8755.000,8755.000,0.000,
806380.394,boundary,beat,1747,1747.005921,,,,
806497.692,boundary,quarter,1747,1747.255086,,,,0.25
806615.631,boundary,half,1747,1747.504251,,,,
806725.316,boundary,quarter,1747,1747.757749,,,,0.75
806821.928,callback,bar,1748,1747.957081,9224.000,9229.000,5.000,
806822.152,callback,beat,1748,1747.957081,9224.000,9229.000,5.000,
806822.349,callback,grid,1748,1747.957081,9224.000,9229.000,5.000,
806842.610,boundary,beat,1748,1748.006914,,,,
806959.946,boundary,quarter,1748,1748.251746,,,,0.25
807070.312,boundary,half,1748,1748.509577,,,,
807187.646,boundary,quarter,1748,1748.756576,,,,0.75
807270.701,callback,beat,1749,1748.925574,9672.000,9676.000,4.000,
807271.914,callback,grid,1749,1748.925574,9672.000,9676.000,4.000,
807304.996,boundary,beat,1749,1749.003574,,,,
807415.453,boundary,quarter,1749,1749.257072,,,,0.25
807532.586,boundary,half,1749,1749.506237,,,,
807649.965,boundary,quarter,1749,1749.755402,,,,0.75
807740.044,callback,beat,1750,1749.943901,10142.000,10145.000,3.000,
807740.221,callback,grid,1750,1749.943901,10142.000,10145.000,3.000,
807767.213,boundary,beat,1750,1750.004567,,,,
807877.649,boundary,quarter,1750,1750.258065,,,,0.25
807994.889,boundary,half,1750,1750.507230,,,,
808112.206,boundary,quarter,1750,1750.754228,,,,0.75
808208.840,callback,beat,1751,1750.960060,10611.000,10613.000,2.000,
808209.201,callback,grid,1751,1750.960060,10611.000,10613.000,2.000,
808229.508,boundary,beat,1751,1751.003393,,,,
808340.980,boundary,quarter,1751,1751.259058,,,,0.25
808457.351,boundary,half,1751,1751.508223,,,,
808575.957,boundary,quarter,1751,1751.757388,,,,0.75
808650.408,callback,bar,1752,1751.930720,11059.000,11063.000,4.000,
808650.568,callback,beat,1752,1751.930720,11059.000,11063.000,4.000,
808650.788,callback,grid,1752,1751.930720,11059.000,11063.000,4.000,
808684.911,boundary,beat,1752,1752.006553,,,,
808802.233,boundary,quarter,1752,1752.257885,,,,0.25
808919.511,boundary,half,1752,1752.504883,,,,
809037.533,boundary,quarter,1752,1752.754048,,,,0.75
809120.735,callback,beat,1753,1752.946880,11528.000,11532.000,4.000,
809121.705,callback,grid,1753,1752.946880,11528.000,11532.000,4.000,
809148.430,boundary,beat,1753,1753.011879,,,,
809265.662,boundary,quarter,1753,1753.256711,,,,0.25
809382.914,boundary,half,1753,1753.505876,,,,
809500.253,boundary,quarter,1753,1753.755041,,,,0.75
809590.679,callback,beat,1754,1753.965206,11998.000,12002.000,4.000,
809590.849,callback,grid,1754,1753.965206,11998.000,12002.000,4.000,
809610.690,boundary,beat,1754,1754.010706,,,,
809728.045,boundary,quarter,1754,1754.257704,,,,0.25
809849.264,boundary,half,1754,1754.515536,,,,
809958.093,boundary,quarter,1754,1754.764701,,,,0.75
810042.542,callback,beat,1755,1754.938033,12446.000,12451.000,5.000,
810042.762,callback,grid,1755,1754.938033,12446.000,12451.000,5.000,
810072.670,boundary,beat,1755,1755.005199,,,,
810188.774,boundary,quarter,1755,1755.254364,,,,0.25
810306.553,boundary,half,1755,1755.503529,,,,
810417.165,boundary,quarter,1755,1755.761360,,,,0.75
810510.421,callback,bar,1756,1755.952026,12915.000,12919.000,4.000,
810510.718,callback,beat,1756,1755.952026,12915.000,12919.000,4.000,
810510.824,callback,grid,1756,1755.952026,12915.000,12919.000,4.000,
810534.310,boundary,beat,1756,1756.004025,,,,
810651.062,boundary,quarter,1756,1756.251024,,,,0.25
810761.457,boundary,half,1756,1756.506689,,,,
810878.759,boundary,quarter,1756,1756.755854,,,,0.75
810982.252,callback,beat,1757,1756.972519,13384.000,13390.000,6.000,
810982.385,callback,grid,1757,1756.972519,13384.000,13390.000,6.000,
810996.051,boundary,beat,1757,1757.007185,,,,
811113.370,boundary,quarter,1757,1757.252017,,,,0.25
811223.767,boundary,half,1757,1757.505515,,,,
811341.117,boundary,quarter,1757,1757.756847,,,,0.75
811432.523,callback,beat,1758,1757.943179,13832.000,13838.000,6.000,
811432.925,callback,grid,1758,1757.943179,13832.000,13838.000,6.000,
811458.352,boundary,beat,1758,1758.003845,,,,
811568.792,boundary,quarter,1758,1758.255177,,,,0.25
811686.092,boundary,half,1758,1758.506508,,,,
811803.944,boundary,quarter,1758,1758.753506,,,,0.75
811899.949,callback,beat,1759,1758.959338,14302.000,14305.000,3.000,
811900.098,callback,grid,1759,1758.959338,14302.000,14305.000,3.000,
811920.673,boundary,beat,1759,1759.002671,,,,
812060.370,boundary,quarter,1759,1759.301669,,,,0.25
812154.728,boundary,half,1759,1759.518334,,,,
812268.032,boundary,quarter,1759,1759.758833,,,,0.75
812385.354,boundary,beat,1760,1760.003664,,,,
812385.427,arrangement,transition,110,1760.003664,,,,alternate
812495.828,boundary,quarter,1760,1760.261496,,,,0.25
812613.011,boundary,half,1760,1760.506328,,,,
812730.354,boundary,quarter,1760,1760.757659,,,,0.75
812806.295,callback,beat,1761,1760.935325,450.000,450.000,0.000,
812806.485,callback,grid,1761,1760.935325,450.000,450.000,0.000,
812841.657,boundary,beat,1761,1761.013324,,,,
812958.544,boundary,quarter,1761,1761.262489,,,,0.25
813075.479,boundary,half,1761,1761.509487,,,,
813193.937,boundary,quarter,1761,1761.756486,,,,0.75
813282.286,callback,beat,1762,1761.964484,919.000,925.000,6.000,
813282.407,callback,grid,1762,1761.964484,919.000,925.000,6.000,
813302.998,boundary,beat,1762,1762.012151,,,,
813420.463,boundary,quarter,1762,1762.259149,,,,0.25
813537.588,boundary,half,1762,1762.508314,,,,
813654.898,boundary,quarter,1762,1762.755312,,,,0.75
813730.834,callback,beat,1763,1762.930811,1367.000,1371.000,4.000,
813731.228,callback,grid,1763,1762.930811,1367.000,1371.000,4.000,
813765.290,boundary,beat,1763,1763.008810,,,,
813883.888,boundary,quarter,1763,1763.260142,,,,0.25
814001.528,boundary,half,1763,1763.509307,,,,
814107.532,boundary,quarter,1763,1763.754138,,,,0.75
814197.986,callback,bar,1764,1763.940471,1836.000,1837.000,1.000,
814198.171,callback,beat,1764,1763.940471,1836.000,1837.000,1.000,
814199.348,callback,grid,1764,1763.940471,1836.000,1837.000,1.000,
814224.828,boundary,beat,1764,1764.003303,,,,
814342.436,boundary,quarter,1764,1764.250302,,,,0.25
814452.685,boundary,half,1764,1764.503800,,,,
814569.905,boundary,quarter,1764,1764.752965,,,,0.75
814666.412,callback,beat,1765,1764.956630,2306.000,2306.000,0.000,
814666.539,callback,grid,1765,1764.956630,2306.000,2306.000,0.000,
814687.206,boundary,beat,1765,1765.004297,,,,
814804.425,boundary,quarter,1765,1765.251295,,,,0.25
814914.810,boundary,half,1765,1765.502626,,,,
815032.136,boundary,quarter,1765,1765.753958,,,,0.75
815121.834,callback,beat,1766,1765.938123,2754.000,2759.000,5.000,
815121.951,callback,grid,1766,1765.938123,2754.000,2759.000,5.000,
815149.475,boundary,beat,1766,1766.000956,,,,
815266.729,boundary,quarter,1766,1766.250121,,,,0.25
815377.102,boundary,half,1766,1766.505786,,,,
815494.446,boundary,quarter,1766,1766.750618,,,,0.75
815594.290,callback,beat,1767,1766.960783,3223.000,3231.000,8.000,
815595.601,callback,grid,1767,1766.960783,3223.000,3231.000,8.000,
815618.633,boundary,beat,1767,1767.014949,,,,
815722.284,boundary,quarter,1767,1767.255448,,,,0.25
815844.736,boundary,half,1767,1767.515446,,,,
815957.571,boundary,quarter,1767,1767.753778,,,,0.75
816026.515,callback,bar,1768,1767.914110,3671.000,3671.000,0.000,
816026.677,callback,beat,1768,1767.914110,3671.000,3671.000,0.000,
816026.936,callback,grid,1768,1767.914110,3671.000,3671.000,0.000,
816081.767,boundary,beat,1768,1768.018109,,,,
816186.652,boundary,quarter,1768,1768.256441,,,,0.25
816302.521,boundary,half,1768,1768.503439,,,,
816419.842,boundary,quarter,1768,1768.752604,,,,0.75
816502.624,callback,beat,1769,1768.943269,4140.000,4146.000,6.000,
816502.780,callback,grid,1769,1768.943269,4140.000,4146.000,6.000,
816537.323,boundary,beat,1769,1769.001769,,,,
816647.506,boundary,quarter,1769,1769.257434,,,,0.25
816764.805,boundary,half,1769,1769.502265,,,,
816882.153,boundary,quarter,1769,1769.751430,,,,0.75
816971.833,callback,beat,1770,1769.959429,4610.000,4615.000,5.000,
816971.971,callback,grid,1770,1769.959429,4610.000,4615.000,5.000,
816992.530,boundary,beat,1770,1770.007095,,,,
817109.815,boundary,quarter,1770,1770.254094,,,,0.25
817227.112,boundary,half,1770,1770.505425,,,,
817344.448,boundary,quarter,1770,1770.750257,,,,0.75
817420.315,callback,beat,1771,1770.927922,5058.000,5062.000,4.000,
817420.493,callback,grid,1771,1770.927922,5058.000,5062.000,4.000,
817456.343,boundary,beat,1771,1771.010255,,,,
817572.187,boundary,quarter,1771,1771.255087,,,,0.25
817696.338,boundary,half,1771,1771.515085,,,,
817802.811,boundary,quarter,1771,1771.757750,,,,0.75
817890.147,callback,bar,1772,1771.939749,5527.000,5529.000,2.000,
817890.274,callback,beat,1772,1771.939749,5527.000,5529.000,2.000,
817890.363,callback,grid,1772,1771.939749,5527.000,5529.000,2.000,
817919.150,boundary,beat,1772,1772.009081,,,,
818038.341,boundary,quarter,1772,1772.258246,,,,0.25
818152.576,boundary,half,1772,1772.500911,,,,
818266.726,boundary,quarter,1772,1772.763076,,,,0.75
818365.366,callback,beat,1773,1772.964575,5996.000,6002.000,6.000,
818365.508,callback,grid,1773,1772.964575,5996.000,6002.000,6.000,
818383.345,boundary,beat,1773,1773.012241,,,,
818500.634,boundary,quarter,1773,1773.257073,,,,0.25
818611.051,boundary,half,1773,1773.510571,,,,
818725.019,boundary,quarter,1773,1773.753236,,,,0.75
818807.571,callback,beat,1774,1773.922235,6444.000,6444.000,0.000,
818808.616,callback,grid,1774,1773.922235,6444.000,6444.000,0.000,
818842.006,boundary,beat,1774,1774.002401,,,,
818959.265,boundary,quarter,1774,1774.253733,,,,0.25
819069.707,boundary,half,1774,1774.500731,,,,
819186.996,boundary,quarter,1774,1774.754229,,,,0.75
819276.806,callback,beat,1775,1774.940561,6914.000,6914.000,0.000,
819277.142,callback,grid,1775,1774.940561,6914.000,6914.000,0.000,
819304.255,boundary,beat,1775,1775.003394,,,,
819421.587,boundary,quarter,1775,1775.250392,,,,0.25
819532.075,boundary,half,1775,1775.508224,,,,
819655.431,boundary,quarter,1775,1775.766055,,,,0.75
819748.288,callback,bar,1776,1775.956721,7383.000,7383.000,0.000,
819748.431,callback,beat,1776,1775.956721,7383.000,7383.000,0.000,
819748.527,callback,grid,1776,1775.956721,7383.000,7383.000,0.000,
819778.571,boundary,beat,1776,1776.023887,,,,
819778.625,arrangement,layer,111,1776.023887,,,,false
819878.012,boundary,quarter,1776,1776.257885,,,,0.25
819998.115,boundary,half,1776,1776.511384,,,,
820120.356,boundary,quarter,1776,1776.769215,,,,0.75
820193.454,callback,beat,1777,1776.938214,7831.000,7836.000,5.000,
820193.609,callback,grid,1777,1776.938214,7831.000,7836.000,5.000,
820239.854,boundary,beat,1777,1777.022713,,,,
820341.657,boundary,quarter,1777,1777.261045,,,,0.25
820458.093,boundary,half,1777,1777.505877,,,,
820578.898,boundary,quarter,1777,1777.763708,,,,0.75
820661.711,callback,beat,1778,1777.954374,8300.000,8305.000,5.000,
820661.836,callback,grid,1778,1777.954374,8300.000,8305.000,5.000,
820696.179,boundary,beat,1778,1778.012873,,,,
820806.582,boundary,quarter,1778,1778.268538,,,,0.25
820917.409,boundary,half,1778,1778.500370,,,,
821041.170,boundary,quarter,1778,1778.762535,,,,0.75
821110.140,callback,beat,1779,1778.922867,8748.000,8752.000,4.000,
821110.267,callback,grid,1779,1778.922867,8748.000,8752.000,4.000,
821144.726,boundary,beat,1779,1779.000866,,,,
821262.145,boundary,quarter,1779,1779.252198,,,,0.25
821386.141,boundary,half,1779,1779.516530,,,,
821489.646,boundary,quarter,1779,1779.750528,,,,0.75
821579.751,callback,bar,1780,1779.939027,9218.000,9221.000,3.000,
821579.894,callback,beat,1780,1779.939027,9218.000,9221.000,3.000,
821581.056,callback,grid,1780,1779.939027,9218.000,9221.000,3.000,
821607.007,boundary,beat,1780,1780.001859,,,,
821731.176,boundary,quarter,1780,1780.266191,,,,0.25
821844.766,boundary,half,1780,1780.504523,,,,
821959.263,boundary,quarter,1780,1780.766688,,,,0.75
822048.568,callback,beat,1781,1780.953020,9687.000,9689.000,2.000,
822048.915,callback,grid,1781,1780.953020,9687.000,9689.000,2.000,
822069.291,boundary,beat,1781,1781.000686,,,,
822193.723,boundary,quarter,1781,1781.262851,,,,0.25
822314.484,boundary,half,1781,1781.520682,,,,
822414.330,boundary,quarter,1781,1781.752514,,,,0.75
822497.152,callback,beat,1782,1781.921513,10135.000,10136.000,1.000,
822497.406,callback,grid,1782,1781.921513,10135.000,10136.000,1.000,
822538.823,boundary,beat,1782,1782.016846,,,,
822657.387,boundary,quarter,1782,1782.261677,,,,0.25
822759.255,boundary,half,1782,1782.502176,,,,
822876.605,boundary,quarter,1782,1782.751340,,,,0.75
822966.242,callback,beat,1783,1782.935506,10604.000,10604.000,0.000,
822966.405,callback,grid,1783,1782.935506,10604.000,10604.000,0.000,
823000.778,boundary,beat,1783,1783.013505,,,,
823118.081,boundary,quarter,1783,1783.264837,,,,0.25
823226.089,boundary,half,1783,1783.511835,,,,
823340.637,boundary,quarter,1783,1783.752334,,,,0.75
823438.192,callback,bar,1784,1783.955999,11074.000,11075.000,1.000,
823438.449,callback,beat,1784,1783.955999,11074.000,11075.000,1.000,
823438.582,callback,grid,1784,1783.955999,11074.000,11075.000,1.000,
823457.983,boundary,beat,1784,1784.003665,,,,
823576.373,boundary,quarter,1784,1784.252830,,,,0.25
823685.568,boundary,half,1784,1784.501995,,,,
823802.853,boundary,quarter,1784,1784.751160,,,,0.75
823892.604,callback,beat,1785,1784.939659,11522.000,11528.000,6.000,
823892.860,callback,grid,1785,1784.939659,11522.000,11528.000,6.000,
823920.203,boundary,beat,1785,1785.000325,,,,
824030.551,boundary,quarter,1785,1785.255990,,,,0.25
824147.869,boundary,half,1785,1785.502988,,,,
824272.081,boundary,quarter,1785,1785.769486,,,,0.75
824347.976,callback,beat,1786,1785.944985,11991.000,11993.000,2.000,
824348.157,callback,grid,1786,1785.944985,11991.000,11993.000,2.000,
824375.548,boundary,beat,1786,1786.003485,,,,
824492.874,boundary,quarter,1786,1786.252650,,,,0.25
824610.135,boundary,half,1786,1786.503981,,,,
824727.425,boundary,quarter,1786,1786.750979,,,,0.75
824817.129,callback,beat,1787,1786.958978,12460.000,12461.000,1.000,
824817.239,callback,grid,1787,1786.958978,12460.000,12461.000,1.000,
824837.942,boundary,beat,1787,1787.002311,,,,
824955.159,boundary,quarter,1787,1787.253643,,,,0.25
825072.462,boundary,half,1787,1787.500641,,,,
825196.685,boundary,quarter,1787,1787.764972,,,,0.75
825272.577,callback,bar,1788,1787.940471,12908.000,12914.000,6.000,
825272.755,callback,beat,1788,1787.940471,12908.000,12914.000,6.000,
825272.867,callback,grid,1788,1787.940471,12908.000,12914.000,6.000,
825300.161,boundary,beat,1788,1788.005471,,,,
825417.473,boundary,quarter,1788,1788.254636,,,,0.25
825541.857,boundary,half,1788,1788.514634,,,,
825648.157,boundary,quarter,1788,1788.761632,,,,0.75
825736.976,callback,beat,1789,1788.947964,13378.000,13379.000,1.000,
825737.182,callback,grid,1789,1788.947964,13378.000,13379.000,1.000,
825764.682,boundary,beat,1789,1789.008631,,,,
825881.918,boundary,quarter,1789,1789.255629,,,,0.25
825999.189,boundary,half,1789,1789.506960,,,,
826109.610,boundary,quarter,1789,1789.758292,,,,0.75
826192.388,callback,beat,1790,1789.929458,13826.000,13832.000,6.000,
826192.780,callback,grid,1790,1789.929458,13826.000,13832.000,6.000,
826226.958,boundary,beat,1790,1790.007457,,,,
826344.201,boundary,quarter,1790,1790.256622,,,,0.25
826461.485,boundary,half,1790,1790.503620,,,,
826572.318,boundary,quarter,1790,1790.761452,,,,0.75
826656.597,callback,beat,1791,1790.932617,14295.000,14295.000,0.000,
826656.749,callback,grid,1791,1790.932617,14295.000,14295.000,0.000,
826689.255,boundary,beat,1791,1791.006283,,,,
826806.543,boundary,quarter,1791,1791.255448,,,,0.25
826914.523,boundary,half,1791,1791.504613,,,,
827048.480,boundary,quarter,1791,1791.790611,,,,0.75
827164.653,boundary,beat,1792,1792.035443,,,,
827164.703,arrangement,transition,112,1792.035443,,,,loop
827274.777,boundary,quarter,1792,1792.265108,,,,0.25
827378.345,boundary,half,1792,1792.507773,,,,
827495.601,boundary,quarter,1792,1792.754771,,,,0.75
827578.385,callback,beat,1793,1792.930270,443.000,445.000,2.000,
827578.571,callback,grid,1793,1792.930270,443.000,445.000,2.000,
827612.872,boundary,beat,1793,1793.001770,,,,
827723.339,boundary,quarter,1793,1793.255268,,,,0.25
827840.587,boundary,half,1793,1793.504433,,,,
827958.164,boundary,quarter,1793,1793.755764,,,,0.75
828047.574,callback,beat,1794,1793.942096,913.000,914.000,1.000,
828047.834,callback,grid,1794,1793.942096,913.000,914.000,1.000,
828075.224,boundary,beat,1794,1794.002763,,,,
828188.131,boundary,quarter,1794,1794.262761,,,,0.25
828302.864,boundary,half,1794,1794.505426,,,,
828421.317,boundary,quarter,1794,1794.754591,,,,0.75
828509.904,callback,beat,1795,1794.960423,1382.000,1385.000,3.000,
828510.077,callback,grid,1795,1794.960423,1382.000,1385.000,3.000,
828530.571,boundary,beat,1795,1795.005922,,,,
828647.875,boundary,quarter,1795,1795.255087,,,,0.25
828766.937,boundary,half,1795,1795.508586,,,,
828882.663,boundary,quarter,1795,1795.753417,,,,0.75
828958.435,callback,bar,1796,1795.928916,1830.000,1832.000,2.000,
828958.633,callback,beat,1796,1795.928916,1830.000,1832.000,2.000,
828958.920,callback,grid,1796,1795.928916,1830.000,1832.000,2.000,
828992.843,boundary,beat,1796,1796.004749,,,,
829110.191,boundary,quarter,1796,1796.256080,,,,0.25
829227.444,boundary,half,1796,1796.503079,,,,
829344.791,boundary,quarter,1796,1796.750077,,,,0.75
829427.715,callback,beat,1797,1796.942909,2299.000,2300.000,1.000,
829428.074,callback,grid,1797,1796.942909,2299.000,2300.000,1.000,
829455.162,boundary,beat,1797,1797.007909,,,,
829572.477,boundary,quarter,1797,1797.252740,,,,0.25
829690.125,boundary,half,1797,1797.504072,,,,
829800.153,boundary,quarter,1797,1797.757570,,,,0.75
829896.824,callback,beat,1798,1797.959069,2769.000,2769.000,0.000,
829897.010,callback,grid,1798,1797.959069,2769.000,2769.000,0.000,
829917.480,boundary,beat,1798,1798.006735,,,,
830036.071,boundary,quarter,1798,1798.258067,,,,0.25
830153.702,boundary,half,1798,1798.502898,,,,
830262.457,boundary,quarter,1798,1798.756396,,,,0.75
830346.112,callback,beat,1799,1798.929729,3217.000,3217.000,0.000,
830346.331,callback,grid,1799,1798.929729,3217.000,3217.000,0.000,
830379.810,boundary,beat,1799,1799.003395,,,,
830497.084,boundary,quarter,1799,1799.254726,,,,0.25
830614.617,boundary,half,1799,1799.501725,,,,
830727.621,boundary,quarter,1799,1799.761723,,,,0.75
830821.387,callback,bar,1800,1799.956722,3686.000,3691.000,5.000,
830821.714,callback,beat,1800,1799.956722,3686.000,3691.000,5.000,
830823.418,callback,grid,1800,1799.956722,3686.000,3691.000,5.000,
830842.070,boundary,beat,1800,1800.004388,,,,
830959.368,boundary,quarter,1800,1800.251386,,,,0.25
831069.744,boundary,half,1800,1800.507051,,,,
831187.046,boundary,quarter,1800,1800.756216,,,,0.75
831269.856,callback,beat,1801,1800.925215,4134.000,4138.000,4.000,
831269.963,callback,grid,1801,1800.925215,4134.000,4138.000,4.000,
831304.398,boundary,beat,1801,1801.001048,,,,
831414.818,boundary,quarter,1801,1801.254546,,,,0.25
831532.039,boundary,half,1801,1801.505877,,,,
831649.375,boundary,quarter,1801,1801.755042,,,,0.75
831739.102,callback,beat,1802,1801.943541,4603.000,4606.000,3.000,
831739.248,callback,grid,1802,1801.943541,4603.000,4606.000,3.000,
831766.689,boundary,beat,1802,1802.002041,,,,
831877.098,boundary,quarter,1802,1802.255539,,,,0.25
831995.069,boundary,half,1802,1802.506871,,,,
832111.683,boundary,quarter,1802,1802.751702,,,,0.75
832208.276,callback,beat,1803,1802.961867,5073.000,5075.000,2.000,
832208.501,callback,grid,1803,1802.961867,5073.000,5075.000,2.000,
832229.033,boundary,beat,1803,1803.003034,,,,
832339.434,boundary,quarter,1803,1803.256532,,,,0.25
832457.122,boundary,half,1803,1803.507864,,,,
832573.990,boundary,quarter,1803,1803.752695,,,,0.75
832649.833,callback,bar,1804,1803.928194,5521.000,5524.000,3.000,
832649.943,callback,beat,1804,1803.928194,5521.000,5524.000,3.000,
832650.012,callback,grid,1804,1803.928194,5521.000,5524.000,3.000,
832684.374,boundary,beat,1804,1804.006194,,,,
832801.663,boundary,quarter,1804,1804.255358,,,,0.25
832919.000,boundary,half,1804,1804.504523,,,,
833036.293,boundary,quarter,1804,1804.753688,,,,0.75
833119.080,callback,beat,1805,1804.944354,5990.000,5993.000,3.000,
833119.204,callback,grid,1805,1804.944354,5990.000,5993.000,3.000,
833146.640,boundary,beat,1805,1805.005020,,,,
833264.012,boundary,quarter,1805,1805.254185,,,,0.25
833381.249,boundary,half,1805,1805.503350,,,,
833498.556,boundary,quarter,1805,1805.750348,,,,0.75
833588.300,callback,beat,1806,1805.958347,6459.000,6461.000,2.000,
833588.444,callback,grid,1806,1805.958347,6459.000,6461.000,2.000,
833609.469,boundary,beat,1806,1806.008180,,,,
833726.273,boundary,quarter,1806,1806.253011,,,,0.25
833843.615,boundary,half,1806,1806.500010,,,,
833954.121,boundary,quarter,1806,1806.757841,,,,0.75
834037.021,callback,beat,1807,1806.924673,6907.000,6907.000,0.000,
834037.305,callback,grid,1807,1806.924673,6907.000,6907.000,0.000,
834071.309,boundary,beat,1807,1807.004839,,,,
834188.879,boundary,quarter,1807,1807.254004,,,,0.25
834312.764,boundary,half,1807,1807.514003,,,,
834416.759,boundary,quarter,1807,1807.756668,,,,0.75
834505.966,callback,bar,1808,1807.943000,7377.000,7377.000,0.000,
834506.100,callback,beat,1808,1807.943000,7377.000,7377.000,0.000,
834506.178,callback,grid,1808,1807.943000,7377.000,7377.000,0.000,
834533.575,boundary,beat,1808,1808.003666,,,,
834533.626,arrangement,layer,113,1808.003666,,,,true
834650.836,boundary,quarter,1808,1808.250664,,,,0.25
834761.273,boundary,half,1808,1808.504162,,,,
834878.589,boundary,quarter,1808,1808.753327,,,,0.75
834982.080,callback,beat,1809,1808.972159,7846.000,7852.000,6.000,
834982.489,callback,grid,1809,1808.972159,7846.000,7852.000,6.000,
834995.960,boundary,beat,1809,1809.004659,,,,
835116.491,boundary,quarter,1809,1809.258157,,,,0.25
835225.850,boundary,half,1809,1809.509489,,,,
835343.078,boundary,quarter,1809,1809.760820,,,,0.75
835429.064,callback,beat,1810,1809.936319,8294.000,8297.000,3.000,
835429.464,callback,grid,1810,1809.936319,8294.000,8297.000,3.000,
835464.920,boundary,beat,1810,1810.016485,,,,
835567.756,boundary,quarter,1810,1810.252650,,,,0.25
835688.267,boundary,half,1810,1810.510482,,,,
835815.271,boundary,quarter,1810,1810.781313,,,,0.75
835898.169,callback,beat,1811,1810.954645,8763.000,8765.000,2.000,
835898.385,callback,grid,1811,1810.954645,8763.000,8765.000,2.000,
835923.351,boundary,beat,1811,1811.004478,,,,
836034.832,boundary,quarter,1811,1811.262310,,,,0.25
836150.934,boundary,half,1811,1811.511475,,,,
836270.431,boundary,quarter,1811,1811.762807,,,,0.75
836338.070,callback,bar,1812,1811.918805,9211.000,9212.000,1.000,
836338.377,callback,beat,1812,1811.918805,9211.000,9212.000,1.000,
836339.764,callback,grid,1812,1811.918805,9211.000,9212.000,1.000,
836387.186,boundary,beat,1812,1812.011971,,,,
836490.614,boundary,quarter,1812,1812.250303,,,,0.25
836614.795,boundary,half,1812,1812.510301,,,,
836732.440,boundary,quarter,1812,1812.761633,,,,0.75
836811.813,callback,beat,1813,1812.945798,9681.000,9686.000,5.000,
836812.736,callback,grid,1813,1812.945798,9681.000,9686.000,5.000,
836836.241,boundary,beat,1813,1813.002131,,,,
836960.474,boundary,quarter,1813,1813.266463,,,,0.25
837077.746,boundary,half,1813,1813.513461,,,,
837198.544,boundary,quarter,1813,1813.771293,,,,0.75
837278.754,callback,beat,1814,1813.955458,10150.000,10152.000,2.000,
837278.936,callback,grid,1814,1813.955458,10150.000,10152.000,2.000,
837298.767,boundary,beat,1814,1814.000958,,,,
837416.306,boundary,quarter,1814,1814.250123,,,,0.25
837540.280,boundary,half,1814,1814.514454,,,,
837644.321,boundary,quarter,1814,1814.750619,,,,0.75
837726.547,callback,beat,1815,1814.921785,10598.000,10598.000,0.000,
837726.684,callback,grid,1815,1814.921785,10598.000,10598.000,0.000,
837767.966,boundary,beat,1815,1815.019284,,,,
837885.284,boundary,quarter,1815,1815.264116,,,,0.25
838002.546,boundary,half,1815,1815.511114,,,,
838106.273,boundary,quarter,1815,1815.753779,,,,0.75
838197.002,callback,bar,1816,1815.940111,11067.000,11068.000,1.000,
838197.187,callback,beat,1816,1815.940111,11067.000,11068.000,1.000,
838199.310,callback,grid,1816,1815.940111,11067.000,11068.000,1.000,
838223.356,boundary,beat,1816,1816.000777,,,,
838347.578,boundary,quarter,1816,1816.265109,,,,0.25
838451.049,boundary,half,1816,1816.501274,,,,
838568.373,boundary,quarter,1816,1816.750439,,,,0.75
838672.161,callback,beat,1817,1816.969271,11537.000,11543.000,6.000,
838674.273,callback,grid,1817,1816.969271,11537.000,11543.000,6.000,
838688.853,boundary,beat,1817,1817.008270,,,,
838810.727,boundary,quarter,1817,1817.263935,,,,0.25
838913.347,boundary,half,1817,1817.500100,,,,
839038.520,boundary,quarter,1817,1817.766598,,,,0.75
839120.388,callback,beat,1818,1817.935597,11985.000,11989.000,4.000,
839120.551,callback,grid,1818,1817.935597,11985.000,11989.000,4.000,
839155.768,boundary,beat,1818,1818.013597,,,,
839272.267,boundary,quarter,1818,1818.262762,,,,0.25
839375.711,boundary,half,1818,1818.501093,,,,
839501.113,boundary,quarter,1818,1818.765425,,,,0.75
839589.552,callback,beat,1819,1818.949590,12454.000,12457.000,3.000,
839589.687,callback,grid,1819,1818.949590,12454.000,12457.000,3.000,
839617.171,boundary,beat,1819,1819.012423,,,,
839720.649,boundary,quarter,1819,1819.250755,,,,0.25
839837.941,boundary,half,1819,1819.502086,,,,
839962.170,boundary,quarter,1819,1819.764251,,,,0.75
840058.725,callback,bar,1820,1819.970083,12923.000,12925.000,2.000,
840058.835,callback,beat,1820,1819.970083,12923.000,12925.000,2.000,
840058.930,callback,grid,1820,1819.970083,12923.000,12925.000,2.000,
840079.460,boundary,beat,1820,1820.013416,,,,
840182.955,boundary,quarter,1820,1820.251748,,,,0.25
840307.159,boundary,half,1820,1820.516079,,,,
840418.967,boundary,quarter,1820,1820.750078,,,,0.75
840500.936,callback,beat,1821,1820.940743,13371.000,13376.000,5.000,
840501.302,callback,grid,1821,1820.940743,13371.000,13376.000,5.000,
840541.784,boundary,beat,1821,1821.010076,,,,
840652.159,boundary,quarter,1821,1821.267908,,,,0.25
840769.486,boundary,half,1821,1821.512739,,,,
840888.295,boundary,quarter,1821,1821.766237,,,,0.75
840969.649,callback,beat,1822,1821.954736,13841.000,13844.000,3.000,
840970.135,callback,grid,1822,1821.954736,13841.000,13844.000,3.000,
840990.261,boundary,beat,1822,1822.002402,,,,
841114.450,boundary,quarter,1822,1822.264567,,,,0.25
841231.742,boundary,half,1822,1822.513732,,,,
841349.056,boundary,quarter,1822,1822.760731,,,,0.75
841418.086,callback,beat,1823,1822.923229,14289.000,14291.000,2.000,
841418.309,callback,grid,1823,1822.923229,14289.000,14291.000,2.000,
841459.453,boundary,beat,1823,1823.016395,,,,
841569.879,boundary,quarter,1823,1823.250394,,,,0.25
841694.060,boundary,half,1823,1823.512559,,,,
841805.150,boundary,quarter,1823,1823.766057,,,,0.75
841914.848,boundary,beat,1824,1824.000055,,,,
841914.898,arrangement,transition,114,1824.000055,,,,alternate
842039.079,boundary,quarter,1824,1824.264387,,,,0.25
842156.949,boundary,half,1824,1824.513552,,,,
842263.407,boundary,quarter,1824,1824.756217,,,,0.75
842359.929,callback,beat,1825,1824.959882,458.000,462.000,4.000,
842360.100,callback,grid,1825,1824.959882,458.000,462.000,4.000,
842380.642,boundary,beat,1825,1825.005382,,,,
842497.919,boundary,quarter,1825,1825.254547,,,,0.25
842608.340,boundary,half,1825,1825.508045,,,,
842725.647,boundary,quarter,1825,1825.757210,,,,0.75
842808.408,callback,beat,1826,1825.926209,906.000,908.000,2.000,
842808.628,callback,grid,1826,1825.926209,906.000,908.000,2.000,
842844.373,boundary,beat,1826,1826.006375,,,,
842960.213,boundary,quarter,1826,1826.253373,,,,0.25
843070.585,boundary,half,1826,1826.506871,,,,
843187.900,boundary,quarter,1826,1826.758203,,,,0.75
843277.610,callback,beat,1827,1826.940202,1375.000,1376.000,1.000,
843277.745,callback,grid,1827,1826.940202,1375.000,1376.000,1.000,
843305.187,boundary,beat,1827,1827.005201,,,,
843422.555,boundary,quarter,1827,1827.250033,,,,0.25
843532.895,boundary,half,1827,1827.507864,,,,
843650.216,boundary,quarter,1827,1827.754863,,,,0.75
843746.784,callback,bar,1828,1827.958528,1845.000,1846.000,1.000,
843746.904,callback,beat,1828,1827.958528,1845.000,1846.000,1.000,
843746.995,callback,grid,1828,1827.958528,1845.000,1846.000,1.000,
843767.540,boundary,beat,1828,1828.004028,,,,
843877.950,boundary,quarter,1828,1828.259692,,,,0.25
843997.957,boundary,half,1828,1828.515357,,,,
844113.890,boundary,quarter,1828,1828.758022,,,,0.75
844188.430,callback,beat,1829,1828.931355,2293.000,2295.000,2.000,
844188.999,callback,grid,1829,1828.931355,2293.000,2295.000,2.000,
844229.836,boundary,beat,1829,1829.002854,,,,
844341.679,boundary,quarter,1829,1829.260686,,,,0.25
844457.522,boundary,half,1829,1829.505517,,,,
844574.823,boundary,quarter,1829,1829.752516,,,,0.75
844657.637,callback,beat,1830,1829.945348,2762.000,2763.000,1.000,
844658.025,callback,grid,1830,1829.945348,2762.000,2763.000,1.000,
844685.256,boundary,beat,1830,1830.006014,,,,
844802.498,boundary,quarter,1830,1830.255179,,,,0.25
844919.830,boundary,half,1830,1830.506510,,,,
845037.138,boundary,quarter,1830,1830.753509,,,,0.75
845106.103,callback,beat,1831,1830.913841,3210.000,3210.000,0.000,
845106.257,callback,grid,1831,1830.913841,3210.000,3210.000,0.000,
845147.483,boundary,beat,1831,1831.009173,,,,
845264.792,boundary,quarter,1831,1831.256172,,,,0.25
845382.124,boundary,half,1831,1831.503170,,,,
845492.525,boundary,quarter,1831,1831.756668,,,,0.75
845582.202,callback,bar,1832,1831.943000,3679.000,3685.000,6.000,
845582.320,callback,beat,1832,1831.943000,3679.000,3685.000,6.000,
845582.433,callback,grid,1832,1831.943000,3679.000,3685.000,6.000,
845609.809,boundary,beat,1832,1832.008000,,,,
845727.158,boundary,quarter,1832,1832.257165,,,,0.25
845844.465,boundary,half,1832,1832.501996,,,,
845958.609,boundary,quarter,1832,1832.764161,,,,0.75
846049.018,callback,beat,1833,1832.954827,4149.000,4152.000,3.000,
846049.774,callback,grid,1833,1832.954827,4149.000,4152.000,3.000,
846074.704,boundary,beat,1833,1833.011160,,,,
846191.887,boundary,quarter,1833,1833.260325,,,,0.25
846309.240,boundary,half,1833,1833.509490,,,,
846423.347,boundary,quarter,1833,1833.769488,,,,0.75
846502.498,callback,beat,1834,1833.931987,4597.000,4603.000,6.000,
846502.799,callback,grid,1834,1833.931987,4597.000,4603.000,6.000,
846536.876,boundary,beat,1834,1834.012153,,,,
846654.171,boundary,quarter,1834,1834.259151,,,,0.25
846764.543,boundary,half,1834,1834.512649,,,,
846881.865,boundary,quarter,1834,1834.763981,,,,0.75
846971.552,callback,beat,1835,1834.945980,5066.000,5071.000,5.000,
846971.672,callback,grid,1835,1834.945980,5066.000,5071.000,5.000,
846999.173,boundary,beat,1835,1835.008812,,,,
847116.464,boundary,quarter,1835,1835.257977,,,,0.25
847226.939,boundary,half,1835,1835.513642,,,,
847344.168,boundary,quarter,1835,1835.760641,,,,0.75
847440.750,callback,bar,1836,1835.959973,5535.000,5539.000,4.000,
847440.852,callback,beat,1836,1835.959973,5535.000,5539.000,4.000,
847440.935,callback,grid,1836,1835.959973,5535.000,5539.000,4.000,
847461.428,boundary,beat,1836,1836.009806,,,,
847578.750,boundary,quarter,1836,1836.254637,,,,0.25
847689.180,boundary,half,1836,1836.512469,,,,
847808.886,boundary,quarter,1836,1836.765967,,,,0.75
847887.505,callback,beat,1837,1836.924133,5983.000,5984.000,1.000,
847887.719,callback,grid,1837,1836.924133,5983.000,5984.000,1.000,
847924.812,boundary,beat,1837,1837.008632,,,,
848028.299,boundary,quarter,1837,1837.251297,,,,0.25
848152.484,boundary,half,1837,1837.511295,,,,
848269.810,boundary,quarter,1837,1837.762627,,,,0.75
848346.087,callback,beat,1838,1837.940292,6453.000,6453.000,0.000,
848346.252,callback,grid,1838,1837.940292,6453.000,6453.000,0.000,
848387.129,boundary,beat,1838,1838.009625,,,,
848497.496,boundary,quarter,1838,1838.265290,,,,0.25
848614.771,boundary,half,1838,1838.512288,,,,
848732.079,boundary,quarter,1838,1838.759287,,,,0.75
848821.804,callback,beat,1839,1838.969452,6922.000,6928.000,6.000,
848821.953,callback,grid,1839,1838.969452,6922.000,6928.000,6.000,
848842.466,boundary,beat,1839,1839.012785,,,,
848959.796,boundary,quarter,1839,1839.261950,,,,0.25
849077.089,boundary,half,1839,1839.513281,,,,
849194.460,boundary,quarter,1839,1839.760280,,,,0.75
849270.311,callback,bar,1840,1839.935778,7370.000,7374.000,4.000,
849270.757,callback,beat,1840,1839.935778,7370.000,7374.000,4.000,
849270.878,callback,grid,1840,1839.935778,7370.000,7374.000,4.000,
849304.792,boundary,beat,1840,1840.013778,,,,
849304.845,arrangement,layer,115,1840.013778,,,,false
849422.182,boundary,quarter,1840,1840.262943,,,,0.25
849539.403,boundary,half,1840,1840.509941,,,,
849642.912,boundary,quarter,1840,1840.750439,,,,0.75
849739.493,callback,beat,1841,1840.949771,7839.000,7842.000,3.000,
849739.618,callback,grid,1841,1840.949771,7839.000,7842.000,3.000,
849767.056,boundary,beat,1841,1841.014771,,,,
849884.390,boundary,quarter,1841,1841.259603,,,,0.25
850001.692,boundary,half,1841,1841.508768,,,,
850106.626,boundary,quarter,1841,1841.751433,,,,0.75
850189.281,callback,beat,1842,1841.920431,8287.000,8290.000,3.000,
850189.648,callback,grid,1842,1841.920431,8287.000,8290.000,3.000,
850229.420,boundary,beat,1842,1842.013597,,,,
850346.711,boundary,quarter,1842,1842.260596,,,,0.25
850463.978,boundary,half,1842,1842.507594,,,,
850574.411,boundary,quarter,1842,1842.763259,,,,0.75
850657.205,callback,beat,1843,1842.934424,8757.000,8758.000,1.000,
850657.352,callback,grid,1843,1842.934424,8757.000,8758.000,1.000,
850691.697,boundary,beat,1843,1843.010257,,,,
850834.115,boundary,quarter,1843,1843.317922,,,,0.25
850914.184,boundary,half,1843,1843.504254,,,,
851036.162,boundary,quarter,1843,1843.764252,,,,0.75
851132.546,callback,bar,1844,1843.961417,9226.000,9232.000,6.000,
851132.706,callback,beat,1844,1843.961417,9226.000,9232.000,6.000,
851132.792,callback,grid,1844,1843.961417,9226.000,9232.000,6.000,
851153.728,boundary,beat,1844,1844.009084,,,,
851270.553,boundary,quarter,1844,1844.256082,,,,0.25
851380.913,boundary,half,1844,1844.511747,,,,
851496.838,boundary,quarter,1844,1844.758745,,,,0.75
851583.302,callback,beat,1845,1844.934244,9674.000,9681.000,7.000,
851583.456,callback,grid,1845,1844.934244,9674.000,9681.000,7.000,
851614.922,boundary,beat,1845,1845.005743,,,,
851725.453,boundary,quarter,1845,1845.259242,,,,0.25
851842.583,boundary,half,1845,1845.508407,,,,
851959.924,boundary,quarter,1845,1845.759738,,,,0.75
852049.655,callback,beat,1846,1845.948237,10143.000,10146.000,3.000,
852049.854,callback,grid,1846,1845.948237,10143.000,10146.000,3.000,
852078.109,boundary,beat,1846,1846.008903,,,,
852187.620,boundary,quarter,1846,1846.262401,,,,0.25
852304.927,boundary,half,1846,1846.509400,,,,
852422.369,boundary,quarter,1846,1846.756398,,,,0.75
852511.873,callback,beat,1847,1846.966563,10613.000,10619.000,6.000,
852511.992,callback,grid,1847,1846.966563,10613.000,10619.000,6.000,
852532.599,boundary,beat,1847,1847.009896,,,,
852649.919,boundary,quarter,1847,1847.261228,,,,0.25
852767.185,boundary,half,1847,1847.510393,,,,
852884.510,boundary,quarter,1847,1847.755224,,,,0.75
852960.378,callback,bar,1848,1847.932890,11061.000,11065.000,4.000,
852960.494,callback,beat,1848,1847.932890,11061.000,11065.000,4.000,
852960.645,callback,grid,1848,1847.932890,11061.000,11065.000,4.000,
852994.980,boundary,beat,1848,1848.010889,,,,
853112.201,boundary,quarter,1848,1848.260054,,,,0.25
853230.899,boundary,half,1848,1848.511386,,,,
853348.229,boundary,quarter,1848,1848.760551,,,,0.75
853436.790,callback,beat,1849,1848.946883,11530.000,11533.000,3.000,
853437.032,callback,grid,1849,1848.946883,11530.000,11533.000,3.000,
853454.181,boundary,beat,1849,1849.003216,,,,
853571.558,boundary,quarter,1849,1849.250214,,,,0.25
853688.961,boundary,half,1849,1849.501546,,,,
853802.729,boundary,quarter,1849,1849.761544,,,,0.75
853896.119,callback,beat,1850,1849.956542,11999.000,11999.000,0.000,
853897.052,callback,grid,1850,1849.956542,11999.000,11999.000,0.000,
853916.483,boundary,beat,1850,1850.004209,,,,
854034.024,boundary,quarter,1850,1850.251207,,,,0.25
854157.990,boundary,half,1850,1850.515539,,,,
854261.459,boundary,quarter,1850,1850.753870,,,,0.75
854351.187,callback,beat,1851,1850.938036,12447.000,12452.000,5.000,
854351.325,callback,grid,1851,1850.938036,12447.000,12452.000,5.000,
854378.781,boundary,beat,1851,1851.003035,,,,
854496.091,boundary,quarter,1851,1851.252200,,,,0.25
854620.285,boundary,half,1851,1851.512198,,,,
854723.801,boundary,quarter,1851,1851.752697,,,,0.75
854820.494,callback,bar,1852,1851.954195,12917.000,12921.000,4.000,
854820.637,callback,beat,1852,1851.954195,12917.000,12921.000,4.000,
854820.871,callback,grid,1852,1851.954195,12917.000,12921.000,4.000,
854841.075,boundary,beat,1852,1852.001862,,,,
854965.323,boundary,quarter,1852,1852.264027,,,,0.25
855068.803,boundary,half,1852,1852.506692,,,,
855186.671,boundary,quarter,1852,1852.751523,,,,0.75
855268.922,callback,beat,1853,1852.922689,13365.000,13368.000,3.000,
855269.616,callback,grid,1853,1852.922689,13365.000,13368.000,3.000,
855310.283,boundary,beat,1853,1853.015855,,,,
855413.910,boundary,quarter,1853,1853.254186,,,,0.25
855531.067,boundary,half,1853,1853.503351,,,,
855648.394,boundary,quarter,1853,1853.752516,,,,0.75
855738.116,callback,beat,1854,1853.941015,13834.000,13836.000,2.000,
855738.506,callback,grid,1854,1853.941015,13834.000,13836.000,2.000,
855772.621,boundary,beat,1854,1854.012514,,,,
855876.073,boundary,quarter,1854,1854.253013,,,,0.25
855993.360,boundary,half,1854,1854.502178,,,,
856117.597,boundary,quarter,1854,1854.766509,,,,0.75
856207.315,callback,beat,1855,1854.955008,14303.000,14304.000,1.000,
856207.517,callback,grid,1855,1854.955008,14303.000,14304.000,1.000,
856227.952,boundary,beat,1855,1855.000508,,,,
856338.427,boundary,quarter,1855,1855.251839,,,,0.25
856462.884,boundary,half,1855,1855.518337,,,,
856573.034,boundary,quarter,1855,1855.750169,,,,0.75
856683.391,boundary,beat,1856,1856.001501,,,,
856683.454,arrangement,transition,116,1856.001501,,,,loop
856800.798,boundary,quarter,1856,1856.252832,,,,0.25
856924.934,boundary,half,1856,1856.514997,,,,
857042.715,boundary,quarter,1856,1856.764162,,,,0.75
857118.107,callback,beat,1857,1856.939661,451.000,453.000,2.000,
857118.389,callback,grid,1857,1856.939661,451.000,453.000,2.000,
857147.212,boundary,beat,1857,1857.006827,,,,
857269.912,boundary,quarter,1857,1857.268992,,,,0.25
857387.206,boundary,half,1857,1857.513824,,,,
857504.512,boundary,quarter,1857,1857.760822,,,,0.75
857587.317,callback,beat,1858,1857.955821,921.000,922.000,1.000,
857587.500,callback,grid,1858,1857.955821,921.000,922.000,1.000,
857608.004,boundary,beat,1858,1858.003487,,,,
857725.298,boundary,quarter,1858,1858.250485,,,,0.25
857849.500,boundary,half,1858,1858.514817,,,,
857953.006,boundary,quarter,1858,1858.753148,,,,0.75
858035.831,callback,beat,1859,1858.924314,1369.000,1369.000,0.000,
858035.986,callback,grid,1859,1858.924314,1369.000,1369.000,0.000,
858070.288,boundary,beat,1859,1859.000147,,,,
858194.473,boundary,quarter,1859,1859.264478,,,,0.25
858311.808,boundary,half,1859,1859.511476,,,,
858422.214,boundary,quarter,1859,1859.769308,,,,0.75
858511.950,callback,bar,1860,1859.953473,1838.000,1844.000,6.000,
858512.097,callback,beat,1860,1859.953473,1838.000,1844.000,6.000,
858512.897,callback,grid,1860,1859.953473,1838.000,1844.000,6.000,
858539.507,boundary,beat,1860,1860.014140,,,,
858656.819,boundary,quarter,1860,1860.265471,,,,0.25
858760.284,boundary,half,1860,1860.501636,,,,
858877.612,boundary,quarter,1860,1860.750801,,,,0.75
858981.076,callback,beat,1861,1860.967466,2307.000,2312.000,5.000,
858981.216,callback,grid,1861,1860.967466,2307.000,2312.000,5.000,
859001.772,boundary,beat,1861,1861.017299,,,,
859119.101,boundary,quarter,1861,1861.262131,,,,0.25
859222.616,boundary,half,1861,1861.500463,,,,
859340.122,boundary,quarter,1861,1861.751794,,,,0.75
859429.584,callback,beat,1862,1861.933793,2755.000,2758.000,3.000,
859429.733,callback,grid,1862,1861.933793,2755.000,2758.000,3.000,
859464.064,boundary,beat,1862,1862.013959,,,,
859567.587,boundary,quarter,1862,1862.250124,,,,0.25
859684.874,boundary,half,1862,1862.501456,,,,
859809.129,boundary,quarter,1862,1862.765787,,,,0.75
859898.798,callback,beat,1863,1862.954286,3225.000,3228.000,3.000,
859898.956,callback,grid,1863,1862.954286,3225.000,3228.000,3.000,
859926.384,boundary,beat,1863,1863.012786,,,,
860029.904,boundary,quarter,1863,1863.253284,,,,0.25
860147.174,boundary,half,1863,1863.502449,,,,
860271.417,boundary,quarter,1863,1863.762447,,,,0.75
860340.938,callback,bar,1864,1863.927113,3673.000,3678.000,5.000,
860341.110,callback,beat,1864,1863.927113,3673.000,3678.000,5.000,
860341.606,callback,grid,1864,1863.927113,3673.000,3678.000,5.000,
860388.701,boundary,beat,1864,1864.011612,,,,
860492.242,boundary,quarter,1864,1864.252110,,,,0.25
860611.247,boundary,half,1864,1864.503442,,,,
860726.890,boundary,quarter,1864,1864.750440,,,,0.75
860811.554,callback,beat,1865,1864.943272,4142.000,4147.000,5.000,
860812.088,callback,grid,1865,1864.943272,4142.000,4147.000,5.000,
860837.178,boundary,beat,1865,1865.001772,,,,
860955.027,boundary,quarter,1865,1865.250937,,,,0.25
861071.901,boundary,half,1865,1865.500102,,,,
861195.986,boundary,quarter,1865,1865.764433,,,,0.75
861278.768,callback,beat,1866,1865.955099,4611.000,4614.000,3.000,
861278.964,callback,grid,1866,1865.955099,4611.000,4614.000,3.000,
861299.477,boundary,beat,1866,1866.002765,,,,
861423.712,boundary,quarter,1866,1866.264930,,,,0.25
861540.994,boundary,half,1866,1866.514095,,,,
861644.507,boundary,quarter,1866,1866.750260,,,,0.75
861727.298,callback,beat,1867,1866.921425,5059.000,5060.000,1.000,
861727.438,callback,grid,1867,1866.921425,5059.000,5060.000,1.000,
861761.828,boundary,beat,1867,1867.001591,,,,
861879.074,boundary,quarter,1867,1867.250756,,,,0.25
862003.297,boundary,half,1867,1867.510754,,,,
862106.776,boundary,quarter,1867,1867.753419,,,,0.75
862199.525,callback,bar,1868,1867.944085,5529.000,5532.000,3.000,
862200.443,callback,beat,1868,1867.944085,5529.000,5532.000,3.000,
862200.982,callback,grid,1868,1867.944085,5529.000,5532.000,3.000,
862224.108,boundary,beat,1868,1868.000418,,,,
862344.461,boundary,quarter,1868,1868.253916,,,,0.25
862451.792,boundary,half,1868,1868.500914,,,,
862569.094,boundary,quarter,1868,1868.750079,,,,0.75
862665.745,callback,beat,1869,1868.953744,5998.000,5998.000,0.000,
862666.166,callback,grid,1869,1868.953744,5998.000,5998.000,0.000,
862686.750,boundary,beat,1869,1869.001411,,,,
862805.031,boundary,quarter,1869,1869.250576,,,,0.25
862914.052,boundary,half,1869,1869.501907,,,,
863031.381,boundary,quarter,1869,1869.751072,,,,0.75
863121.067,callback,beat,1870,1869.935238,6446.000,6451.000,5.000,
863121.175,callback,grid,1870,1869.935238,6446.000,6451.000,5.000,
863155.626,boundary,beat,1870,1870.011070,,,,
863272.916,boundary,quarter,1870,1870.262402,,,,0.25
863376.370,boundary,half,1870,1870.500734,,,,
863500.570,boundary,quarter,1870,1870.765065,,,,0.75
863590.306,callback,beat,1871,1870.949231,6915.000,6919.000,4.000,
863590.530,callback,grid,1871,1870.949231,6915.000,6919.000,4.000,
863617.917,boundary,beat,1871,1871.014230,,,,
863721.396,boundary,quarter,1871,1871.250395,,,,0.25
863838.688,boundary,half,1871,1871.501727,,,,
863963.108,boundary,quarter,1871,1871.763892,,,,0.75
864031.939,callback,bar,1872,1871.924224,7363.000,7369.000,6.000,
864032.393,callback,beat,1872,1871.924224,7363.000,7369.000,6.000,
864032.518,callback,grid,1872,1871.924224,7363.000,7369.000,6.000,
864080.271,boundary,beat,1872,1872.013057,,,,
864080.347,arrangement,layer,117,1872.013057,,,,true
864183.760,boundary,quarter,1872,1872.253555,,,,0.25
864307.954,boundary,half,1872,1872.517886,,,,
864425.246,boundary,quarter,1872,1872.762718,,,,0.75
864501.070,callback,beat,1873,1872.940384,7833.000,7838.000,5.000,
864501.186,callback,grid,1873,1872.940384,7833.000,7838.000,5.000,
864542.485,boundary,beat,1873,1873.009716,,,,
864645.996,boundary,quarter,1873,1873.252381,,,,0.25
864770.195,boundary,half,1873,1873.514546,,,,
864887.502,boundary,quarter,1873,1873.763711,,,,0.75
864970.298,callback,beat,1874,1873.954377,8302.000,8306.000,4.000,
864970.449,callback,grid,1874,1873.954377,8302.000,8306.000,4.000,
864990.953,boundary,beat,1874,1874.002043,,,,
865115.159,boundary,quarter,1874,1874.264208,,,,0.25
865232.446,boundary,half,1874,1874.513373,,,,
865349.782,boundary,quarter,1874,1874.762538,,,,0.75
865418.787,callback,beat,1875,1874.922870,8750.000,8753.000,3.000,
865418.939,callback,grid,1875,1874.922870,8750.000,8753.000,3.000,
865460.162,boundary,beat,1875,1875.018203,,,,
865577.457,boundary,quarter,1875,1875.263034,,,,0.25
865694.978,boundary,half,1875,1875.512199,,,,
865798.345,boundary,quarter,1875,1875.750531,,,,0.75
865888.937,callback,bar,1876,1875.939029,9219.000,9222.000,3.000,
865889.142,callback,beat,1876,1875.939029,9219.000,9222.000,3.000,
865889.245,callback,grid,1876,1875.939029,9219.000,9222.000,3.000,
865922.484,boundary,beat,1876,1876.014862,,,,
866039.768,boundary,quarter,1876,1876.266194,,,,0.25
866157.114,boundary,half,1876,1876.511026,,,,
866263.030,boundary,quarter,1876,1876.755857,,,,0.75
866357.263,callback,beat,1877,1876.953022,9689.000,9690.000,1.000,
866357.444,callback,grid,1877,1876.953022,9689.000,9690.000,1.000,
866378.362,boundary,beat,1877,1877.000689,,,,
866502.087,boundary,quarter,1877,1877.262854,,,,0.25
866605.804,boundary,half,1877,1877.501185,,,,
866722.896,boundary,quarter,1877,1877.750350,,,,0.75
866805.694,callback,beat,1878,1877.921516,10137.000,10137.000,0.000,
866805.830,callback,grid,1878,1877.921516,10137.000,10137.000,0.000,
866847.046,boundary,beat,1878,1878.014682,,,,
866964.442,boundary,quarter,1878,1878.261680,,,,0.25
867067.889,boundary,half,1878,1878.502178,,,,
867192.095,boundary,quarter,1878,1878.766510,,,,0.75
867281.833,callback,beat,1879,1878.950675,10606.000,10612.000,6.000,
867282.016,callback,grid,1879,1878.950675,10606.000,10612.000,6.000,
867309.577,boundary,beat,1879,1879.011342,,,,
867426.709,boundary,quarter,1879,1879.262673,,,,0.25
867530.190,boundary,half,1879,1879.501005,,,,
867654.476,boundary,quarter,1879,1879.763170,,,,0.75
867751.002,callback,bar,1880,1879.964668,11075.000,11080.000,5.000,
867751.146,callback,beat,1880,1879.964668,11075.000,11080.000,5.000,
867751.833,callback,grid,1880,1879.964668,11075.000,11080.000,5.000,
867771.664,boundary,beat,1880,1880.012335,,,,
867875.244,boundary,quarter,1880,1880.250666,,,,0.25
867999.403,boundary,half,1880,1880.514998,,,,
868116.753,boundary,quarter,1880,1880.764163,,,,0.75
868187.695,callback,beat,1881,1880.928828,11523.000,11525.000,2.000,
868187.826,callback,grid,1881,1880.928828,11523.000,11525.000,2.000,
868234.628,boundary,beat,1881,1881.011161,,,,
868337.659,boundary,quarter,1881,1881.253826,,,,0.25
868461.664,boundary,half,1881,1881.513824,,,,
868578.968,boundary,quarter,1881,1881.762989,,,,0.75
868661.763,callback,beat,1882,1881.953655,11993.000,11998.000,5.000,
868661.905,callback,grid,1882,1881.953655,11993.000,11998.000,5.000,
868696.241,boundary,beat,1882,1882.009988,,,,
868799.774,boundary,quarter,1882,1882.250486,,,,0.25
868924.040,boundary,half,1882,1882.514817,,,,
869041.266,boundary,quarter,1882,1882.759649,,,,0.75
869110.240,callback,beat,1883,1882.922148,12441.000,12445.000,4.000,
869110.373,callback,grid,1883,1882.922148,12441.000,12445.000,4.000,
869144.783,boundary,beat,1883,1883.000147,,,,
869268.997,boundary,quarter,1883,1883.264479,,,,0.25
869387.145,boundary,half,1883,1883.515810,,,,
869503.602,boundary,quarter,1883,1883.760642,,,,0.75
869582.091,callback,bar,1884,1883.942641,12910.000,12916.000,6.000,
869582.324,callback,beat,1884,1883.942641,12910.000,12916.000,6.000,
869582.568,callback,grid,1884,1883.942641,12910.000,12916.000,6.000,
869607.681,boundary,beat,1884,1884.001140,,,,
869728.126,boundary,quarter,1884,1884.254639,,,,0.25
869845.544,boundary,half,1884,1884.503804,,,,
869958.094,boundary,quarter,1884,1884.763802,,,,0.75
870052.427,callback,beat,1885,1884.958800,13379.000,13385.000,6.000,
870052.577,callback,grid,1885,1884.958800,13379.000,13385.000,6.000,
870073.104,boundary,beat,1885,1885.008633,,,,
870189.909,boundary,quarter,1885,1885.253465,,,,0.25
870307.077,boundary,half,1885,1885.502630,,,,
870417.517,boundary,quarter,1885,1885.756128,,,,0.75
870500.296,callback,beat,1886,1885.925127,13827.000,13831.000,4.000,
870500.461,callback,grid,1886,1885.925127,13827.000,13831.000,4.000,
870534.826,boundary,beat,1886,1886.005293,,,,
870652.134,boundary,quarter,1886,1886.254458,,,,0.25
870762.540,boundary,half,1886,1886.505790,,,,
870879.786,boundary,quarter,1886,1886.757121,,,,0.75
870969.529,callback,beat,1887,1886.941287,14297.000,14300.000,3.000,
870969.693,callback,grid,1887,1886.941287,14297.000,14300.000,3.000,
870997.129,boundary,beat,1887,1887.004120,,,,
871114.429,boundary,quarter,1887,1887.251118,,,,0.25
871224.814,boundary,half,1887,1887.508950,,,,
871342.112,boundary,quarter,1887,1887.753781,,,,0.75
871461.019,boundary,beat,1888,1888.007279,,,,
871461.065,arrangement,transition,118,1888.007279,,,,alternate
871576.685,boundary,quarter,1888,1888.252111,,,,0.25
871687.267,boundary,half,1888,1888.507776,,,,
871811.298,boundary,quarter,1888,1888.763441,,,,0.75
871889.115,callback,beat,1889,1888.925940,445.000,447.000,2.000,
871889.318,callback,grid,1889,1888.925940,445.000,447.000,2.000,
871923.493,boundary,beat,1889,1889.003939,,,,
872032.175,boundary,quarter,1889,1889.257437,,,,0.25
872149.527,boundary,half,1889,1889.504436,,,,
872266.683,boundary,quarter,1889,1889.755767,,,,0.75
872349.518,callback,beat,1890,1889.944266,914.000,917.000,3.000,
872349.670,callback,grid,1890,1889.944266,914.000,917.000,3.000,
872383.997,boundary,beat,1890,1890.000599,,,,
872494.403,boundary,quarter,1890,1890.254097,,,,0.25
872611.699,boundary,half,1890,1890.503262,,,,
872729.010,boundary,quarter,1890,1890.752427,,,,0.75
872818.735,callback,beat,1891,1890.960426,1383.000,1386.000,3.000,
872818.867,callback,grid,1891,1890.960426,1383.000,1386.000,3.000,
872839.461,boundary,beat,1891,1891.003759,,,,
872956.740,boundary,quarter,1891,1891.255090,,,,0.25
873074.026,boundary,half,1891,1891.502089,,,,
873191.400,boundary,quarter,1891,1891.751254,,,,0.75
873267.513,callback,bar,1892,1891.926752,1831.000,1832.000,1.000,
873267.994,callback,beat,1892,1891.926752,1831.000,1832.000,1.000,
873268.109,callback,grid,1892,1891.926752,1831.000,1832.000,1.000,
873301.714,boundary,beat,1892,1892.006918,,,,
873419.042,boundary,quarter,1892,1892.256083,,,,0.25
873536.312,boundary,half,1892,1892.500915,,,,
873646.722,boundary,quarter,1892,1892.756580,,,,0.75
873736.737,callback,beat,1893,1892.945079,2301.000,2302.000,1.000,
873736.956,callback,grid,1893,1892.945079,2301.000,2302.000,1.000,
873764.057,boundary,beat,1893,1893.005745,,,,
873881.319,boundary,quarter,1893,1893.252743,,,,0.25
873998.594,boundary,half,1893,1893.501908,,,,
874109.030,boundary,quarter,1893,1893.755406,,,,0.75
874191.787,callback,beat,1894,1893.926572,2749.000,2755.000,6.000,
874191.912,callback,grid,1894,1893.926572,2749.000,2755.000,6.000,
874226.297,boundary,beat,1894,1894.004571,,,,
874343.695,boundary,quarter,1894,1894.253736,,,,0.25
874460.928,boundary,half,1894,1894.500734,,,,
874571.781,boundary,quarter,1894,1894.758566,,,,0.75
874661.127,callback,beat,1895,1894.940565,3218.000,3223.000,5.000,
874661.250,callback,grid,1895,1894.940565,3218.000,3223.000,5.000,
874688.738,boundary,beat,1895,1895.003398,,,,
874809.328,boundary,quarter,1895,1895.252563,,,,0.25
874916.434,boundary,half,1895,1895.506061,,,,
875036.184,boundary,quarter,1895,1895.761726,,,,0.75
875130.357,callback,bar,1896,1895.954558,3687.000,3691.000,4.000,
875130.569,callback,beat,1896,1895.954558,3687.000,3691.000,4.000,
875130.850,callback,grid,1896,1895.954558,3687.000,3691.000,4.000,
875151.008,boundary,beat,1896,1896.004391,,,,
875275.265,boundary,quarter,1896,1896.264389,,,,0.25
875378.743,boundary,half,1896,1896.507054,,,,
875496.024,boundary,quarter,1896,1896.754052,,,,0.75
875578.828,callback,beat,1897,1896.927384,4135.000,4138.000,3.000,
875579.057,callback,grid,1897,1896.927384,4135.000,4138.000,3.000,
875613.327,boundary,beat,1897,1897.001051,,,,
875723.725,boundary,quarter,1897,1897.254549,,,,0.25
875841.040,boundary,half,1897,1897.503714,,,,
875958.354,boundary,quarter,1897,1897.752879,,,,0.75
876048.007,callback,beat,1898,1897.941377,4605.000,4607.000,2.000,
876048.144,callback,grid,1898,1897.941377,4605.000,4607.000,2.000,
876075.670,boundary,beat,1898,1898.002044,,,,
876186.036,boundary,quarter,1898,1898.257709,,,,0.25
876303.283,boundary,half,1898,1898.504707,,,,
876420.654,boundary,quarter,1898,1898.751705,,,,0.75
876510.341,callback,beat,1899,1898.959704,5074.000,5078.000,4.000,
876510.536,callback,grid,1899,1898.959704,5074.000,5078.000,4.000,
876530.999,boundary,beat,1899,1899.005203,,,,
876648.333,boundary,quarter,1899,1899.254368,,,,0.25
876766.004,boundary,half,1899,1899.505700,,,,
876882.928,boundary,quarter,1899,1899.752698,,,,0.75
876958.837,callback,bar,1900,1899.928197,5522.000,5525.000,3.000,
876959.007,callback,beat,1900,1899.928197,5522.000,5525.000,3.000,
876959.161,callback,grid,1900,1899.928197,5522.000,5525.000,3.000,
876993.348,boundary,beat,1900,1900.004030,,,,
877111.095,boundary,quarter,1900,1900.255361,,,,0.25
877227.948,boundary,half,1900,1900.502360,,,,
877352.128,boundary,quarter,1900,1900.766691,,,,0.75
877428.024,callback,beat,1901,1900.942190,5991.000,5993.000,2.000,
877428.174,callback,grid,1901,1900.942190,5991.000,5993.000,2.000,
877455.745,boundary,beat,1901,1901.007190,,,,
877572.958,boundary,quarter,1901,1901.252021,,,,0.25
877690.219,boundary,half,1901,1901.501186,,,,
877800.628,boundary,quarter,1901,1901.756851,,,,0.75
877897.229,callback,beat,1902,1901.958350,6461.000,6462.000,1.000,
877897.412,callback,grid,1902,1901.958350,6461.000,6462.000,1.000,
877917.890,boundary,beat,1902,1902.006016,,,,
878035.223,boundary,quarter,1902,1902.253014,,,,0.25
878152.775,boundary,half,1902,1902.500013,,,,
878262.887,boundary,quarter,1902,1902.755677,,,,0.75
878345.715,callback,beat,1903,1902.926843,6909.000,6909.000,0.000,
878345.982,callback,grid,1903,1902.926843,6909.000,6909.000,0.000,
878381.767,boundary,beat,1903,1903.007009,,,,
878497.551,boundary,quarter,1903,1903.251841,,,,0.25
878615.517,boundary,half,1903,1903.501006,,,,
878727.396,boundary,quarter,1903,1903.758837,,,,0.75
878817.061,callback,bar,1904,1903.945169,7378.000,7379.000,1.000,
878817.232,callback,beat,1904,1903.945169,7378.000,7379.000,1.000,
878817.357,callback,grid,1904,1903.945169,7378.000,7379.000,1.000,
878845.663,boundary,beat,1904,1904.008002,,,,
878845.718,arrangement,layer,119,1904.008002,,,,false
878961.995,boundary,quarter,1904,1904.255000,,,,0.25
879073.959,boundary,half,1904,1904.514999,,,,
879189.696,boundary,quarter,1904,1904.759830,,,,0.75
879265.946,callback,beat,1905,1904.913662,7826.000,7826.000,0.000,
879266.338,callback,grid,1905,1904.913662,7826.000,7826.000,0.000,
879306.961,boundary,beat,1905,1905.008995,,,,
879424.249,boundary,quarter,1905,1905.253827,,,,0.25
879534.666,boundary,half,1905,1905.509492,,,,
879651.970,boundary,quarter,1905,1905.758657,,,,0.75
879741.626,callback,beat,1906,1905.947155,8295.000,8300.000,5.000,
879741.751,callback,grid,1906,1905.947155,8295.000,8300.000,5.000,
879769.263,boundary,beat,1906,1906.005655,,,,
879879.640,boundary,quarter,1906,1906.259153,,,,0.25
879996.947,boundary,half,1906,1906.508318,,,,
880114.320,boundary,quarter,1906,1906.755316,,,,0.75
880210.876,callback,beat,1907,1906.961148,8765.000,8770.000,5.000,
880211.033,callback,grid,1907,1906.961148,8765.000,8770.000,5.000,
880231.534,boundary,beat,1907,1907.004481,,,,
880341.928,boundary,quarter,1907,1907.260146,,,,0.25
880460.598,boundary,half,1907,1907.513645,,,,
880577.949,boundary,quarter,1907,1907.754143,,,,0.75
880647.238,callback,bar,1908,1907.918808,9213.000,9213.000,0.000,
880647.465,callback,beat,1908,1907.918808,9213.000,9213.000,0.000,
880648.054,callback,grid,1908,1907.918808,9213.000,9213.000,0.000,
880688.299,boundary,beat,1908,1908.009808,,,,
880805.634,boundary,quarter,1908,1908.263306,,,,0.25
880922.929,boundary,half,1908,1908.510304,,,,
881040.284,boundary,quarter,1908,1908.759469,,,,0.75
881117.853,callback,beat,1909,1908.939301,9682.000,9684.000,2.000,
881118.280,callback,grid,1909,1908.939301,9682.000,9684.000,2.000,
881151.017,boundary,beat,1909,1909.012967,,,,
881267.932,boundary,quarter,1909,1909.262132,,,,0.25
881385.214,boundary,half,1909,1909.509131,,,,
881502.507,boundary,quarter,1909,1909.756129,,,,0.75
881592.229,callback,beat,1910,1909.964128,10151.000,10157.000,6.000,
881592.437,callback,grid,1910,1909.964128,10151.000,10157.000,6.000,
881612.881,boundary,beat,1910,1910.013961,,,,
881730.199,boundary,quarter,1910,1910.258792,,,,0.25
881847.472,boundary,half,1910,1910.507957,,,,
881958.338,boundary,quarter,1910,1910.763622,,,,0.75
882040.725,callback,beat,1911,1910.932621,10599.000,10604.000,5.000,
882040.846,callback,grid,1911,1910.932621,10599.000,10604.000,5.000,
882075.170,boundary,beat,1911,1911.010620,,,,
882192.518,boundary,quarter,1911,1911.259785,,,,0.25
882309.808,boundary,half,1911,1911.506784,,,,
882420.805,boundary,quarter,1911,1911.764615,,,,0.75
882509.984,callback,bar,1912,1911.948781,11069.000,11073.000,4.000,
882510.131,callback,beat,1912,1911.948781,11069.000,11073.000,4.000,
882510.431,callback,grid,1912,1911.948781,11069.000,11073.000,4.000,
882537.529,boundary,beat,1912,1912.009447,,,,
882654.862,boundary,quarter,1912,1912.258612,,,,0.25
882772.133,boundary,half,1912,1912.507777,,,,
882882.538,boundary,quarter,1912,1912.759108,,,,0.75
882979.146,callback,beat,1913,1912.962774,11538.000,11541.000,3.000,
882979.375,callback,grid,1913,1912.962774,11538.000,11541.000,3.000,
882999.937,boundary,beat,1913,1913.010440,,,,
883117.141,boundary,quarter,1913,1913.257438,,,,0.25
883227.486,boundary,half,1913,1913.513103,,,,
883344.776,boundary,quarter,1913,1913.762268,,,,0.75
883427.619,callback,beat,1914,1913.931267,11986.000,11988.000,2.000,
883427.752,callback,grid,1914,1913.931267,11986.000,11988.000,2.000,
883462.073,boundary,beat,1914,1914.007100,,,,
883572.566,boundary,quarter,1914,1914.262765,,,,0.25
883689.808,boundary,half,1914,1914.511929,,,,
883807.087,boundary,quarter,1914,1914.761094,,,,0.75
883897.299,callback,beat,1915,1914.949593,12455.000,12456.000,1.000,
883897.616,callback,grid,1915,1914.949593,12455.000,12456.000,1.000,
883924.399,boundary,beat,1915,1915.008093,,,,
884034.864,boundary,quarter,1915,1915.261591,,,,0.25
884152.122,boundary,half,1915,1915.510756,,,,
884269.543,boundary,quarter,1915,1915.757754,,,,0.75
884338.396,callback,bar,1916,1915.918086,12903.000,12905.000,2.000,
884338.520,callback,beat,1916,1915.918086,12903.000,12905.000,2.000,
884338.591,callback,grid,1916,1915.918086,12903.000,12905.000,2.000,
884386.795,boundary,beat,1916,1916.009086,,,,
884497.118,boundary,quarter,1916,1916.262584,,,,0.25
884614.396,boundary,half,1916,1916.507416,,,,
884731.743,boundary,quarter,1916,1916.758747,,,,0.75
884807.637,callback,beat,1917,1916.936413,13373.000,13375.000,2.000,
884807.787,callback,grid,1917,1916.936413,13373.000,13375.000,2.000,
884842.594,boundary,beat,1917,1917.014412,,,,
884959.402,boundary,quarter,1917,1917.261410,,,,0.25
885076.667,boundary,half,1917,1917.510575,,,,
885193.980,boundary,quarter,1917,1917.755407,,,,0.75
885276.795,callback,beat,1918,1917.950406,13842.000,13843.000,1.000,
885276.943,callback,grid,1918,1917.950406,13842.000,13843.000,1.000,
885304.423,boundary,beat,1918,1918.011072,,,,
885421.743,boundary,quarter,1918,1918.260237,,,,0.25
885539.009,boundary,half,1918,1918.509402,,,,
885656.314,boundary,quarter,1918,1918.756400,,,,0.75
885732.175,callback,beat,1919,1918.931899,14290.000,14296.000,6.000,
885732.282,callback,grid,1919,1918.931899,14290.000,14296.000,6.000,
885766.709,boundary,beat,1919,1919.014232,,,,
885884.177,boundary,quarter,1919,1919.259063,,,,0.25
886001.346,boundary,half,1919,1919.506062,,,,
886105.813,boundary,quarter,1919,1919.750893,,,,0.75
886228.982,boundary,beat,1920,1920.010891,,,,
886229.027,arrangement,transition,120,1920.010891,,,,loop
886346.343,boundary,quarter,1920,1920.260056,,,,0.25
886462.635,boundary,half,1920,1920.504888,,,,
886574.021,boundary,quarter,1920,1920.760553,,,,0.75
886670.615,callback,beat,1921,1920.964218,460.000,465.000,5.000,
886670.749,callback,grid,1921,1920.964218,460.000,465.000,5.000,
886691.315,boundary,beat,1921,1921.009718,,,,
886808.590,boundary,quarter,1921,1921.258883,,,,0.25
886918.969,boundary,half,1921,1921.510214,,,,
887036.326,boundary,quarter,1921,1921.759379,,,,0.75
887119.101,callback,beat,1922,1921.930545,908.000,911.000,3.000,
887119.252,callback,grid,1922,1921.930545,908.000,911.000,3.000,
887153.651,boundary,beat,1922,1922.008544,,,,
887270.972,boundary,quarter,1922,1922.257709,,,,0.25
887381.273,boundary,half,1922,1922.511207,,,,
887498.603,boundary,quarter,1922,1922.762539,,,,0.75
887588.475,callback,beat,1923,1922.944538,1377.000,1379.000,2.000,
887588.727,callback,grid,1923,1922.944538,1377.000,1379.000,2.000,
887615.926,boundary,beat,1923,1923.007371,,,,
887727.523,boundary,quarter,1923,1923.263036,,,,0.25
887843.678,boundary,half,1923,1923.512201,,,,
887960.914,boundary,quarter,1923,1923.759199,,,,0.75
888029.916,callback,bar,1924,1923.919531,1825.000,1829.000,4.000,
888030.079,callback,beat,1924,1923.919531,1825.000,1829.000,4.000,
888030.176,callback,grid,1924,1923.919531,1825.000,1829.000,4.000,
888078.303,boundary,beat,1924,1924.008364,,,,
888188.632,boundary,quarter,1924,1924.261862,,,,0.25
888306.107,boundary,half,1924,1924.511027,,,,
888423.247,boundary,quarter,1924,1924.758025,,,,0.75
888499.113,callback,beat,1925,1924.933524,2294.000,2297.000,3.000,
888499.272,callback,grid,1925,1924.933524,2294.000,2297.000,3.000,
888540.521,boundary,beat,1925,1925.007190,,,,
888650.883,boundary,quarter,1925,1925.262855,,,,0.25
888768.200,boundary,half,1925,1925.507687,,,,
888885.522,boundary,quarter,1925,1925.759018,,,,0.75
888968.315,callback,beat,1926,1925.949684,2764.000,2766.000,2.000,
888968.503,callback,grid,1926,1925.949684,2764.000,2766.000,2.000,
888995.882,boundary,beat,1926,1926.012517,,,,
889113.217,boundary,quarter,1926,1926.259515,,,,0.25
889230.473,boundary,half,1926,1926.508680,,,,
889347.840,boundary,quarter,1926,1926.755678,,,,0.75
889416.816,callback,beat,1927,1926.918177,3212.000,3213.000,1.000,
889416.938,callback,grid,1927,1926.918177,3212.000,3213.000,1.000,
889458.233,boundary,beat,1927,1927.011343,,,,
889575.747,boundary,quarter,1927,1927.260508,,,,0.25
889692.818,boundary,half,1927,1927.507506,,,,
889803.194,boundary,quarter,1927,1927.758838,,,,0.75
889885.999,callback,bar,1928,1927.932170,3681.000,3681.000,0.000,
889886.146,callback,beat,1928,1927.932170,3681.000,3681.000,0.000,
889886.230,callback,grid,1928,1927.932170,3681.000,3681.000,0.000,
889920.513,boundary,beat,1928,1928.008003,,,,
890037.876,boundary,quarter,1928,1928.259334,,,,0.25
890155.105,boundary,half,1928,1928.506333,,,,
890265.648,boundary,quarter,1928,1928.764164,,,,0.75
890362.106,callback,beat,1929,1928.961330,4150.000,4156.000,6.000,
890362.251,callback,grid,1929,1928.961330,4150.000,4156.000,6.000,
890382.806,boundary,beat,1929,1929.011163,,,,
890500.117,boundary,quarter,1929,1929.255994,,,,0.25
890610.522,boundary,half,1929,1929.511659,,,,
890727.788,boundary,quarter,1929,1929.760824,,,,0.75
890810.723,callback,beat,1930,1929.929823,4598.000,4603.000,5.000,
890811.031,callback,grid,1930,1929.929823,4598.000,4603.000,5.000,
890845.074,boundary,beat,1930,1930.007822,,,,
890962.412,boundary,quarter,1930,1930.256987,,,,0.25
891073.075,boundary,half,1930,1930.510486,,,,
891190.100,boundary,quarter,1930,1930.759650,,,,0.75
891280.385,callback,beat,1931,1930.945983,5068.000,5072.000,4.000,
891280.528,callback,grid,1931,1930.945983,5068.000,5072.000,4.000,
891307.473,boundary,beat,1931,1931.006649,,,,
891424.936,boundary,quarter,1931,1931.255814,,,,0.25
891535.125,boundary,half,1931,1931.511479,,,,
891652.434,boundary,quarter,1931,1931.756310,,,,0.75
891749.003,callback,bar,1932,1931.959975,5537.000,5540.000,3.000,
891749.171,callback,beat,1932,1931.959975,5537.000,5540.000,3.000,
891749.280,callback,grid,1932,1931.959975,5537.000,5540.000,3.000,
891769.740,boundary,beat,1932,1932.007642,,,,
891874.565,boundary,quarter,1932,1932.250307,,,,0.25
891997.372,boundary,half,1932,1932.510305,,,,
892114.721,boundary,quarter,1932,1932.759470,,,,0.75
892190.579,callback,beat,1933,1932.932802,5985.000,5989.000,4.000,
892190.707,callback,grid,1933,1932.932802,5985.000,5989.000,4.000,
892232.011,boundary,beat,1933,1933.004302,,,,
892342.444,boundary,quarter,1933,1933.259967,,,,0.25
892459.680,boundary,half,1933,1933.509131,,,,
892577.292,boundary,quarter,1933,1933.758296,,,,0.75
892659.777,callback,beat,1934,1933.948962,6454.000,6458.000,4.000,
892659.894,callback,grid,1934,1933.948962,6454.000,6458.000,4.000,
892694.275,boundary,beat,1934,1934.005295,,,,
892804.787,boundary,quarter,1934,1934.258793,,,,0.25
892921.986,boundary,half,1934,1934.507958,,,,
893040.458,boundary,quarter,1934,1934.757123,,,,0.75
893108.311,callback,beat,1935,1934.915288,6902.000,6904.000,2.000,
893108.581,callback,grid,1935,1934.915288,6902.000,6904.000,2.000,
893149.695,boundary,beat,1935,1935.012788,,,,
893263.435,boundary,quarter,1935,1935.251119,,,,0.25
893381.833,boundary,half,1935,1935.500284,,,,
893491.094,boundary,quarter,1935,1935.751616,,,,0.75
893582.378,callback,bar,1936,1935.942281,7372.000,7378.000,6.000,
893582.842,callback,beat,1936,1935.942281,7372.000,7378.000,6.000,
893583.003,callback,grid,1936,1935.942281,7372.000,7378.000,6.000,
893608.444,boundary,beat,1936,1936.000781,,,,
893608.506,arrangement,layer,121,1936.000781,,,,true
893725.774,boundary,quarter,1936,1936.252112,,,,0.25
893851.336,boundary,half,1936,1936.516444,,,,
893953.211,boundary,quarter,1936,1936.750442,,,,0.75
894049.832,callback,beat,1937,1936.954108,7841.000,7845.000,4.000,
894050.004,callback,grid,1937,1936.954108,7841.000,7845.000,4.000,
894070.510,boundary,beat,1937,1937.001774,,,,
894194.732,boundary,quarter,1937,1937.263939,,,,0.25
894311.993,boundary,half,1937,1937.513104,,,,
894415.510,boundary,quarter,1937,1937.753602,,,,0.75
894498.300,callback,beat,1938,1937.920434,8289.000,8291.000,2.000,
894498.413,callback,grid,1938,1937.920434,8289.000,8291.000,2.000,
894539.730,boundary,beat,1938,1938.017934,,,,
894657.069,boundary,quarter,1938,1938.262765,,,,0.25
894760.525,boundary,half,1938,1938.503264,,,,
894877.838,boundary,quarter,1938,1938.752429,,,,0.75
894967.656,callback,beat,1939,1938.936594,8758.000,8760.000,2.000,
894968.755,callback,grid,1939,1938.936594,8758.000,8760.000,2.000,
894995.566,boundary,beat,1939,1939.001593,,,,
895114.984,boundary,quarter,1939,1939.250758,,,,0.25
895222.798,boundary,half,1939,1939.502090,,,,
895341.206,boundary,quarter,1939,1939.751255,,,,0.75
895438.654,callback,bar,1940,1939.957087,9228.000,9231.000,3.000,
895438.890,callback,beat,1940,1939.957087,9228.000,9231.000,3.000,
895439.373,callback,grid,1940,1939.957087,9228.000,9231.000,3.000,
895457.717,boundary,beat,1940,1940.000420,,,,
895581.734,boundary,quarter,1940,1940.262585,,,,0.25
895692.655,boundary,half,1940,1940.518250,,,,
895809.316,boundary,quarter,1940,1940.763081,,,,0.75
895892.155,callback,beat,1941,1940.936413,9676.000,9682.000,6.000,
895892.303,callback,grid,1941,1940.936413,9676.000,9682.000,6.000,
895926.603,boundary,beat,1941,1941.014413,,,,
896030.155,boundary,quarter,1941,1941.252745,,,,0.25
896154.316,boundary,half,1941,1941.514909,,,,
896271.613,boundary,quarter,1941,1941.766241,,,,0.75
896347.510,callback,beat,1942,1941.941740,10145.000,10147.000,2.000,
896347.618,callback,grid,1942,1941.941740,10145.000,10147.000,2.000,
896388.944,boundary,beat,1942,1942.011073,,,,
896499.323,boundary,quarter,1942,1942.266738,,,,0.25
896609.724,boundary,half,1942,1942.500736,,,,
896733.935,boundary,quarter,1942,1942.762901,,,,0.75
896817.037,callback,beat,1943,1942.955733,10614.000,10615.000,1.000,
896817.305,callback,grid,1943,1942.955733,10614.000,10615.000,1.000,
896844.360,boundary,beat,1943,1943.014232,,,,
896954.769,boundary,quarter,1943,1943.250397,,,,0.25
897078.894,boundary,half,1943,1943.514729,,,,
897196.338,boundary,quarter,1943,1943.761727,,,,0.75
897273.635,callback,bar,1944,1943.941559,11062.000,11070.000,8.000,
897274.056,callback,beat,1944,1943.941559,11062.000,11070.000,8.000,
897274.175,callback,grid,1944,1943.941559,11062.000,11070.000,8.000,
897299.751,boundary,beat,1944,1944.002226,,,,
897423.949,boundary,quarter,1944,1944.264390,,,,0.25
897541.226,boundary,half,1944,1944.511389,,,,
897644.752,boundary,quarter,1944,1944.751887,,,,0.75
897741.338,callback,beat,1945,1944.953386,11532.000,11537.000,5.000,
897741.494,callback,grid,1945,1944.953386,11532.000,11537.000,5.000,
897762.128,boundary,beat,1945,1945.001052,,,,
897886.203,boundary,quarter,1945,1945.265383,,,,0.25
898003.517,boundary,half,1945,1945.514548,,,,
898107.040,boundary,quarter,1945,1945.750713,,,,0.75
898189.836,callback,beat,1946,1945.921879,11980.000,11984.000,4.000,
898189.981,callback,grid,1946,1945.921879,11980.000,11984.000,4.000,
898231.233,boundary,beat,1946,1946.015045,,,,
898348.565,boundary,quarter,1946,1946.264210,,,,0.25
898465.865,boundary,half,1946,1946.513375,,,,
898570.705,boundary,quarter,1946,1946.753873,,,,0.75
898659.613,callback,beat,1947,1946.938039,12449.000,12453.000,4.000,
898659.797,callback,grid,1947,1946.938039,12449.000,12453.000,4.000,
898696.674,boundary,beat,1947,1947.022538,,,,
898811.829,boundary,quarter,1947,1947.265203,,,,0.25
898915.406,boundary,half,1947,1947.503535,,,,
899033.086,boundary,quarter,1947,1947.752700,,,,0.75
899129.118,callback,bar,1948,1947.952032,12918.000,12921.000,3.000,
899129.249,callback,beat,1948,1947.952032,12918.000,12921.000,3.000,
899129.328,callback,grid,1948,1947.952032,12918.000,12921.000,3.000,
899153.212,boundary,beat,1948,1948.008365,,,,
899274.044,boundary,quarter,1948,1948.261863,,,,0.25
899377.522,boundary,half,1948,1948.504528,,,,
899494.819,boundary,quarter,1948,1948.751526,,,,0.75
899577.599,callback,beat,1949,1948.924858,13366.000,13368.000,2.000,
899577.733,callback,grid,1949,1948.924858,13366.000,13368.000,2.000,
899619.103,boundary,beat,1949,1949.015858,,,,
899722.558,boundary,quarter,1949,1949.252023,,,,0.25
899839.802,boundary,half,1949,1949.501188,,,,
899957.128,boundary,quarter,1949,1949.750352,,,,0.75
